-- MariaDB dump 10.19  Distrib 10.5.12-MariaDB, for debian-linux-gnu (x86_64)
--
-- Host: localhost    Database: marketplace
-- ------------------------------------------------------
-- Server version	10.5.12-MariaDB-0+deb11u1

/*!40101 SET @OLD_CHARACTER_SET_CLIENT=@@CHARACTER_SET_CLIENT */;
/*!40101 SET @OLD_CHARACTER_SET_RESULTS=@@CHARACTER_SET_RESULTS */;
/*!40101 SET @OLD_COLLATION_CONNECTION=@@COLLATION_CONNECTION */;
/*!40101 SET NAMES utf8mb4 */;
/*!40103 SET @OLD_TIME_ZONE=@@TIME_ZONE */;
/*!40103 SET TIME_ZONE='+00:00' */;
/*!40014 SET @OLD_UNIQUE_CHECKS=@@UNIQUE_CHECKS, UNIQUE_CHECKS=0 */;
/*!40014 SET @OLD_FOREIGN_KEY_CHECKS=@@FOREIGN_KEY_CHECKS, FOREIGN_KEY_CHECKS=0 */;
/*!40101 SET @OLD_SQL_MODE=@@SQL_MODE, SQL_MODE='NO_AUTO_VALUE_ON_ZERO' */;
/*!40111 SET @OLD_SQL_NOTES=@@SQL_NOTES, SQL_NOTES=0 */;

--
-- Table structure for table `addresses`
--

DROP TABLE IF EXISTS `addresses`;
/*!40101 SET @saved_cs_client     = @@character_set_client */;
/*!40101 SET character_set_client = utf8 */;
CREATE TABLE `addresses` (
  `id` char(36) COLLATE utf8mb4_unicode_ci NOT NULL,
  `user_id` char(36) COLLATE utf8mb4_unicode_ci NOT NULL,
  `address` text COLLATE utf8mb4_unicode_ci NOT NULL,
  `pubkey` text COLLATE utf8mb4_unicode_ci DEFAULT NULL,
  `coin` varchar(10) COLLATE utf8mb4_unicode_ci NOT NULL,
  `created_at` timestamp NULL DEFAULT NULL,
  `updated_at` timestamp NULL DEFAULT NULL,
  PRIMARY KEY (`id`),
  KEY `addresses_user_id_foreign` (`user_id`),
  CONSTRAINT `addresses_user_id_foreign` FOREIGN KEY (`user_id`) REFERENCES `users` (`id`) ON DELETE CASCADE
) ENGINE=InnoDB DEFAULT CHARSET=utf8mb4 COLLATE=utf8mb4_unicode_ci;
/*!40101 SET character_set_client = @saved_cs_client */;

--
-- Dumping data for table `addresses`
--

LOCK TABLES `addresses` WRITE;
/*!40000 ALTER TABLE `addresses` DISABLE KEYS */;
/*!40000 ALTER TABLE `addresses` ENABLE KEYS */;
UNLOCK TABLES;

--
-- Table structure for table `admins`
--

DROP TABLE IF EXISTS `admins`;
/*!40101 SET @saved_cs_client     = @@character_set_client */;
/*!40101 SET character_set_client = utf8 */;
CREATE TABLE `admins` (
  `id` char(36) COLLATE utf8mb4_unicode_ci NOT NULL,
  `created_at` timestamp NULL DEFAULT NULL,
  `updated_at` timestamp NULL DEFAULT NULL,
  PRIMARY KEY (`id`),
  CONSTRAINT `admins_id_foreign` FOREIGN KEY (`id`) REFERENCES `users` (`id`) ON DELETE CASCADE
) ENGINE=InnoDB DEFAULT CHARSET=utf8mb4 COLLATE=utf8mb4_unicode_ci;
/*!40101 SET character_set_client = @saved_cs_client */;

--
-- Dumping data for table `admins`
--

LOCK TABLES `admins` WRITE;
/*!40000 ALTER TABLE `admins` DISABLE KEYS */;
INSERT INTO `admins` VALUES ('f96af970-951d-11ec-8efc-a1c1d5aa29ca','2022-02-24 03:00:51','2022-02-24 03:00:51');
/*!40000 ALTER TABLE `admins` ENABLE KEYS */;
UNLOCK TABLES;

--
-- Table structure for table `bans`
--

DROP TABLE IF EXISTS `bans`;
/*!40101 SET @saved_cs_client     = @@character_set_client */;
/*!40101 SET character_set_client = utf8 */;
CREATE TABLE `bans` (
  `id` char(36) COLLATE utf8mb4_unicode_ci NOT NULL,
  `user_id` char(36) COLLATE utf8mb4_unicode_ci NOT NULL,
  `until` datetime NOT NULL,
  `created_at` timestamp NULL DEFAULT NULL,
  `updated_at` timestamp NULL DEFAULT NULL,
  PRIMARY KEY (`id`),
  KEY `bans_user_id_foreign` (`user_id`),
  CONSTRAINT `bans_user_id_foreign` FOREIGN KEY (`user_id`) REFERENCES `users` (`id`) ON DELETE CASCADE
) ENGINE=InnoDB DEFAULT CHARSET=utf8mb4 COLLATE=utf8mb4_unicode_ci;
/*!40101 SET character_set_client = @saved_cs_client */;

--
-- Dumping data for table `bans`
--

LOCK TABLES `bans` WRITE;
/*!40000 ALTER TABLE `bans` DISABLE KEYS */;
/*!40000 ALTER TABLE `bans` ENABLE KEYS */;
UNLOCK TABLES;

--
-- Table structure for table `categories`
--

DROP TABLE IF EXISTS `categories`;
/*!40101 SET @saved_cs_client     = @@character_set_client */;
/*!40101 SET character_set_client = utf8 */;
CREATE TABLE `categories` (
  `id` char(36) COLLATE utf8mb4_unicode_ci NOT NULL,
  `parent_id` char(36) COLLATE utf8mb4_unicode_ci DEFAULT NULL,
  `name` varchar(255) COLLATE utf8mb4_unicode_ci NOT NULL,
  `created_at` timestamp NULL DEFAULT NULL,
  `updated_at` timestamp NULL DEFAULT NULL,
  PRIMARY KEY (`id`),
  KEY `categories_parent_id_foreign` (`parent_id`),
  CONSTRAINT `categories_parent_id_foreign` FOREIGN KEY (`parent_id`) REFERENCES `categories` (`id`) ON DELETE SET NULL
) ENGINE=InnoDB DEFAULT CHARSET=utf8mb4 COLLATE=utf8mb4_unicode_ci;
/*!40101 SET character_set_client = @saved_cs_client */;

--
-- Dumping data for table `categories`
--

LOCK TABLES `categories` WRITE;
/*!40000 ALTER TABLE `categories` DISABLE KEYS */;
INSERT INTO `categories` VALUES ('04c4a1a0-951e-11ec-91ee-f1963301404d',NULL,'Drinks','2022-02-24 03:01:10','2022-02-24 03:01:10'),('04c4dd20-951e-11ec-843e-6b4d5bc6f7fc','04c4a1a0-951e-11ec-91ee-f1963301404d','Non-Alcoholic','2022-02-24 03:01:10','2022-02-24 03:01:10'),('04c50450-951e-11ec-b972-453f90ae7d04','04c4a1a0-951e-11ec-91ee-f1963301404d','Alcoholic','2022-02-24 03:01:10','2022-02-24 03:01:10'),('04c529d0-951e-11ec-98ee-0db9edcc8b17','04c50450-951e-11ec-b972-453f90ae7d04','Beer','2022-02-24 03:01:10','2022-02-24 03:01:10'),('04c54fb0-951e-11ec-9e29-b9005dd7f967','04c50450-951e-11ec-b972-453f90ae7d04','Vine','2022-02-24 03:01:10','2022-02-24 03:01:10'),('04c57670-951e-11ec-87dd-27d483285c87','04c4dd20-951e-11ec-843e-6b4d5bc6f7fc','Sodas','2022-02-24 03:01:10','2022-02-24 03:01:10'),('04c58e90-951e-11ec-9e56-43e71eb77a1a','04c4dd20-951e-11ec-843e-6b4d5bc6f7fc','Juices','2022-02-24 03:01:10','2022-02-24 03:01:10'),('4fd6dd10-951e-11ec-8a86-7fada936d154',NULL,'Drinks','2022-02-24 03:03:16','2022-02-24 03:03:16'),('4fd70a40-951e-11ec-a301-994ebe8f7fce','4fd6dd10-951e-11ec-8a86-7fada936d154','Non-Alcoholic','2022-02-24 03:03:16','2022-02-24 03:03:16'),('4fd72a60-951e-11ec-a2dd-77513cb9e858','4fd6dd10-951e-11ec-8a86-7fada936d154','Alcoholic','2022-02-24 03:03:16','2022-02-24 03:03:16'),('4fd749f0-951e-11ec-bd7c-dbb6c368a30b','4fd72a60-951e-11ec-a2dd-77513cb9e858','Beer','2022-02-24 03:03:16','2022-02-24 03:03:16'),('4fd76940-951e-11ec-8d07-87cbd104a9ff','4fd72a60-951e-11ec-a2dd-77513cb9e858','Vine','2022-02-24 03:03:16','2022-02-24 03:03:16'),('4fd78860-951e-11ec-9103-a9eb4bee0c56','4fd70a40-951e-11ec-a301-994ebe8f7fce','Sodas','2022-02-24 03:03:16','2022-02-24 03:03:16'),('4fd7a790-951e-11ec-ba89-cb5150d44a92','4fd70a40-951e-11ec-a301-994ebe8f7fce','Juices','2022-02-24 03:03:16','2022-02-24 03:03:16');
/*!40000 ALTER TABLE `categories` ENABLE KEYS */;
UNLOCK TABLES;

--
-- Table structure for table `conversations`
--

DROP TABLE IF EXISTS `conversations`;
/*!40101 SET @saved_cs_client     = @@character_set_client */;
/*!40101 SET character_set_client = utf8 */;
CREATE TABLE `conversations` (
  `id` char(36) COLLATE utf8mb4_unicode_ci NOT NULL,
  `sender_id` char(36) COLLATE utf8mb4_unicode_ci DEFAULT NULL,
  `receiver_id` char(36) COLLATE utf8mb4_unicode_ci NOT NULL,
  `created_at` timestamp NULL DEFAULT NULL,
  `updated_at` timestamp NULL DEFAULT NULL,
  PRIMARY KEY (`id`),
  KEY `conversations_sender_id_foreign` (`sender_id`),
  KEY `conversations_receiver_id_foreign` (`receiver_id`),
  CONSTRAINT `conversations_receiver_id_foreign` FOREIGN KEY (`receiver_id`) REFERENCES `users` (`id`) ON DELETE CASCADE,
  CONSTRAINT `conversations_sender_id_foreign` FOREIGN KEY (`sender_id`) REFERENCES `users` (`id`) ON DELETE CASCADE
) ENGINE=InnoDB DEFAULT CHARSET=utf8mb4 COLLATE=utf8mb4_unicode_ci;
/*!40101 SET character_set_client = @saved_cs_client */;

--
-- Dumping data for table `conversations`
--

LOCK TABLES `conversations` WRITE;
/*!40000 ALTER TABLE `conversations` DISABLE KEYS */;
/*!40000 ALTER TABLE `conversations` ENABLE KEYS */;
UNLOCK TABLES;

--
-- Table structure for table `digital_products`
--

DROP TABLE IF EXISTS `digital_products`;
/*!40101 SET @saved_cs_client     = @@character_set_client */;
/*!40101 SET character_set_client = utf8 */;
CREATE TABLE `digital_products` (
  `id` char(36) COLLATE utf8mb4_unicode_ci NOT NULL,
  `autodelivery` tinyint(1) NOT NULL DEFAULT 0,
  `content` text COLLATE utf8mb4_unicode_ci DEFAULT NULL,
  `created_at` timestamp NULL DEFAULT NULL,
  `updated_at` timestamp NULL DEFAULT NULL,
  PRIMARY KEY (`id`),
  CONSTRAINT `digital_products_id_foreign` FOREIGN KEY (`id`) REFERENCES `products` (`id`) ON DELETE CASCADE
) ENGINE=InnoDB DEFAULT CHARSET=utf8mb4 COLLATE=utf8mb4_unicode_ci;
/*!40101 SET character_set_client = @saved_cs_client */;

--
-- Dumping data for table `digital_products`
--

LOCK TABLES `digital_products` WRITE;
/*!40000 ALTER TABLE `digital_products` DISABLE KEYS */;
INSERT INTO `digital_products` VALUES ('33e74530-951f-11ec-9431-456bbf6cfb6d',0,'','2022-02-24 03:11:44','2022-02-24 03:11:44'),('9a8bce60-951e-11ec-b615-5b37adc18ad2',0,'','2022-02-24 03:07:26','2022-02-24 03:07:26'),('c92fe120-951f-11ec-8028-79442e204b9f',0,'','2022-02-24 03:13:49','2022-02-24 03:13:49'),('c9357130-951f-11ec-9631-51f55381712f',0,'','2022-02-24 03:13:49','2022-02-24 03:13:49'),('c938e4b0-951f-11ec-a3cb-9da3b26d980d',0,'','2022-02-24 03:13:49','2022-02-24 03:13:49'),('c93bdd30-951f-11ec-a880-ebb78d86d807',0,'','2022-02-24 03:13:49','2022-02-24 03:13:49'),('c93ec980-951f-11ec-a113-2fe085b405ae',0,'','2022-02-24 03:13:49','2022-02-24 03:13:49'),('c941a150-951f-11ec-afe3-0d447f2b6998',0,'','2022-02-24 03:13:49','2022-02-24 03:13:49'),('c9457340-951f-11ec-abb1-5fc61040420d',0,'','2022-02-24 03:13:49','2022-02-24 03:13:49'),('c9485a20-951f-11ec-b628-3313ad000f94',0,'','2022-02-24 03:13:49','2022-02-24 03:13:49'),('c94b2450-951f-11ec-97cf-0b5600fde676',0,'','2022-02-24 03:13:49','2022-02-24 03:13:49'),('c94de5f0-951f-11ec-bd60-198c9dfe1271',0,'','2022-02-24 03:13:49','2022-02-24 03:13:49'),('c9509040-951f-11ec-8631-474af0e163b7',0,'','2022-02-24 03:13:49','2022-02-24 03:13:49'),('c95396a0-951f-11ec-bbc5-5171d5a4e48e',0,'','2022-02-24 03:13:49','2022-02-24 03:13:49'),('c956a8b0-951f-11ec-be8b-799783971485',0,'','2022-02-24 03:13:49','2022-02-24 03:13:49'),('c9596150-951f-11ec-a945-ddea3752d94f',0,'','2022-02-24 03:13:49','2022-02-24 03:13:49'),('c95c6560-951f-11ec-a11b-2d13e81e488a',0,'','2022-02-24 03:13:49','2022-02-24 03:13:49'),('c95f8320-951f-11ec-9a7c-59fe022b2e6d',0,'','2022-02-24 03:13:49','2022-02-24 03:13:49'),('c9624610-951f-11ec-8afb-992a7a6c6a51',0,'','2022-02-24 03:13:49','2022-02-24 03:13:49'),('c964e610-951f-11ec-bdc9-4503f2df7b0e',0,'','2022-02-24 03:13:49','2022-02-24 03:13:49'),('c967c760-951f-11ec-aa8d-97c7482cf98a',0,'','2022-02-24 03:13:49','2022-02-24 03:13:49'),('c96a7a60-951f-11ec-af1a-25c31a55dbb5',0,'','2022-02-24 03:13:49','2022-02-24 03:13:49'),('c96d1450-951f-11ec-b346-d17bd2b2c11f',0,'','2022-02-24 03:13:49','2022-02-24 03:13:49'),('c96fa300-951f-11ec-b22b-d97f112a443f',0,'','2022-02-24 03:13:49','2022-02-24 03:13:49'),('c9728f10-951f-11ec-b808-45586e833497',0,'','2022-02-24 03:13:49','2022-02-24 03:13:49'),('c9756280-951f-11ec-8452-23cb17ba7a4c',0,'','2022-02-24 03:13:49','2022-02-24 03:13:49'),('c9788960-951f-11ec-b337-e71b0b7a51c5',0,'','2022-02-24 03:13:49','2022-02-24 03:13:49'),('c97b8940-951f-11ec-9d59-d3030e7851f9',0,'','2022-02-24 03:13:49','2022-02-24 03:13:49'),('c97e5f00-951f-11ec-b2a3-ddcd82ec4225',0,'','2022-02-24 03:13:49','2022-02-24 03:13:49'),('c980f480-951f-11ec-ac5c-c72b50f558d8',0,'','2022-02-24 03:13:49','2022-02-24 03:13:49'),('c9850480-951f-11ec-af9e-7136275a380f',0,'','2022-02-24 03:13:49','2022-02-24 03:13:49'),('c987fda0-951f-11ec-8d05-b1db3ce073a3',0,'','2022-02-24 03:13:49','2022-02-24 03:13:49'),('c98d66c0-951f-11ec-80e7-97813b50f4ba',0,'','2022-02-24 03:13:49','2022-02-24 03:13:49'),('c9921a60-951f-11ec-8072-ddb8715172e2',0,'','2022-02-24 03:13:50','2022-02-24 03:13:50'),('c99724c0-951f-11ec-8d48-c3d7ddeaaf94',0,'','2022-02-24 03:13:50','2022-02-24 03:13:50'),('c99ab3f0-951f-11ec-8b2d-e99ce19b672c',0,'','2022-02-24 03:13:50','2022-02-24 03:13:50'),('c99e9630-951f-11ec-820c-f15e8a27f208',0,'','2022-02-24 03:13:50','2022-02-24 03:13:50'),('c9a12750-951f-11ec-a6ef-31cb707456ab',0,'','2022-02-24 03:13:50','2022-02-24 03:13:50'),('c9a431f0-951f-11ec-92e0-ab1c40bf89ce',0,'','2022-02-24 03:13:50','2022-02-24 03:13:50'),('c9a75fa0-951f-11ec-8a2a-0502283778c9',0,'','2022-02-24 03:13:50','2022-02-24 03:13:50'),('c9aa2ce0-951f-11ec-a37a-15ff8a5fe281',0,'','2022-02-24 03:13:50','2022-02-24 03:13:50'),('c9ad1dc0-951f-11ec-b24c-db99f2938f2d',0,'','2022-02-24 03:13:50','2022-02-24 03:13:50'),('c9b05880-951f-11ec-b975-a7d8470aecc4',0,'','2022-02-24 03:13:50','2022-02-24 03:13:50'),('c9b34ec0-951f-11ec-a83b-e90331ef0b0b',0,'','2022-02-24 03:13:50','2022-02-24 03:13:50'),('c9b69840-951f-11ec-99de-35e1b2ec793f',0,'','2022-02-24 03:13:50','2022-02-24 03:13:50'),('c9b99260-951f-11ec-951f-c1a8e21dce6d',0,'','2022-02-24 03:13:50','2022-02-24 03:13:50'),('c9bc1a70-951f-11ec-8864-5bc85fe1d01d',0,'','2022-02-24 03:13:50','2022-02-24 03:13:50'),('c9bf10e0-951f-11ec-869e-a1344c3b4ecf',0,'','2022-02-24 03:13:50','2022-02-24 03:13:50'),('c9c1acc0-951f-11ec-9d3b-8b4244e32d9f',0,'','2022-02-24 03:13:50','2022-02-24 03:13:50'),('c9c48a10-951f-11ec-b54c-337f030d5dd4',0,'','2022-02-24 03:13:50','2022-02-24 03:13:50');
/*!40000 ALTER TABLE `digital_products` ENABLE KEYS */;
UNLOCK TABLES;

--
-- Table structure for table `dispute_messages`
--

DROP TABLE IF EXISTS `dispute_messages`;
/*!40101 SET @saved_cs_client     = @@character_set_client */;
/*!40101 SET character_set_client = utf8 */;
CREATE TABLE `dispute_messages` (
  `id` char(36) COLLATE utf8mb4_unicode_ci NOT NULL,
  `message` text COLLATE utf8mb4_unicode_ci NOT NULL,
  `author_id` char(36) COLLATE utf8mb4_unicode_ci NOT NULL,
  `dispute_id` char(36) COLLATE utf8mb4_unicode_ci NOT NULL,
  `created_at` timestamp NULL DEFAULT NULL,
  `updated_at` timestamp NULL DEFAULT NULL,
  PRIMARY KEY (`id`),
  KEY `dispute_messages_author_id_foreign` (`author_id`),
  KEY `dispute_messages_dispute_id_foreign` (`dispute_id`),
  CONSTRAINT `dispute_messages_author_id_foreign` FOREIGN KEY (`author_id`) REFERENCES `users` (`id`) ON DELETE CASCADE,
  CONSTRAINT `dispute_messages_dispute_id_foreign` FOREIGN KEY (`dispute_id`) REFERENCES `disputes` (`id`) ON DELETE CASCADE
) ENGINE=InnoDB DEFAULT CHARSET=utf8mb4 COLLATE=utf8mb4_unicode_ci;
/*!40101 SET character_set_client = @saved_cs_client */;

--
-- Dumping data for table `dispute_messages`
--

LOCK TABLES `dispute_messages` WRITE;
/*!40000 ALTER TABLE `dispute_messages` DISABLE KEYS */;
/*!40000 ALTER TABLE `dispute_messages` ENABLE KEYS */;
UNLOCK TABLES;

--
-- Table structure for table `disputes`
--

DROP TABLE IF EXISTS `disputes`;
/*!40101 SET @saved_cs_client     = @@character_set_client */;
/*!40101 SET character_set_client = utf8 */;
CREATE TABLE `disputes` (
  `id` char(36) COLLATE utf8mb4_unicode_ci NOT NULL,
  `winner_id` char(36) COLLATE utf8mb4_unicode_ci DEFAULT NULL,
  `created_at` timestamp NULL DEFAULT NULL,
  `updated_at` timestamp NULL DEFAULT NULL,
  PRIMARY KEY (`id`),
  KEY `disputes_winner_id_foreign` (`winner_id`),
  CONSTRAINT `disputes_winner_id_foreign` FOREIGN KEY (`winner_id`) REFERENCES `users` (`id`) ON DELETE SET NULL
) ENGINE=InnoDB DEFAULT CHARSET=utf8mb4 COLLATE=utf8mb4_unicode_ci;
/*!40101 SET character_set_client = @saved_cs_client */;

--
-- Dumping data for table `disputes`
--

LOCK TABLES `disputes` WRITE;
/*!40000 ALTER TABLE `disputes` DISABLE KEYS */;
/*!40000 ALTER TABLE `disputes` ENABLE KEYS */;
UNLOCK TABLES;

--
-- Table structure for table `feedback`
--

DROP TABLE IF EXISTS `feedback`;
/*!40101 SET @saved_cs_client     = @@character_set_client */;
/*!40101 SET character_set_client = utf8 */;
CREATE TABLE `feedback` (
  `id` char(36) COLLATE utf8mb4_unicode_ci NOT NULL,
  `vendor_id` char(36) COLLATE utf8mb4_unicode_ci NOT NULL,
  `buyer_id` char(36) COLLATE utf8mb4_unicode_ci DEFAULT NULL,
  `product_id` char(36) COLLATE utf8mb4_unicode_ci DEFAULT NULL,
  `product_name` text COLLATE utf8mb4_unicode_ci NOT NULL,
  `product_value` decimal(16,2) NOT NULL,
  `type` enum('positive','neutral','negative') COLLATE utf8mb4_unicode_ci NOT NULL,
  `quality_rate` tinyint(4) NOT NULL,
  `communication_rate` tinyint(4) NOT NULL,
  `shipping_rate` tinyint(4) NOT NULL,
  `comment` text COLLATE utf8mb4_unicode_ci NOT NULL,
  `created_at` timestamp NULL DEFAULT NULL,
  `updated_at` timestamp NULL DEFAULT NULL,
  PRIMARY KEY (`id`),
  KEY `feedback_vendor_id_foreign` (`vendor_id`),
  KEY `feedback_product_id_foreign` (`product_id`),
  KEY `feedback_buyer_id_foreign` (`buyer_id`),
  CONSTRAINT `feedback_buyer_id_foreign` FOREIGN KEY (`buyer_id`) REFERENCES `users` (`id`) ON DELETE SET NULL,
  CONSTRAINT `feedback_product_id_foreign` FOREIGN KEY (`product_id`) REFERENCES `products` (`id`) ON DELETE SET NULL,
  CONSTRAINT `feedback_vendor_id_foreign` FOREIGN KEY (`vendor_id`) REFERENCES `vendors` (`id`) ON DELETE CASCADE
) ENGINE=InnoDB DEFAULT CHARSET=utf8mb4 COLLATE=utf8mb4_unicode_ci;
/*!40101 SET character_set_client = @saved_cs_client */;

--
-- Dumping data for table `feedback`
--

LOCK TABLES `feedback` WRITE;
/*!40000 ALTER TABLE `feedback` DISABLE KEYS */;
/*!40000 ALTER TABLE `feedback` ENABLE KEYS */;
UNLOCK TABLES;

--
-- Table structure for table `images`
--

DROP TABLE IF EXISTS `images`;
/*!40101 SET @saved_cs_client     = @@character_set_client */;
/*!40101 SET character_set_client = utf8 */;
CREATE TABLE `images` (
  `id` char(36) COLLATE utf8mb4_unicode_ci NOT NULL,
  `product_id` char(36) COLLATE utf8mb4_unicode_ci NOT NULL,
  `image` text COLLATE utf8mb4_unicode_ci NOT NULL,
  `first` tinyint(1) NOT NULL,
  `created_at` timestamp NULL DEFAULT NULL,
  `updated_at` timestamp NULL DEFAULT NULL,
  PRIMARY KEY (`id`),
  KEY `images_product_id_foreign` (`product_id`),
  CONSTRAINT `images_product_id_foreign` FOREIGN KEY (`product_id`) REFERENCES `products` (`id`) ON DELETE CASCADE
) ENGINE=InnoDB DEFAULT CHARSET=utf8mb4 COLLATE=utf8mb4_unicode_ci;
/*!40101 SET character_set_client = @saved_cs_client */;

--
-- Dumping data for table `images`
--

LOCK TABLES `images` WRITE;
/*!40000 ALTER TABLE `images` DISABLE KEYS */;
INSERT INTO `images` VALUES ('33e4b740-951f-11ec-9859-fbd9d5050aed','e5265150-951e-11ec-90f3-833aa8d87093','products/',1,'2022-02-24 03:09:38','2022-02-24 03:09:38'),('7e8402b0-951f-11ec-b94f-1b5544b99de1','33e74530-951f-11ec-9431-456bbf6cfb6d','products/',1,'2022-02-24 03:11:44','2022-02-24 03:11:44'),('9a896b80-951e-11ec-9a17-d9a853c55677','4fd82b70-951e-11ec-bc48-074ed8b89289','products/',1,'2022-02-24 03:05:21','2022-02-24 03:05:21'),('c920ece0-951f-11ec-b8e7-f7de24ca9982','7e87bd90-951f-11ec-9769-fdb0c055a528','products/',1,'2022-02-24 03:13:49','2022-02-24 03:13:49'),('c932b400-951f-11ec-9927-7bdb5ecd6d73','c92fe120-951f-11ec-8028-79442e204b9f','products/',1,'2022-02-24 03:13:49','2022-02-24 03:13:49'),('c934fcf0-951f-11ec-814a-25cfd1ae8f6d','c9333520-951f-11ec-a88f-63540617013b','products/',1,'2022-02-24 03:13:49','2022-02-24 03:13:49'),('c9371820-951f-11ec-98d9-4316f95c2590','c9357130-951f-11ec-9631-51f55381712f','products/',1,'2022-02-24 03:13:49','2022-02-24 03:13:49'),('c93894b0-951f-11ec-97c3-f9f8d0296743','c9378a20-951f-11ec-a2c6-71c184a47a9e','products/',1,'2022-02-24 03:13:49','2022-02-24 03:13:49'),('c939ffc0-951f-11ec-80ab-cbbd2221adc2','c938e4b0-951f-11ec-a3cb-9da3b26d980d','products/',1,'2022-02-24 03:13:49','2022-02-24 03:13:49'),('c93b88a0-951f-11ec-950e-29512b00c59e','c93a5070-951f-11ec-95e4-23b3d5a965bf','products/',1,'2022-02-24 03:13:49','2022-02-24 03:13:49'),('c93d0a00-951f-11ec-a11b-b59923efef9b','c93bdd30-951f-11ec-a880-ebb78d86d807','products/',1,'2022-02-24 03:13:49','2022-02-24 03:13:49'),('c93e7ea0-951f-11ec-a9ef-cb9a5f5aecd4','c93d7530-951f-11ec-8e87-95e12ad8d85a','products/',1,'2022-02-24 03:13:49','2022-02-24 03:13:49'),('c94012f0-951f-11ec-b86f-d585f6d09b77','c93ec980-951f-11ec-a113-2fe085b405ae','products/',1,'2022-02-24 03:13:49','2022-02-24 03:13:49'),('c9415470-951f-11ec-aafe-c3551e6d1190','c9406060-951f-11ec-b0f4-fd830803062a','products/',1,'2022-02-24 03:13:49','2022-02-24 03:13:49'),('c9434410-951f-11ec-b5f1-e11c7450ea39','c941a150-951f-11ec-afe3-0d447f2b6998','products/',1,'2022-02-24 03:13:49','2022-02-24 03:13:49'),('c94523f0-951f-11ec-ac54-4921d586efc3','c943b300-951f-11ec-a8de-ab0c51ad3638','products/',1,'2022-02-24 03:13:49','2022-02-24 03:13:49'),('c94695c0-951f-11ec-b6fd-710995428b3f','c9457340-951f-11ec-abb1-5fc61040420d','products/',1,'2022-02-24 03:13:49','2022-02-24 03:13:49'),('c9480b80-951f-11ec-b619-c9f638e2d3a2','c946e460-951f-11ec-a99e-cf0d916133f0','products/',1,'2022-02-24 03:13:49','2022-02-24 03:13:49'),('c94974d0-951f-11ec-8adc-3d19ec340391','c9485a20-951f-11ec-b628-3313ad000f94','products/',1,'2022-02-24 03:13:49','2022-02-24 03:13:49'),('c94ad680-951f-11ec-b3e0-d90dc54049b1','c949c380-951f-11ec-a94c-214847afba18','products/',1,'2022-02-24 03:13:49','2022-02-24 03:13:49'),('c94c4040-951f-11ec-90f5-8bd5c36a56e9','c94b2450-951f-11ec-97cf-0b5600fde676','products/',1,'2022-02-24 03:13:49','2022-02-24 03:13:49'),('c94d9820-951f-11ec-8c73-67566992e1ea','c94c8f00-951f-11ec-92e9-7dae7670a915','products/',1,'2022-02-24 03:13:49','2022-02-24 03:13:49'),('c94edae0-951f-11ec-a4cf-53e1dc2211f7','c94de5f0-951f-11ec-bd60-198c9dfe1271','products/',1,'2022-02-24 03:13:49','2022-02-24 03:13:49'),('c9504240-951f-11ec-80bb-61b6fffe64da','c94f2930-951f-11ec-aee5-879a10525ad9','products/',1,'2022-02-24 03:13:49','2022-02-24 03:13:49'),('c951bb20-951f-11ec-8077-7547854a1175','c9509040-951f-11ec-8631-474af0e163b7','products/',1,'2022-02-24 03:13:49','2022-02-24 03:13:49'),('c95348d0-951f-11ec-a0b4-5592178d2742','c95208e0-951f-11ec-8683-efc062795a11','products/',1,'2022-02-24 03:13:49','2022-02-24 03:13:49'),('c954b250-951f-11ec-9a05-691ca9879046','c95396a0-951f-11ec-bbc5-5171d5a4e48e','products/',1,'2022-02-24 03:13:49','2022-02-24 03:13:49'),('c9565b20-951f-11ec-b809-2fffb6a17d4a','c9550070-951f-11ec-9b8a-436c4291a89d','products/',1,'2022-02-24 03:13:49','2022-02-24 03:13:49'),('c957af10-951f-11ec-ab90-1d7fc6494ec3','c956a8b0-951f-11ec-be8b-799783971485','products/',1,'2022-02-24 03:13:49','2022-02-24 03:13:49'),('c9591380-951f-11ec-b63c-fdeb97ee3d14','c957fca0-951f-11ec-b568-73fc1264a937','products/',1,'2022-02-24 03:13:49','2022-02-24 03:13:49'),('c95a8820-951f-11ec-86c4-57202bd3aadd','c9596150-951f-11ec-a945-ddea3752d94f','products/',1,'2022-02-24 03:13:49','2022-02-24 03:13:49'),('c95c1710-951f-11ec-8b80-cf6b6361c7de','c95ad6b0-951f-11ec-9616-77b2a74a2b37','products/',1,'2022-02-24 03:13:49','2022-02-24 03:13:49'),('c95d7080-951f-11ec-a4f6-e3c7a77c275e','c95c6560-951f-11ec-a11b-2d13e81e488a','products/',1,'2022-02-24 03:13:49','2022-02-24 03:13:49'),('c95f33e0-951f-11ec-9083-e7e8137e8e3f','c95dbee0-951f-11ec-bd2e-0586b03c22e1','products/',1,'2022-02-24 03:13:49','2022-02-24 03:13:49'),('c9608800-951f-11ec-b928-bdc53a721275','c95f8320-951f-11ec-9a7c-59fe022b2e6d','products/',1,'2022-02-24 03:13:49','2022-02-24 03:13:49'),('c961f760-951f-11ec-99a3-1def44801d15','c960d540-951f-11ec-b292-117a2e5fe34e','products/',1,'2022-02-24 03:13:49','2022-02-24 03:13:49'),('c96346e0-951f-11ec-8935-c73fc2a66522','c9624610-951f-11ec-8afb-992a7a6c6a51','products/',1,'2022-02-24 03:13:49','2022-02-24 03:13:49'),('c9649870-951f-11ec-b06c-6be725902248','c9639530-951f-11ec-9148-8d6764038466','products/',1,'2022-02-24 03:13:49','2022-02-24 03:13:49'),('c965f6c0-951f-11ec-9b6c-4bce2dd20a15','c964e610-951f-11ec-bdc9-4503f2df7b0e','products/',1,'2022-02-24 03:13:49','2022-02-24 03:13:49'),('c96778c0-951f-11ec-aa82-77ea3d6b19a5','c96644c0-951f-11ec-b5c3-d5abe3aa1f64','products/',1,'2022-02-24 03:13:49','2022-02-24 03:13:49'),('c968f360-951f-11ec-a652-e793562fb269','c967c760-951f-11ec-aa8d-97c7482cf98a','products/',1,'2022-02-24 03:13:49','2022-02-24 03:13:49'),('c96a2bf0-951f-11ec-973d-abed0097db9c','c9694220-951f-11ec-ba36-69fadee5bfdf','products/',1,'2022-02-24 03:13:49','2022-02-24 03:13:49'),('c96b65e0-951f-11ec-8dce-93feace5f2f2','c96a7a60-951f-11ec-af1a-25c31a55dbb5','products/',1,'2022-02-24 03:13:49','2022-02-24 03:13:49'),('c96cc620-951f-11ec-9cf3-d7ebca98967f','c96bb350-951f-11ec-be41-a583b470667f','products/',1,'2022-02-24 03:13:49','2022-02-24 03:13:49'),('c96e1f20-951f-11ec-9b18-0f685c2b6826','c96d1450-951f-11ec-b346-d17bd2b2c11f','products/',1,'2022-02-24 03:13:49','2022-02-24 03:13:49'),('c96f5360-951f-11ec-9c49-4df98a4cb011','c96e6bd0-951f-11ec-b510-5386606c8397','products/',1,'2022-02-24 03:13:49','2022-02-24 03:13:49'),('c9709600-951f-11ec-bd7e-433d3d81622f','c96fa300-951f-11ec-b22b-d97f112a443f','products/',1,'2022-02-24 03:13:49','2022-02-24 03:13:49'),('c9722300-951f-11ec-b511-39a2662bb9c7','c970e320-951f-11ec-9a18-f5520ba89787','products/',1,'2022-02-24 03:13:49','2022-02-24 03:13:49'),('c973dd90-951f-11ec-b7b8-6547f7d22d7e','c9728f10-951f-11ec-b808-45586e833497','products/',1,'2022-02-24 03:13:49','2022-02-24 03:13:49'),('c9751370-951f-11ec-b783-e5a77a4950d4','c9742dd0-951f-11ec-8a8c-6b9cbf6e7ee9','products/',1,'2022-02-24 03:13:49','2022-02-24 03:13:49'),('c9767cc0-951f-11ec-bb7f-f9bc270dd02d','c9756280-951f-11ec-8452-23cb17ba7a4c','products/',1,'2022-02-24 03:13:49','2022-02-24 03:13:49'),('c97828a0-951f-11ec-b186-c1beb7a5dbad','c976ca30-951f-11ec-bbfe-0dd327fb43d2','products/',1,'2022-02-24 03:13:49','2022-02-24 03:13:49'),('c979f0e0-951f-11ec-be51-93fcf51ad5bc','c9788960-951f-11ec-b337-e71b0b7a51c5','products/',1,'2022-02-24 03:13:49','2022-02-24 03:13:49'),('c97b3a70-951f-11ec-8c7d-fb600b127625','c97a3e00-951f-11ec-b1a2-57ba5a712e60','products/',1,'2022-02-24 03:13:49','2022-02-24 03:13:49'),('c97ca960-951f-11ec-b74f-85ea9a935766','c97b8940-951f-11ec-9d59-d3030e7851f9','products/',1,'2022-02-24 03:13:49','2022-02-24 03:13:49'),('c97e1120-951f-11ec-a6ba-49b0e739b62f','c97cf8a0-951f-11ec-adb4-476c06d2742a','products/',1,'2022-02-24 03:13:49','2022-02-24 03:13:49'),('c97f5f20-951f-11ec-ad19-c9b13b88090b','c97e5f00-951f-11ec-b2a3-ddcd82ec4225','products/',1,'2022-02-24 03:13:49','2022-02-24 03:13:49'),('c980a660-951f-11ec-9601-2389acf5c1e9','c97facf0-951f-11ec-9f80-3d283b0a637d','products/',1,'2022-02-24 03:13:49','2022-02-24 03:13:49'),('c981eba0-951f-11ec-bd63-2351bb83595b','c980f480-951f-11ec-ac5c-c72b50f558d8','products/',1,'2022-02-24 03:13:49','2022-02-24 03:13:49'),('c984b3a0-951f-11ec-9b42-31b7a129ba13','c98239e0-951f-11ec-81c9-2974228eb87b','products/',1,'2022-02-24 03:13:49','2022-02-24 03:13:49'),('c98601b0-951f-11ec-a935-2fc262227936','c9850480-951f-11ec-af9e-7136275a380f','products/',1,'2022-02-24 03:13:49','2022-02-24 03:13:49'),('c9878d90-951f-11ec-a1bf-414feec6ec58','c9867300-951f-11ec-b4b8-777293c526a9','products/',1,'2022-02-24 03:13:49','2022-02-24 03:13:49'),('c98a7280-951f-11ec-a328-69fc95b533e6','c987fda0-951f-11ec-8d05-b1db3ce073a3','products/',1,'2022-02-24 03:13:49','2022-02-24 03:13:49'),('c98cb4a0-951f-11ec-ac70-c39d69109bfb','c98b6f40-951f-11ec-a5bb-ed0d1df106ce','products/',1,'2022-02-24 03:13:49','2022-02-24 03:13:49'),('c98f2550-951f-11ec-b685-4ffabe3ca0c6','c98d66c0-951f-11ec-80e7-97813b50f4ba','products/',1,'2022-02-24 03:13:49','2022-02-24 03:13:49'),('c9917290-951f-11ec-8794-25160a7514f7','c98f97c0-951f-11ec-b814-9db19830695b','products/',1,'2022-02-24 03:13:49','2022-02-24 03:13:49'),('c9948f30-951f-11ec-a156-adcfef85bf7f','c9921a60-951f-11ec-8072-ddb8715172e2','products/',1,'2022-02-24 03:13:50','2022-02-24 03:13:50'),('c9963e20-951f-11ec-aa3e-53940e28a461','c994eb10-951f-11ec-8cad-9bbceb3bfe42','products/',1,'2022-02-24 03:13:50','2022-02-24 03:13:50'),('c9983cf0-951f-11ec-b019-a51a7f0120c4','c99724c0-951f-11ec-8d48-c3d7ddeaaf94','products/',1,'2022-02-24 03:13:50','2022-02-24 03:13:50'),('c99a6510-951f-11ec-be54-1381efbf2cf8','c998bf70-951f-11ec-8015-bb470f34af1e','products/',1,'2022-02-24 03:13:50','2022-02-24 03:13:50'),('c99c66f0-951f-11ec-9e2c-4103be3e22aa','c99ab3f0-951f-11ec-8b2d-e99ce19b672c','products/',1,'2022-02-24 03:13:50','2022-02-24 03:13:50'),('c99e4760-951f-11ec-b2b2-33f77559a01d','c99cb640-951f-11ec-aa52-7b6d186a37e9','products/',1,'2022-02-24 03:13:50','2022-02-24 03:13:50'),('c99f8a70-951f-11ec-b741-d972bec4749d','c99e9630-951f-11ec-820c-f15e8a27f208','products/',1,'2022-02-24 03:13:50','2022-02-24 03:13:50'),('c9a0d880-951f-11ec-be3c-9b985fadfc4e','c99fd800-951f-11ec-8988-c96bbf7ef1ad','products/',1,'2022-02-24 03:13:50','2022-02-24 03:13:50'),('c9a261f0-951f-11ec-a856-35ce2a5caae9','c9a12750-951f-11ec-a6ef-31cb707456ab','products/',1,'2022-02-24 03:13:50','2022-02-24 03:13:50'),('c9a3e440-951f-11ec-84f1-d3276bdbcd4c','c9a2b050-951f-11ec-a528-07dcc5dff027','products/',1,'2022-02-24 03:13:50','2022-02-24 03:13:50'),('c9a5be00-951f-11ec-baff-613a2d27d775','c9a431f0-951f-11ec-92e0-ab1c40bf89ce','products/',1,'2022-02-24 03:13:50','2022-02-24 03:13:50'),('c9a71170-951f-11ec-80e8-05a85a172311','c9a60b80-951f-11ec-9444-f38b5d259017','products/',1,'2022-02-24 03:13:50','2022-02-24 03:13:50'),('c9a84850-951f-11ec-9a6c-01499833bd12','c9a75fa0-951f-11ec-8a2a-0502283778c9','products/',1,'2022-02-24 03:13:50','2022-02-24 03:13:50'),('c9a9de70-951f-11ec-a488-5df8c82c4f87','c9a89730-951f-11ec-9655-e5fa70ff8d62','products/',1,'2022-02-24 03:13:50','2022-02-24 03:13:50'),('c9ab26b0-951f-11ec-ba1e-1944b93a8d98','c9aa2ce0-951f-11ec-a37a-15ff8a5fe281','products/',1,'2022-02-24 03:13:50','2022-02-24 03:13:50'),('c9accfb0-951f-11ec-a68c-574dcf318660','c9ab74c0-951f-11ec-85a2-e70c707f6ad4','products/',1,'2022-02-24 03:13:50','2022-02-24 03:13:50'),('c9ae4020-951f-11ec-8689-85cf98575a0a','c9ad1dc0-951f-11ec-b24c-db99f2938f2d','products/',1,'2022-02-24 03:13:50','2022-02-24 03:13:50'),('c9b00910-951f-11ec-a532-11bf898af0e1','c9ae8d60-951f-11ec-92c9-07ba5995467d','products/',1,'2022-02-24 03:13:50','2022-02-24 03:13:50'),('c9b17010-951f-11ec-a86c-ed1fe7e010be','c9b05880-951f-11ec-b975-a7d8470aecc4','products/',1,'2022-02-24 03:13:50','2022-02-24 03:13:50'),('c9b2fdc0-951f-11ec-9d56-a1b1a0cea339','c9b1bf00-951f-11ec-9bed-bffa7d45a48b','products/',1,'2022-02-24 03:13:50','2022-02-24 03:13:50'),('c9b44f70-951f-11ec-9200-c710c5d84e95','c9b34ec0-951f-11ec-a83b-e90331ef0b0b','products/',1,'2022-02-24 03:13:50','2022-02-24 03:13:50'),('c9b64b40-951f-11ec-9291-8f77bed0cca5','c9b49df0-951f-11ec-bf74-391f1cc5e973','products/',1,'2022-02-24 03:13:50','2022-02-24 03:13:50'),('c9b77dc0-951f-11ec-a7c6-3b8efd292048','c9b69840-951f-11ec-99de-35e1b2ec793f','products/',1,'2022-02-24 03:13:50','2022-02-24 03:13:50'),('c9b943c0-951f-11ec-9150-6d413adafcd3','c9b7cf30-951f-11ec-807d-71a0e9cd95ec','products/',1,'2022-02-24 03:13:50','2022-02-24 03:13:50'),('c9ba87a0-951f-11ec-8691-bfa9aa704fc8','c9b99260-951f-11ec-951f-c1a8e21dce6d','products/',1,'2022-02-24 03:13:50','2022-02-24 03:13:50'),('c9bbc900-951f-11ec-8f57-0b95d68ea5df','c9bad490-951f-11ec-b952-7395652bf184','products/',1,'2022-02-24 03:13:50','2022-02-24 03:13:50'),('c9bd6640-951f-11ec-a291-4569b35c5412','c9bc1a70-951f-11ec-8864-5bc85fe1d01d','products/',1,'2022-02-24 03:13:50','2022-02-24 03:13:50'),('c9bea1f0-951f-11ec-ad89-e723d4c437bb','c9bdb4e0-951f-11ec-bd76-2ff600cc4f5e','products/',1,'2022-02-24 03:13:50','2022-02-24 03:13:50'),('c9bffcd0-951f-11ec-ba0f-9dd636154427','c9bf10e0-951f-11ec-869e-a1344c3b4ecf','products/',1,'2022-02-24 03:13:50','2022-02-24 03:13:50'),('c9c15f30-951f-11ec-9068-6dade8fbcf2b','c9c04a80-951f-11ec-975d-931d45fe8c0d','products/',1,'2022-02-24 03:13:50','2022-02-24 03:13:50'),('c9c2a3b0-951f-11ec-abaa-8d47989e4191','c9c1acc0-951f-11ec-9d3b-8b4244e32d9f','products/',1,'2022-02-24 03:13:50','2022-02-24 03:13:50'),('c9c43bb0-951f-11ec-b941-3f5ef5e3f100','c9c30400-951f-11ec-8c71-71fe1025ecd0','products/',1,'2022-02-24 03:13:50','2022-02-24 03:13:50'),('c9c583a0-951f-11ec-a17a-ddbd6b2065c5','c9c48a10-951f-11ec-b54c-337f030d5dd4','products/',1,'2022-02-24 03:13:50','2022-02-24 03:13:50'),('c9c73fc0-951f-11ec-932b-5b97969c8e01','c9c5d0f0-951f-11ec-9a41-d9c52610ff4c','products/',1,'2022-02-24 03:13:50','2022-02-24 03:13:50'),('e5206840-951e-11ec-bcb8-69cc243eb0e3','9a8bce60-951e-11ec-b615-5b37adc18ad2','products/',1,'2022-02-24 03:07:26','2022-02-24 03:07:26');
/*!40000 ALTER TABLE `images` ENABLE KEYS */;
UNLOCK TABLES;

--
-- Table structure for table `logs`
--

DROP TABLE IF EXISTS `logs`;
/*!40101 SET @saved_cs_client     = @@character_set_client */;
/*!40101 SET character_set_client = utf8 */;
CREATE TABLE `logs` (
  `id` char(36) COLLATE utf8mb4_unicode_ci NOT NULL,
  `user_id` char(36) COLLATE utf8mb4_unicode_ci NOT NULL,
  `type` varchar(255) COLLATE utf8mb4_unicode_ci NOT NULL,
  `performed_id` char(36) COLLATE utf8mb4_unicode_ci DEFAULT NULL,
  `performed_on` varchar(255) COLLATE utf8mb4_unicode_ci DEFAULT NULL,
  `description` mediumtext COLLATE utf8mb4_unicode_ci NOT NULL,
  `created_at` timestamp NULL DEFAULT NULL,
  `updated_at` timestamp NULL DEFAULT NULL,
  PRIMARY KEY (`id`),
  KEY `logs_user_id_foreign` (`user_id`),
  CONSTRAINT `logs_user_id_foreign` FOREIGN KEY (`user_id`) REFERENCES `users` (`id`) ON DELETE CASCADE
) ENGINE=InnoDB DEFAULT CHARSET=utf8mb4 COLLATE=utf8mb4_unicode_ci;
/*!40101 SET character_set_client = @saved_cs_client */;

--
-- Dumping data for table `logs`
--

LOCK TABLES `logs` WRITE;
/*!40000 ALTER TABLE `logs` DISABLE KEYS */;
/*!40000 ALTER TABLE `logs` ENABLE KEYS */;
UNLOCK TABLES;

--
-- Table structure for table `messages`
--

DROP TABLE IF EXISTS `messages`;
/*!40101 SET @saved_cs_client     = @@character_set_client */;
/*!40101 SET character_set_client = utf8 */;
CREATE TABLE `messages` (
  `id` char(36) COLLATE utf8mb4_unicode_ci NOT NULL,
  `content_sender` longtext COLLATE utf8mb4_unicode_ci NOT NULL,
  `nonce_sender` longtext COLLATE utf8mb4_unicode_ci NOT NULL,
  `content_receiver` longtext COLLATE utf8mb4_unicode_ci NOT NULL,
  `nonce_receiver` longtext COLLATE utf8mb4_unicode_ci NOT NULL,
  `conversation_id` char(36) COLLATE utf8mb4_unicode_ci NOT NULL,
  `sender_id` char(36) COLLATE utf8mb4_unicode_ci DEFAULT NULL,
  `receiver_id` char(36) COLLATE utf8mb4_unicode_ci NOT NULL,
  `read` tinyint(1) NOT NULL DEFAULT 0,
  `created_at` timestamp NULL DEFAULT NULL,
  `updated_at` timestamp NULL DEFAULT NULL,
  PRIMARY KEY (`id`),
  KEY `messages_conversation_id_foreign` (`conversation_id`),
  KEY `messages_sender_id_foreign` (`sender_id`),
  KEY `messages_receiver_id_foreign` (`receiver_id`),
  CONSTRAINT `messages_conversation_id_foreign` FOREIGN KEY (`conversation_id`) REFERENCES `conversations` (`id`) ON DELETE CASCADE,
  CONSTRAINT `messages_receiver_id_foreign` FOREIGN KEY (`receiver_id`) REFERENCES `users` (`id`) ON DELETE CASCADE,
  CONSTRAINT `messages_sender_id_foreign` FOREIGN KEY (`sender_id`) REFERENCES `users` (`id`) ON DELETE CASCADE
) ENGINE=InnoDB DEFAULT CHARSET=utf8mb4 COLLATE=utf8mb4_unicode_ci;
/*!40101 SET character_set_client = @saved_cs_client */;

--
-- Dumping data for table `messages`
--

LOCK TABLES `messages` WRITE;
/*!40000 ALTER TABLE `messages` DISABLE KEYS */;
/*!40000 ALTER TABLE `messages` ENABLE KEYS */;
UNLOCK TABLES;

--
-- Table structure for table `migrations`
--

DROP TABLE IF EXISTS `migrations`;
/*!40101 SET @saved_cs_client     = @@character_set_client */;
/*!40101 SET character_set_client = utf8 */;
CREATE TABLE `migrations` (
  `id` int(10) unsigned NOT NULL AUTO_INCREMENT,
  `migration` varchar(255) COLLATE utf8mb4_unicode_ci NOT NULL,
  `batch` int(11) NOT NULL,
  PRIMARY KEY (`id`)
) ENGINE=InnoDB AUTO_INCREMENT=35 DEFAULT CHARSET=utf8mb4 COLLATE=utf8mb4_unicode_ci;
/*!40101 SET character_set_client = @saved_cs_client */;

--
-- Dumping data for table `migrations`
--

LOCK TABLES `migrations` WRITE;
/*!40000 ALTER TABLE `migrations` DISABLE KEYS */;
INSERT INTO `migrations` VALUES (1,'2014_10_12_000000_create_users_table',1),(2,'2014_10_12_100000_create_password_resets_table',1),(3,'2018_08_28_103514_create_p_g_p_keys_table',1),(4,'2018_08_30_104044_create_vendors_table',1),(5,'2018_08_30_204259_create_categories_table',1),(6,'2018_08_30_204840_create_admins_table',1),(7,'2018_08_31_121912_create_products_table',1),(8,'2018_08_31_122620_create_physical_products_table',1),(9,'2018_08_31_122628_create_digital_products_table',1),(10,'2018_08_31_182733_create_offers_table',1),(11,'2018_08_31_192727_create_shippings_table',1),(12,'2018_09_01_203115_create_images_table',1),(13,'2018_09_06_132015_create_wishlists_table',1),(14,'2018_09_07_112831_create_feedback_table',1),(15,'2018_09_24_101728_create_purchases_table',1),(16,'2018_10_01_100924_create_disputes_table',1),(17,'2018_10_01_101836_create_dispute_messages_table',1),(18,'2018_10_12_144436_create_conversations_table',1),(19,'2018_10_12_144542_create_messages_table',1),(20,'2018_10_27_205143_create_logs_table',1),(21,'2018_11_15_113419_create_addresses_table',1),(22,'2019_01_05_140832_create_notifications_table',1),(23,'2019_01_11_214222_create_vendor_purchases_table',1),(24,'2019_02_13_101528_create_permissions_table',1),(25,'2019_02_16_185709_create_tickets_table',1),(26,'2019_02_16_190336_create_ticket_replies_table',1),(27,'2019_03_25_133234_create_bans_table',1),(28,'2019_04_03_174900_add_local_currency_to_users_table',1),(29,'2019_05_11_205112_create_shipping_offers_deleted',1),(30,'2019_05_12_220221_create_purchases_cancelation',1),(31,'2019_05_26_221922_create_product_purchase_types',1),(32,'2019_08_07_142500_add_fe_to_vendors_table',1),(33,'2019_08_07_145814_add_status_notification_to_purchases_table',1),(34,'2019_08_08_091529_add_featured_field_to_products_table',1);
/*!40000 ALTER TABLE `migrations` ENABLE KEYS */;
UNLOCK TABLES;

--
-- Table structure for table `notifications`
--

DROP TABLE IF EXISTS `notifications`;
/*!40101 SET @saved_cs_client     = @@character_set_client */;
/*!40101 SET character_set_client = utf8 */;
CREATE TABLE `notifications` (
  `id` char(36) COLLATE utf8mb4_unicode_ci NOT NULL,
  `user_id` char(36) COLLATE utf8mb4_unicode_ci NOT NULL,
  `description` mediumtext COLLATE utf8mb4_unicode_ci NOT NULL,
  `read` tinyint(1) NOT NULL DEFAULT 0,
  `route_name` text COLLATE utf8mb4_unicode_ci DEFAULT NULL,
  `route_params` mediumtext COLLATE utf8mb4_unicode_ci DEFAULT NULL,
  `created_at` timestamp NULL DEFAULT NULL,
  `updated_at` timestamp NULL DEFAULT NULL,
  PRIMARY KEY (`id`),
  KEY `notifications_user_id_foreign` (`user_id`),
  CONSTRAINT `notifications_user_id_foreign` FOREIGN KEY (`user_id`) REFERENCES `users` (`id`) ON DELETE CASCADE
) ENGINE=InnoDB DEFAULT CHARSET=utf8mb4 COLLATE=utf8mb4_unicode_ci;
/*!40101 SET character_set_client = @saved_cs_client */;

--
-- Dumping data for table `notifications`
--

LOCK TABLES `notifications` WRITE;
/*!40000 ALTER TABLE `notifications` DISABLE KEYS */;
/*!40000 ALTER TABLE `notifications` ENABLE KEYS */;
UNLOCK TABLES;

--
-- Table structure for table `offers`
--

DROP TABLE IF EXISTS `offers`;
/*!40101 SET @saved_cs_client     = @@character_set_client */;
/*!40101 SET character_set_client = utf8 */;
CREATE TABLE `offers` (
  `id` char(36) COLLATE utf8mb4_unicode_ci NOT NULL,
  `product_id` char(36) COLLATE utf8mb4_unicode_ci NOT NULL,
  `min_quantity` int(11) NOT NULL,
  `price` decimal(16,2) NOT NULL,
  `created_at` timestamp NULL DEFAULT NULL,
  `updated_at` timestamp NULL DEFAULT NULL,
  `deleted` tinyint(1) NOT NULL DEFAULT 0,
  PRIMARY KEY (`id`),
  KEY `offers_product_id_foreign` (`product_id`),
  CONSTRAINT `offers_product_id_foreign` FOREIGN KEY (`product_id`) REFERENCES `products` (`id`) ON DELETE CASCADE
) ENGINE=InnoDB DEFAULT CHARSET=utf8mb4 COLLATE=utf8mb4_unicode_ci;
/*!40101 SET character_set_client = @saved_cs_client */;

--
-- Dumping data for table `offers`
--

LOCK TABLES `offers` WRITE;
/*!40000 ALTER TABLE `offers` DISABLE KEYS */;
INSERT INTO `offers` VALUES ('050e3ef0-951e-11ec-b7fc-aba249934559','04c5eb40-951e-11ec-841d-0bcbe51ad6d4',1,20.11,'2022-02-24 03:01:10','2022-02-24 03:01:10',0),('33e95010-951f-11ec-a1ed-6149a4c38fb6','33e74530-951f-11ec-9431-456bbf6cfb6d',1,6.48,'2022-02-24 03:09:38','2022-02-24 03:09:38',0),('4fdb2780-951e-11ec-b122-a1cfe92320a1','4fd82b70-951e-11ec-bc48-074ed8b89289',1,1.55,'2022-02-24 03:03:16','2022-02-24 03:03:16',0),('7e8a5a00-951f-11ec-95b6-c1d42159723f','7e87bd90-951f-11ec-9769-fdb0c055a528',1,17.87,'2022-02-24 03:11:44','2022-02-24 03:11:44',0),('9a8e4d70-951e-11ec-b8cd-257a3f17caa3','9a8bce60-951e-11ec-b615-5b37adc18ad2',1,0.91,'2022-02-24 03:05:21','2022-02-24 03:05:21',0),('c9329c30-951f-11ec-a1b1-1b0ea46e9f0f','c92fe120-951f-11ec-8028-79442e204b9f',1,11.53,'2022-02-24 03:13:49','2022-02-24 03:13:49',0),('c934ac60-951f-11ec-b6a2-edb4cff6873a','c9333520-951f-11ec-a88f-63540617013b',1,17.14,'2022-02-24 03:13:49','2022-02-24 03:13:49',0),('c9370030-951f-11ec-a2c8-c585c7202ed5','c9357130-951f-11ec-9631-51f55381712f',1,29.83,'2022-02-24 03:13:49','2022-02-24 03:13:49',0),('c9387b00-951f-11ec-b9b4-fbad9f6ae32d','c9378a20-951f-11ec-a2c6-71c184a47a9e',1,26.30,'2022-02-24 03:13:49','2022-02-24 03:13:49',0),('c939e890-951f-11ec-9667-7f7ce598e4c3','c938e4b0-951f-11ec-a3cb-9da3b26d980d',1,15.95,'2022-02-24 03:13:49','2022-02-24 03:13:49',0),('c93b72e0-951f-11ec-aafd-bb42adf57c45','c93a5070-951f-11ec-95e4-23b3d5a965bf',1,9.12,'2022-02-24 03:13:49','2022-02-24 03:13:49',0),('c93cf3f0-951f-11ec-8468-9944485a2271','c93bdd30-951f-11ec-a880-ebb78d86d807',1,4.74,'2022-02-24 03:13:49','2022-02-24 03:13:49',0),('c93e68f0-951f-11ec-8f82-655694062446','c93d7530-951f-11ec-8e87-95e12ad8d85a',1,28.43,'2022-02-24 03:13:49','2022-02-24 03:13:49',0),('c93ffc10-951f-11ec-bbe7-991c10dca25a','c93ec980-951f-11ec-a113-2fe085b405ae',1,16.55,'2022-02-24 03:13:49','2022-02-24 03:13:49',0),('c9413f00-951f-11ec-b563-c776ef763596','c9406060-951f-11ec-b0f4-fd830803062a',1,2.73,'2022-02-24 03:13:49','2022-02-24 03:13:49',0),('c9432e10-951f-11ec-8870-07349c40216b','c941a150-951f-11ec-afe3-0d447f2b6998',1,19.31,'2022-02-24 03:13:49','2022-02-24 03:13:49',0),('c9450d60-951f-11ec-8ae4-e979f8c9c694','c943b300-951f-11ec-a8de-ab0c51ad3638',1,19.44,'2022-02-24 03:13:49','2022-02-24 03:13:49',0),('c9467f90-951f-11ec-9bb4-9b3afeeab141','c9457340-951f-11ec-abb1-5fc61040420d',1,28.99,'2022-02-24 03:13:49','2022-02-24 03:13:49',0),('c947f5a0-951f-11ec-8a2f-6795b4890f3e','c946e460-951f-11ec-a99e-cf0d916133f0',1,13.86,'2022-02-24 03:13:49','2022-02-24 03:13:49',0),('c9495ef0-951f-11ec-b191-dbc0e816b9a6','c9485a20-951f-11ec-b628-3313ad000f94',1,6.39,'2022-02-24 03:13:49','2022-02-24 03:13:49',0),('c94abf60-951f-11ec-baef-a7329efb8068','c949c380-951f-11ec-a94c-214847afba18',1,0.44,'2022-02-24 03:13:49','2022-02-24 03:13:49',0),('c94c2a40-951f-11ec-af07-3d364579fd77','c94b2450-951f-11ec-97cf-0b5600fde676',1,20.17,'2022-02-24 03:13:49','2022-02-24 03:13:49',0),('c94d8240-951f-11ec-924c-7dafa984bd95','c94c8f00-951f-11ec-92e9-7dae7670a915',1,2.44,'2022-02-24 03:13:49','2022-02-24 03:13:49',0),('c94ec530-951f-11ec-baf7-2bac34143868','c94de5f0-951f-11ec-bd60-198c9dfe1271',1,1.19,'2022-02-24 03:13:49','2022-02-24 03:13:49',0),('c9502be0-951f-11ec-b103-531000a98288','c94f2930-951f-11ec-aee5-879a10525ad9',1,29.39,'2022-02-24 03:13:49','2022-02-24 03:13:49',0),('c951a520-951f-11ec-844d-a37d641554fe','c9509040-951f-11ec-8631-474af0e163b7',1,1.46,'2022-02-24 03:13:49','2022-02-24 03:13:49',0),('c9533290-951f-11ec-9be9-fd703ecec68c','c95208e0-951f-11ec-8683-efc062795a11',1,12.06,'2022-02-24 03:13:49','2022-02-24 03:13:49',0),('c9549c50-951f-11ec-a84c-2f6a3a11646e','c95396a0-951f-11ec-bbc5-5171d5a4e48e',1,0.42,'2022-02-24 03:13:49','2022-02-24 03:13:49',0),('c95644a0-951f-11ec-a065-d962223e6a3a','c9550070-951f-11ec-9b8a-436c4291a89d',1,26.69,'2022-02-24 03:13:49','2022-02-24 03:13:49',0),('c9579960-951f-11ec-af88-c705abf8f200','c956a8b0-951f-11ec-be8b-799783971485',1,19.83,'2022-02-24 03:13:49','2022-02-24 03:13:49',0),('c958fda0-951f-11ec-a8d4-bf107bbd87d0','c957fca0-951f-11ec-b568-73fc1264a937',1,14.53,'2022-02-24 03:13:49','2022-02-24 03:13:49',0),('c95a7240-951f-11ec-9aff-b73a56f4b3e0','c9596150-951f-11ec-a945-ddea3752d94f',1,7.35,'2022-02-24 03:13:49','2022-02-24 03:13:49',0),('c95be360-951f-11ec-b09e-8f6a04f32fca','c95ad6b0-951f-11ec-9616-77b2a74a2b37',1,19.53,'2022-02-24 03:13:49','2022-02-24 03:13:49',0),('c95d5ac0-951f-11ec-afb5-19b7d24461be','c95c6560-951f-11ec-a11b-2d13e81e488a',1,5.49,'2022-02-24 03:13:49','2022-02-24 03:13:49',0),('c95f1de0-951f-11ec-9166-3db6bd54007c','c95dbee0-951f-11ec-bd2e-0586b03c22e1',1,13.81,'2022-02-24 03:13:49','2022-02-24 03:13:49',0),('c9607230-951f-11ec-86dc-6f883e505a25','c95f8320-951f-11ec-9a7c-59fe022b2e6d',1,28.08,'2022-02-24 03:13:49','2022-02-24 03:13:49',0),('c961c1d0-951f-11ec-b236-c34fd0029bb7','c960d540-951f-11ec-b292-117a2e5fe34e',1,0.25,'2022-02-24 03:13:49','2022-02-24 03:13:49',0),('c9633120-951f-11ec-ad2c-59fc853f1535','c9624610-951f-11ec-8afb-992a7a6c6a51',1,12.16,'2022-02-24 03:13:49','2022-02-24 03:13:49',0),('c96481f0-951f-11ec-a713-bf6281a9b316','c9639530-951f-11ec-9148-8d6764038466',1,7.33,'2022-02-24 03:13:49','2022-02-24 03:13:49',0),('c965e100-951f-11ec-8b76-e5fc01214627','c964e610-951f-11ec-bdc9-4503f2df7b0e',1,10.09,'2022-02-24 03:13:49','2022-02-24 03:13:49',0),('c96744f0-951f-11ec-82c8-ab67f93874ca','c96644c0-951f-11ec-b5c3-d5abe3aa1f64',1,5.86,'2022-02-24 03:13:49','2022-02-24 03:13:49',0),('c968dd70-951f-11ec-a84f-c7f7a50928b7','c967c760-951f-11ec-aa8d-97c7482cf98a',1,19.94,'2022-02-24 03:13:49','2022-02-24 03:13:49',0),('c96a1620-951f-11ec-ac03-2db83d978abe','c9694220-951f-11ec-ba36-69fadee5bfdf',1,20.44,'2022-02-24 03:13:49','2022-02-24 03:13:49',0),('c96b5010-951f-11ec-a5a3-91abc621abc7','c96a7a60-951f-11ec-af1a-25c31a55dbb5',1,13.19,'2022-02-24 03:13:49','2022-02-24 03:13:49',0),('c96c9530-951f-11ec-8db5-1f828f18eb14','c96bb350-951f-11ec-be41-a583b470667f',1,5.43,'2022-02-24 03:13:49','2022-02-24 03:13:49',0),('c96e0950-951f-11ec-a03f-95c401afa98e','c96d1450-951f-11ec-b346-d17bd2b2c11f',1,25.42,'2022-02-24 03:13:49','2022-02-24 03:13:49',0),('c96f3d20-951f-11ec-bd1e-fbf9b0fb2eef','c96e6bd0-951f-11ec-b510-5386606c8397',1,1.96,'2022-02-24 03:13:49','2022-02-24 03:13:49',0),('c9708000-951f-11ec-9466-fd5a5a4d3e26','c96fa300-951f-11ec-b22b-d97f112a443f',1,22.94,'2022-02-24 03:13:49','2022-02-24 03:13:49',0),('c9720cf0-951f-11ec-8850-c7160d62fd98','c970e320-951f-11ec-9a18-f5520ba89787',1,9.15,'2022-02-24 03:13:49','2022-02-24 03:13:49',0),('c973c790-951f-11ec-ad3b-bf1d2ea154cd','c9728f10-951f-11ec-b808-45586e833497',1,24.01,'2022-02-24 03:13:49','2022-02-24 03:13:49',0),('c974fd00-951f-11ec-8368-9703905c614e','c9742dd0-951f-11ec-8a8c-6b9cbf6e7ee9',1,14.00,'2022-02-24 03:13:49','2022-02-24 03:13:49',0),('c9766620-951f-11ec-80f1-e72966792284','c9756280-951f-11ec-8452-23cb17ba7a4c',1,17.27,'2022-02-24 03:13:49','2022-02-24 03:13:49',0),('c9781240-951f-11ec-bcda-cb21bdca75ee','c976ca30-951f-11ec-bbfe-0dd327fb43d2',1,9.03,'2022-02-24 03:13:49','2022-02-24 03:13:49',0),('c979da90-951f-11ec-b333-593c65fa2bd6','c9788960-951f-11ec-b337-e71b0b7a51c5',1,5.58,'2022-02-24 03:13:49','2022-02-24 03:13:49',0),('c97b2490-951f-11ec-9ceb-ef4b52a0bd51','c97a3e00-951f-11ec-b1a2-57ba5a712e60',1,9.81,'2022-02-24 03:13:49','2022-02-24 03:13:49',0),('c97c9360-951f-11ec-9c75-83b02b3d4e28','c97b8940-951f-11ec-9d59-d3030e7851f9',1,21.66,'2022-02-24 03:13:49','2022-02-24 03:13:49',0),('c97dfb50-951f-11ec-8244-ad30a42f8d99','c97cf8a0-951f-11ec-adb4-476c06d2742a',1,15.69,'2022-02-24 03:13:49','2022-02-24 03:13:49',0),('c97f2f00-951f-11ec-8fd6-7b8e5000a025','c97e5f00-951f-11ec-b2a3-ddcd82ec4225',1,18.27,'2022-02-24 03:13:49','2022-02-24 03:13:49',0),('c9808fe0-951f-11ec-a73d-33e8e2e9c423','c97facf0-951f-11ec-9f80-3d283b0a637d',1,26.89,'2022-02-24 03:13:49','2022-02-24 03:13:49',0),('c981d580-951f-11ec-b28a-57e0368f0c09','c980f480-951f-11ec-ac5c-c72b50f558d8',1,6.21,'2022-02-24 03:13:49','2022-02-24 03:13:49',0),('c9849ce0-951f-11ec-8879-95ca5b67bc5c','c98239e0-951f-11ec-81c9-2974228eb87b',1,1.57,'2022-02-24 03:13:49','2022-02-24 03:13:49',0),('c985deb0-951f-11ec-9736-2fd426f2b4c5','c9850480-951f-11ec-af9e-7136275a380f',1,15.95,'2022-02-24 03:13:49','2022-02-24 03:13:49',0),('c9877290-951f-11ec-94f3-3bde75dc8b38','c9867300-951f-11ec-b4b8-777293c526a9',1,8.05,'2022-02-24 03:13:49','2022-02-24 03:13:49',0),('c98a5990-951f-11ec-b02a-5ff7b06a0054','c987fda0-951f-11ec-8d05-b1db3ce073a3',1,16.53,'2022-02-24 03:13:49','2022-02-24 03:13:49',0),('c98c6fc0-951f-11ec-805f-df7090383b86','c98b6f40-951f-11ec-a5bb-ed0d1df106ce',1,28.22,'2022-02-24 03:13:49','2022-02-24 03:13:49',0),('c98f0ee0-951f-11ec-a3b2-9f638d5bc8f2','c98d66c0-951f-11ec-80e7-97813b50f4ba',1,6.01,'2022-02-24 03:13:49','2022-02-24 03:13:49',0),('c9915c90-951f-11ec-880b-116d62d818d5','c98f97c0-951f-11ec-b814-9db19830695b',1,20.44,'2022-02-24 03:13:49','2022-02-24 03:13:49',0),('c9947910-951f-11ec-a67c-87b1c4e6c5ba','c9921a60-951f-11ec-8072-ddb8715172e2',1,19.65,'2022-02-24 03:13:50','2022-02-24 03:13:50',0),('c9962640-951f-11ec-8df4-8786e6aff9f1','c994eb10-951f-11ec-8cad-9bbceb3bfe42',1,18.13,'2022-02-24 03:13:50','2022-02-24 03:13:50',0),('c99826b0-951f-11ec-ae7e-67e6a142b499','c99724c0-951f-11ec-8d48-c3d7ddeaaf94',1,5.86,'2022-02-24 03:13:50','2022-02-24 03:13:50',0),('c99a4e60-951f-11ec-9797-8be09bff554b','c998bf70-951f-11ec-8015-bb470f34af1e',1,26.23,'2022-02-24 03:13:50','2022-02-24 03:13:50',0),('c99c50a0-951f-11ec-8445-efc77875d47e','c99ab3f0-951f-11ec-8b2d-e99ce19b672c',1,3.42,'2022-02-24 03:13:50','2022-02-24 03:13:50',0),('c99e30e0-951f-11ec-b879-395921e2853b','c99cb640-951f-11ec-aa52-7b6d186a37e9',1,0.37,'2022-02-24 03:13:50','2022-02-24 03:13:50',0),('c99f7480-951f-11ec-8daa-a1bc75cdbb53','c99e9630-951f-11ec-820c-f15e8a27f208',1,0.56,'2022-02-24 03:13:50','2022-02-24 03:13:50',0),('c9a0c200-951f-11ec-8972-2ff4277d0ec6','c99fd800-951f-11ec-8988-c96bbf7ef1ad',1,16.22,'2022-02-24 03:13:50','2022-02-24 03:13:50',0),('c9a24c00-951f-11ec-8427-93eb90906af6','c9a12750-951f-11ec-a6ef-31cb707456ab',1,29.59,'2022-02-24 03:13:50','2022-02-24 03:13:50',0),('c9a3ce10-951f-11ec-9086-bb89f9bfe306','c9a2b050-951f-11ec-a528-07dcc5dff027',1,29.14,'2022-02-24 03:13:50','2022-02-24 03:13:50',0),('c9a5a820-951f-11ec-9247-e9246dc0a880','c9a431f0-951f-11ec-92e0-ab1c40bf89ce',1,25.24,'2022-02-24 03:13:50','2022-02-24 03:13:50',0),('c9a6fb60-951f-11ec-b3c2-7d1222dc01e4','c9a60b80-951f-11ec-9444-f38b5d259017',1,7.33,'2022-02-24 03:13:50','2022-02-24 03:13:50',0),('c9a830a0-951f-11ec-a123-1f81bcac5774','c9a75fa0-951f-11ec-8a2a-0502283778c9',1,29.97,'2022-02-24 03:13:50','2022-02-24 03:13:50',0),('c9a9c8a0-951f-11ec-8458-ef2aff4e539f','c9a89730-951f-11ec-9655-e5fa70ff8d62',1,9.91,'2022-02-24 03:13:50','2022-02-24 03:13:50',0),('c9ab1050-951f-11ec-a96c-01a8568c7638','c9aa2ce0-951f-11ec-a37a-15ff8a5fe281',1,0.21,'2022-02-24 03:13:50','2022-02-24 03:13:50',0),('c9ac9da0-951f-11ec-b70a-7b15a205e50a','c9ab74c0-951f-11ec-85a2-e70c707f6ad4',1,10.06,'2022-02-24 03:13:50','2022-02-24 03:13:50',0),('c9ae2910-951f-11ec-9bf7-3fab3ba6867f','c9ad1dc0-951f-11ec-b24c-db99f2938f2d',1,25.39,'2022-02-24 03:13:50','2022-02-24 03:13:50',0),('c9aff300-951f-11ec-9745-7da9368202c0','c9ae8d60-951f-11ec-92c9-07ba5995467d',1,2.73,'2022-02-24 03:13:50','2022-02-24 03:13:50',0),('c9b15a40-951f-11ec-8b76-f78a91ee674e','c9b05880-951f-11ec-b975-a7d8470aecc4',1,28.83,'2022-02-24 03:13:50','2022-02-24 03:13:50',0),('c9b2e800-951f-11ec-ab20-152ab113e288','c9b1bf00-951f-11ec-9bed-bffa7d45a48b',1,7.36,'2022-02-24 03:13:50','2022-02-24 03:13:50',0),('c9b439b0-951f-11ec-a492-bfb72ec5446a','c9b34ec0-951f-11ec-a83b-e90331ef0b0b',1,29.38,'2022-02-24 03:13:50','2022-02-24 03:13:50',0),('c9b63550-951f-11ec-b5cb-4766faa1bd08','c9b49df0-951f-11ec-bf74-391f1cc5e973',1,3.82,'2022-02-24 03:13:50','2022-02-24 03:13:50',0),('c9b76690-951f-11ec-8e3a-cbb76ed8ed6c','c9b69840-951f-11ec-99de-35e1b2ec793f',1,14.96,'2022-02-24 03:13:50','2022-02-24 03:13:50',0),('c9b91220-951f-11ec-a6db-0f5a1c9d2fbf','c9b7cf30-951f-11ec-807d-71a0e9cd95ec',1,13.13,'2022-02-24 03:13:50','2022-02-24 03:13:50',0),('c9ba71d0-951f-11ec-9443-35ebec52a2a4','c9b99260-951f-11ec-951f-c1a8e21dce6d',1,4.15,'2022-02-24 03:13:50','2022-02-24 03:13:50',0),('c9bbb140-951f-11ec-ba35-eb3b36f4ec94','c9bad490-951f-11ec-b952-7395652bf184',1,23.84,'2022-02-24 03:13:50','2022-02-24 03:13:50',0),('c9bd4ec0-951f-11ec-b706-d7757f9b55e8','c9bc1a70-951f-11ec-8864-5bc85fe1d01d',1,3.01,'2022-02-24 03:13:50','2022-02-24 03:13:50',0),('c9be8a70-951f-11ec-89db-173aee200e82','c9bdb4e0-951f-11ec-bd76-2ff600cc4f5e',1,7.46,'2022-02-24 03:13:50','2022-02-24 03:13:50',0),('c9bfe6e0-951f-11ec-8920-055544529454','c9bf10e0-951f-11ec-869e-a1344c3b4ecf',1,13.92,'2022-02-24 03:13:50','2022-02-24 03:13:50',0),('c9c14900-951f-11ec-a3c6-8d4767a14f7d','c9c04a80-951f-11ec-975d-931d45fe8c0d',1,6.71,'2022-02-24 03:13:50','2022-02-24 03:13:50',0),('c9c28dd0-951f-11ec-8bbc-4179d3656c74','c9c1acc0-951f-11ec-9d3b-8b4244e32d9f',1,13.02,'2022-02-24 03:13:50','2022-02-24 03:13:50',0),('c9c42530-951f-11ec-b05b-b7ba424ab574','c9c30400-951f-11ec-8c71-71fe1025ecd0',1,24.08,'2022-02-24 03:13:50','2022-02-24 03:13:50',0),('c9c56dc0-951f-11ec-814a-99d88f7841ca','c9c48a10-951f-11ec-b54c-337f030d5dd4',1,25.59,'2022-02-24 03:13:50','2022-02-24 03:13:50',0),('c9c72980-951f-11ec-a7ea-71ff862e599f','c9c5d0f0-951f-11ec-9a41-d9c52610ff4c',1,7.14,'2022-02-24 03:13:50','2022-02-24 03:13:50',0),('e52987d0-951e-11ec-acb8-f38f52c6071c','e5265150-951e-11ec-90f3-833aa8d87093',1,20.27,'2022-02-24 03:07:26','2022-02-24 03:07:26',0);
/*!40000 ALTER TABLE `offers` ENABLE KEYS */;
UNLOCK TABLES;

--
-- Table structure for table `password_resets`
--

DROP TABLE IF EXISTS `password_resets`;
/*!40101 SET @saved_cs_client     = @@character_set_client */;
/*!40101 SET character_set_client = utf8 */;
CREATE TABLE `password_resets` (
  `email` varchar(255) COLLATE utf8mb4_unicode_ci NOT NULL,
  `token` varchar(255) COLLATE utf8mb4_unicode_ci NOT NULL,
  `created_at` timestamp NULL DEFAULT NULL,
  KEY `password_resets_email_index` (`email`)
) ENGINE=InnoDB DEFAULT CHARSET=utf8mb4 COLLATE=utf8mb4_unicode_ci;
/*!40101 SET character_set_client = @saved_cs_client */;

--
-- Dumping data for table `password_resets`
--

LOCK TABLES `password_resets` WRITE;
/*!40000 ALTER TABLE `password_resets` DISABLE KEYS */;
/*!40000 ALTER TABLE `password_resets` ENABLE KEYS */;
UNLOCK TABLES;

--
-- Table structure for table `permissions`
--

DROP TABLE IF EXISTS `permissions`;
/*!40101 SET @saved_cs_client     = @@character_set_client */;
/*!40101 SET character_set_client = utf8 */;
CREATE TABLE `permissions` (
  `id` char(36) COLLATE utf8mb4_unicode_ci NOT NULL,
  `user_id` char(36) COLLATE utf8mb4_unicode_ci NOT NULL,
  `name` varchar(255) COLLATE utf8mb4_unicode_ci NOT NULL,
  `created_at` timestamp NULL DEFAULT NULL,
  `updated_at` timestamp NULL DEFAULT NULL,
  PRIMARY KEY (`id`),
  KEY `permissions_user_id_foreign` (`user_id`),
  CONSTRAINT `permissions_user_id_foreign` FOREIGN KEY (`user_id`) REFERENCES `users` (`id`) ON DELETE CASCADE
) ENGINE=InnoDB DEFAULT CHARSET=utf8mb4 COLLATE=utf8mb4_unicode_ci;
/*!40101 SET character_set_client = @saved_cs_client */;

--
-- Dumping data for table `permissions`
--

LOCK TABLES `permissions` WRITE;
/*!40000 ALTER TABLE `permissions` DISABLE KEYS */;
/*!40000 ALTER TABLE `permissions` ENABLE KEYS */;
UNLOCK TABLES;

--
-- Table structure for table `pgpkeys`
--

DROP TABLE IF EXISTS `pgpkeys`;
/*!40101 SET @saved_cs_client     = @@character_set_client */;
/*!40101 SET character_set_client = utf8 */;
CREATE TABLE `pgpkeys` (
  `id` char(36) COLLATE utf8mb4_unicode_ci NOT NULL,
  `user_id` char(36) COLLATE utf8mb4_unicode_ci NOT NULL,
  `key` text COLLATE utf8mb4_unicode_ci NOT NULL,
  `created_at` timestamp NULL DEFAULT NULL,
  `updated_at` timestamp NULL DEFAULT NULL,
  PRIMARY KEY (`id`),
  KEY `pgpkeys_user_id_foreign` (`user_id`),
  CONSTRAINT `pgpkeys_user_id_foreign` FOREIGN KEY (`user_id`) REFERENCES `users` (`id`) ON DELETE CASCADE
) ENGINE=InnoDB DEFAULT CHARSET=utf8mb4 COLLATE=utf8mb4_unicode_ci;
/*!40101 SET character_set_client = @saved_cs_client */;

--
-- Dumping data for table `pgpkeys`
--

LOCK TABLES `pgpkeys` WRITE;
/*!40000 ALTER TABLE `pgpkeys` DISABLE KEYS */;
/*!40000 ALTER TABLE `pgpkeys` ENABLE KEYS */;
UNLOCK TABLES;

--
-- Table structure for table `physical_products`
--

DROP TABLE IF EXISTS `physical_products`;
/*!40101 SET @saved_cs_client     = @@character_set_client */;
/*!40101 SET character_set_client = utf8 */;
CREATE TABLE `physical_products` (
  `id` char(36) COLLATE utf8mb4_unicode_ci NOT NULL,
  `countries_option` enum('all','include','exclude') COLLATE utf8mb4_unicode_ci DEFAULT 'all',
  `countries` text COLLATE utf8mb4_unicode_ci NOT NULL,
  `country_from` varchar(255) COLLATE utf8mb4_unicode_ci DEFAULT NULL,
  `created_at` timestamp NULL DEFAULT NULL,
  `updated_at` timestamp NULL DEFAULT NULL,
  PRIMARY KEY (`id`),
  CONSTRAINT `physical_products_id_foreign` FOREIGN KEY (`id`) REFERENCES `products` (`id`) ON DELETE CASCADE
) ENGINE=InnoDB DEFAULT CHARSET=utf8mb4 COLLATE=utf8mb4_unicode_ci;
/*!40101 SET character_set_client = @saved_cs_client */;

--
-- Dumping data for table `physical_products`
--

LOCK TABLES `physical_products` WRITE;
/*!40000 ALTER TABLE `physical_products` DISABLE KEYS */;
INSERT INTO `physical_products` VALUES ('4fd82b70-951e-11ec-bc48-074ed8b89289','all','','SRB','2022-02-24 03:05:21','2022-02-24 03:05:21'),('7e87bd90-951f-11ec-9769-fdb0c055a528','all','','SRB','2022-02-24 03:13:49','2022-02-24 03:13:49'),('c9333520-951f-11ec-a88f-63540617013b','all','','SRB','2022-02-24 03:13:49','2022-02-24 03:13:49'),('c9378a20-951f-11ec-a2c6-71c184a47a9e','all','','SRB','2022-02-24 03:13:49','2022-02-24 03:13:49'),('c93a5070-951f-11ec-95e4-23b3d5a965bf','all','','SRB','2022-02-24 03:13:49','2022-02-24 03:13:49'),('c93d7530-951f-11ec-8e87-95e12ad8d85a','all','','SRB','2022-02-24 03:13:49','2022-02-24 03:13:49'),('c9406060-951f-11ec-b0f4-fd830803062a','all','','SRB','2022-02-24 03:13:49','2022-02-24 03:13:49'),('c943b300-951f-11ec-a8de-ab0c51ad3638','all','','SRB','2022-02-24 03:13:49','2022-02-24 03:13:49'),('c946e460-951f-11ec-a99e-cf0d916133f0','all','','SRB','2022-02-24 03:13:49','2022-02-24 03:13:49'),('c949c380-951f-11ec-a94c-214847afba18','all','','SRB','2022-02-24 03:13:49','2022-02-24 03:13:49'),('c94c8f00-951f-11ec-92e9-7dae7670a915','all','','SRB','2022-02-24 03:13:49','2022-02-24 03:13:49'),('c94f2930-951f-11ec-aee5-879a10525ad9','all','','SRB','2022-02-24 03:13:49','2022-02-24 03:13:49'),('c95208e0-951f-11ec-8683-efc062795a11','all','','SRB','2022-02-24 03:13:49','2022-02-24 03:13:49'),('c9550070-951f-11ec-9b8a-436c4291a89d','all','','SRB','2022-02-24 03:13:49','2022-02-24 03:13:49'),('c957fca0-951f-11ec-b568-73fc1264a937','all','','SRB','2022-02-24 03:13:49','2022-02-24 03:13:49'),('c95ad6b0-951f-11ec-9616-77b2a74a2b37','all','','SRB','2022-02-24 03:13:49','2022-02-24 03:13:49'),('c95dbee0-951f-11ec-bd2e-0586b03c22e1','all','','SRB','2022-02-24 03:13:49','2022-02-24 03:13:49'),('c960d540-951f-11ec-b292-117a2e5fe34e','all','','SRB','2022-02-24 03:13:49','2022-02-24 03:13:49'),('c9639530-951f-11ec-9148-8d6764038466','all','','SRB','2022-02-24 03:13:49','2022-02-24 03:13:49'),('c96644c0-951f-11ec-b5c3-d5abe3aa1f64','all','','SRB','2022-02-24 03:13:49','2022-02-24 03:13:49'),('c9694220-951f-11ec-ba36-69fadee5bfdf','all','','SRB','2022-02-24 03:13:49','2022-02-24 03:13:49'),('c96bb350-951f-11ec-be41-a583b470667f','all','','SRB','2022-02-24 03:13:49','2022-02-24 03:13:49'),('c96e6bd0-951f-11ec-b510-5386606c8397','all','','SRB','2022-02-24 03:13:49','2022-02-24 03:13:49'),('c970e320-951f-11ec-9a18-f5520ba89787','all','','SRB','2022-02-24 03:13:49','2022-02-24 03:13:49'),('c9742dd0-951f-11ec-8a8c-6b9cbf6e7ee9','all','','SRB','2022-02-24 03:13:49','2022-02-24 03:13:49'),('c976ca30-951f-11ec-bbfe-0dd327fb43d2','all','','SRB','2022-02-24 03:13:49','2022-02-24 03:13:49'),('c97a3e00-951f-11ec-b1a2-57ba5a712e60','all','','SRB','2022-02-24 03:13:49','2022-02-24 03:13:49'),('c97cf8a0-951f-11ec-adb4-476c06d2742a','all','','SRB','2022-02-24 03:13:49','2022-02-24 03:13:49'),('c97facf0-951f-11ec-9f80-3d283b0a637d','all','','SRB','2022-02-24 03:13:49','2022-02-24 03:13:49'),('c98239e0-951f-11ec-81c9-2974228eb87b','all','','SRB','2022-02-24 03:13:49','2022-02-24 03:13:49'),('c9867300-951f-11ec-b4b8-777293c526a9','all','','SRB','2022-02-24 03:13:49','2022-02-24 03:13:49'),('c98b6f40-951f-11ec-a5bb-ed0d1df106ce','all','','SRB','2022-02-24 03:13:49','2022-02-24 03:13:49'),('c98f97c0-951f-11ec-b814-9db19830695b','all','','SRB','2022-02-24 03:13:49','2022-02-24 03:13:49'),('c994eb10-951f-11ec-8cad-9bbceb3bfe42','all','','SRB','2022-02-24 03:13:50','2022-02-24 03:13:50'),('c998bf70-951f-11ec-8015-bb470f34af1e','all','','SRB','2022-02-24 03:13:50','2022-02-24 03:13:50'),('c99cb640-951f-11ec-aa52-7b6d186a37e9','all','','SRB','2022-02-24 03:13:50','2022-02-24 03:13:50'),('c99fd800-951f-11ec-8988-c96bbf7ef1ad','all','','SRB','2022-02-24 03:13:50','2022-02-24 03:13:50'),('c9a2b050-951f-11ec-a528-07dcc5dff027','all','','SRB','2022-02-24 03:13:50','2022-02-24 03:13:50'),('c9a60b80-951f-11ec-9444-f38b5d259017','all','','SRB','2022-02-24 03:13:50','2022-02-24 03:13:50'),('c9a89730-951f-11ec-9655-e5fa70ff8d62','all','','SRB','2022-02-24 03:13:50','2022-02-24 03:13:50'),('c9ab74c0-951f-11ec-85a2-e70c707f6ad4','all','','SRB','2022-02-24 03:13:50','2022-02-24 03:13:50'),('c9ae8d60-951f-11ec-92c9-07ba5995467d','all','','SRB','2022-02-24 03:13:50','2022-02-24 03:13:50'),('c9b1bf00-951f-11ec-9bed-bffa7d45a48b','all','','SRB','2022-02-24 03:13:50','2022-02-24 03:13:50'),('c9b49df0-951f-11ec-bf74-391f1cc5e973','all','','SRB','2022-02-24 03:13:50','2022-02-24 03:13:50'),('c9b7cf30-951f-11ec-807d-71a0e9cd95ec','all','','SRB','2022-02-24 03:13:50','2022-02-24 03:13:50'),('c9bad490-951f-11ec-b952-7395652bf184','all','','SRB','2022-02-24 03:13:50','2022-02-24 03:13:50'),('c9bdb4e0-951f-11ec-bd76-2ff600cc4f5e','all','','SRB','2022-02-24 03:13:50','2022-02-24 03:13:50'),('c9c04a80-951f-11ec-975d-931d45fe8c0d','all','','SRB','2022-02-24 03:13:50','2022-02-24 03:13:50'),('c9c30400-951f-11ec-8c71-71fe1025ecd0','all','','SRB','2022-02-24 03:13:50','2022-02-24 03:13:50'),('c9c5d0f0-951f-11ec-9a41-d9c52610ff4c','all','','SRB','2022-02-24 03:13:50','2022-02-24 03:13:50'),('e5265150-951e-11ec-90f3-833aa8d87093','all','','SRB','2022-02-24 03:09:38','2022-02-24 03:09:38');
/*!40000 ALTER TABLE `physical_products` ENABLE KEYS */;
UNLOCK TABLES;

--
-- Table structure for table `products`
--

DROP TABLE IF EXISTS `products`;
/*!40101 SET @saved_cs_client     = @@character_set_client */;
/*!40101 SET character_set_client = utf8 */;
CREATE TABLE `products` (
  `id` char(36) COLLATE utf8mb4_unicode_ci NOT NULL,
  `name` varchar(100) COLLATE utf8mb4_unicode_ci NOT NULL,
  `description` text COLLATE utf8mb4_unicode_ci NOT NULL,
  `rules` text COLLATE utf8mb4_unicode_ci NOT NULL,
  `quantity` int(11) NOT NULL,
  `mesure` varchar(255) COLLATE utf8mb4_unicode_ci NOT NULL,
  `active` tinyint(1) NOT NULL DEFAULT 1,
  `coins` text COLLATE utf8mb4_unicode_ci NOT NULL,
  `category_id` char(36) COLLATE utf8mb4_unicode_ci NOT NULL,
  `user_id` char(36) COLLATE utf8mb4_unicode_ci NOT NULL DEFAULT '1',
  `created_at` timestamp NULL DEFAULT NULL,
  `updated_at` timestamp NULL DEFAULT NULL,
  `types` varchar(255) COLLATE utf8mb4_unicode_ci NOT NULL DEFAULT 'normal',
  `featured` tinyint(1) NOT NULL DEFAULT 0,
  PRIMARY KEY (`id`),
  KEY `products_category_id_foreign` (`category_id`),
  KEY `products_user_id_foreign` (`user_id`),
  CONSTRAINT `products_category_id_foreign` FOREIGN KEY (`category_id`) REFERENCES `categories` (`id`),
  CONSTRAINT `products_user_id_foreign` FOREIGN KEY (`user_id`) REFERENCES `vendors` (`id`) ON DELETE CASCADE
) ENGINE=InnoDB DEFAULT CHARSET=utf8mb4 COLLATE=utf8mb4_unicode_ci;
/*!40101 SET character_set_client = @saved_cs_client */;

--
-- Dumping data for table `products`
--

LOCK TABLES `products` WRITE;
/*!40000 ALTER TABLE `products` DISABLE KEYS */;
INSERT INTO `products` VALUES ('04c5eb40-951e-11ec-841d-0bcbe51ad6d4','Ranch','Nemo rerum amet ut ipsam.','Tenetur est a aut tenetur est eveniet.',9,'item',1,'btc,xmr,stb','04c50450-951e-11ec-b972-453f90ae7d04','00911430-951e-11ec-a33f-43f98e320ebf','2022-02-24 03:01:10','2022-02-24 03:01:10','normal',0),('33e74530-951f-11ec-9431-456bbf6cfb6d','Lakes','Blanditiis explicabo accusantium molestias possimus labore.','Pariatur in ea ullam numquam.',7,'item',1,'btc,xmr,stb','04c529d0-951e-11ec-98ee-0db9edcc8b17','42a1bcc0-951e-11ec-97fa-ef289d061829','2022-02-24 03:09:38','2022-02-24 03:09:38','normal',0),('4fd82b70-951e-11ec-bc48-074ed8b89289','Club','Optio amet nulla consequuntur officia molestiae repudiandae.','Porro autem est distinctio.',2,'item',1,'btc,xmr,stb','4fd749f0-951e-11ec-bd7c-dbb6c368a30b','02c3fbb0-951e-11ec-affb-4992cf58cfc0','2022-02-24 03:03:16','2022-02-24 03:03:16','normal',0),('7e87bd90-951f-11ec-9769-fdb0c055a528','Avenue','Dolores provident officia eveniet vitae architecto repudiandae voluptas.','Nisi facere dolores aspernatur et possimus consequatur.',14,'item',1,'btc,xmr,stb','4fd76940-951e-11ec-8d07-87cbd104a9ff','4b478110-951e-11ec-b143-3926d8bcf78e','2022-02-24 03:11:44','2022-02-24 03:11:44','normal',0),('9a8bce60-951e-11ec-b615-5b37adc18ad2','Viaduct','Fugiat accusamus amet molestiae sequi omnis.','Est voluptatem deserunt praesentium aliquam.',13,'item',1,'btc,xmr,stb','04c50450-951e-11ec-b972-453f90ae7d04','4b478110-951e-11ec-b143-3926d8bcf78e','2022-02-24 03:05:21','2022-02-24 03:05:21','normal',0),('c92fe120-951f-11ec-8028-79442e204b9f','Burgs','Ut reiciendis vitae officia dicta sequi.','Quasi quia voluptatem est ut tempore porro.',4,'item',1,'btc,xmr,stb','04c4a1a0-951e-11ec-91ee-f1963301404d','45e72aa0-951e-11ec-b3cc-9be1bb6debc6','2022-02-24 03:13:49','2022-02-24 03:13:49','normal',0),('c9333520-951f-11ec-a88f-63540617013b','Walks','Est omnis quia suscipit fugit alias.','Nihil odio culpa voluptas quia.',2,'item',1,'btc,xmr,stb','4fd70a40-951e-11ec-a301-994ebe8f7fce','f9aea3e0-951d-11ec-b0ef-7952154df8eb','2022-02-24 03:13:49','2022-02-24 03:13:49','normal',0),('c9357130-951f-11ec-9631-51f55381712f','Manor','Et ducimus aut temporibus illum aperiam.','Alias dolorem quod laboriosam ut quam.',12,'item',1,'btc,xmr,stb','04c50450-951e-11ec-b972-453f90ae7d04','42a1bcc0-951e-11ec-97fa-ef289d061829','2022-02-24 03:13:49','2022-02-24 03:13:49','normal',0),('c9378a20-951f-11ec-a2c6-71c184a47a9e','Brook','Nihil aut veritatis enim.','Libero qui labore dolores laboriosam.',7,'item',1,'btc,xmr,stb','04c58e90-951e-11ec-9e56-43e71eb77a1a','00911430-951e-11ec-a33f-43f98e320ebf','2022-02-24 03:13:49','2022-02-24 03:13:49','normal',0),('c938e4b0-951f-11ec-a3cb-9da3b26d980d','View','Nostrum voluptas vitae est sunt dolores alias cum.','Atque quidem rem inventore molestiae sit ad nam dolor.',20,'item',1,'btc,xmr,stb','04c57670-951e-11ec-87dd-27d483285c87','4cf4a490-951e-11ec-964b-ff11567f12e6','2022-02-24 03:13:49','2022-02-24 03:13:49','normal',0),('c93a5070-951f-11ec-95e4-23b3d5a965bf','Motorway','Aut laboriosam modi cumque iusto officia nostrum.','Quas sit ullam ut nemo quis asperiores molestiae.',15,'item',1,'btc,xmr,stb','04c4dd20-951e-11ec-843e-6b4d5bc6f7fc','00911430-951e-11ec-a33f-43f98e320ebf','2022-02-24 03:13:49','2022-02-24 03:13:49','normal',0),('c93bdd30-951f-11ec-a880-ebb78d86d807','Squares','Voluptatem vel magnam laudantium quod ea.','Qui exercitationem odio eius illum maiores.',2,'item',1,'btc,xmr,stb','04c529d0-951e-11ec-98ee-0db9edcc8b17','fe7d6770-951d-11ec-828d-b5a19d0fe540','2022-02-24 03:13:49','2022-02-24 03:13:49','normal',0),('c93d7530-951f-11ec-8e87-95e12ad8d85a','Square','Officiis illo occaecati quia eius similique magni doloribus esse.','Eius dolor nulla et enim ratione.',20,'item',1,'btc,xmr,stb','04c4a1a0-951e-11ec-91ee-f1963301404d','4b478110-951e-11ec-b143-3926d8bcf78e','2022-02-24 03:13:49','2022-02-24 03:13:49','normal',0),('c93ec980-951f-11ec-a113-2fe085b405ae','Locks','Iste numquam aut qui numquam dolores ex modi fugiat.','Fugit autem veniam ea odit cupiditate impedit unde.',2,'item',1,'btc,xmr,stb','04c4dd20-951e-11ec-843e-6b4d5bc6f7fc','00911430-951e-11ec-a33f-43f98e320ebf','2022-02-24 03:13:49','2022-02-24 03:13:49','normal',0),('c9406060-951f-11ec-b0f4-fd830803062a','Bypass','Quia sed sint officiis fugit quasi ut eveniet nihil.','Cupiditate dolor quasi laudantium maxime rerum.',17,'item',1,'btc,xmr,stb','4fd72a60-951e-11ec-a2dd-77513cb9e858','02c3fbb0-951e-11ec-affb-4992cf58cfc0','2022-02-24 03:13:49','2022-02-24 03:13:49','normal',0),('c941a150-951f-11ec-afe3-0d447f2b6998','Ville','Nihil quisquam soluta enim.','Vero reiciendis unde sed.',1,'item',1,'btc,xmr,stb','04c58e90-951e-11ec-9e56-43e71eb77a1a','fe7d6770-951d-11ec-828d-b5a19d0fe540','2022-02-24 03:13:49','2022-02-24 03:13:49','normal',0),('c943b300-951f-11ec-a8de-ab0c51ad3638','Estate','Possimus vel voluptatem hic aut.','Temporibus illo sequi pariatur quaerat.',15,'item',1,'btc,xmr,stb','04c529d0-951e-11ec-98ee-0db9edcc8b17','facf3670-951d-11ec-8204-67ac57c3a213','2022-02-24 03:13:49','2022-02-24 03:13:49','normal',0),('c9457340-951f-11ec-abb1-5fc61040420d','Ville','Sequi est rerum ipsa ut aspernatur doloremque voluptas.','Tenetur dolorum facere ea repudiandae.',6,'item',1,'btc,xmr,stb','04c529d0-951e-11ec-98ee-0db9edcc8b17','02c3fbb0-951e-11ec-affb-4992cf58cfc0','2022-02-24 03:13:49','2022-02-24 03:13:49','normal',0),('c946e460-951f-11ec-a99e-cf0d916133f0','Meadows','Ad totam velit explicabo velit repellat et ipsa.','Et accusantium dolorem aut sint.',13,'item',1,'btc,xmr,stb','04c4a1a0-951e-11ec-91ee-f1963301404d','01bb5e80-951e-11ec-8efb-8f178534e71b','2022-02-24 03:13:49','2022-02-24 03:13:49','normal',0),('c9485a20-951f-11ec-b628-3313ad000f94','Forest','Vel unde ut non nam voluptas.','Ducimus minima sed minus et nulla incidunt.',13,'item',1,'btc,xmr,stb','04c529d0-951e-11ec-98ee-0db9edcc8b17','00911430-951e-11ec-a33f-43f98e320ebf','2022-02-24 03:13:49','2022-02-24 03:13:49','normal',0),('c949c380-951f-11ec-a94c-214847afba18','Courts','Non deserunt doloremque necessitatibus ut sunt.','Est iste consequatur et dolores omnis.',3,'item',1,'btc,xmr,stb','04c50450-951e-11ec-b972-453f90ae7d04','02c3fbb0-951e-11ec-affb-4992cf58cfc0','2022-02-24 03:13:49','2022-02-24 03:13:49','normal',0),('c94b2450-951f-11ec-97cf-0b5600fde676','Drives','Qui praesentium repudiandae libero laborum.','Vel sunt voluptas nobis hic est.',14,'item',1,'btc,xmr,stb','04c54fb0-951e-11ec-9e29-b9005dd7f967','42a1bcc0-951e-11ec-97fa-ef289d061829','2022-02-24 03:13:49','2022-02-24 03:13:49','normal',0),('c94c8f00-951f-11ec-92e9-7dae7670a915','Spur','Assumenda vel et saepe repudiandae cum minima voluptatibus.','Provident quis cum non suscipit ea ut consequuntur.',10,'item',1,'btc,xmr,stb','04c50450-951e-11ec-b972-453f90ae7d04','01bb5e80-951e-11ec-8efb-8f178534e71b','2022-02-24 03:13:49','2022-02-24 03:13:49','normal',0),('c94de5f0-951f-11ec-bd60-198c9dfe1271','Greens','Cum harum excepturi deleniti in omnis.','Ut aperiam quis quis.',6,'item',1,'btc,xmr,stb','4fd749f0-951e-11ec-bd7c-dbb6c368a30b','44437420-951e-11ec-bcc3-a52816ddd4c3','2022-02-24 03:13:49','2022-02-24 03:13:49','normal',0),('c94f2930-951f-11ec-aee5-879a10525ad9','Plaza','Officia provident molestiae explicabo sint corrupti.','Ad dolor non ratione doloribus.',1,'item',1,'btc,xmr,stb','4fd72a60-951e-11ec-a2dd-77513cb9e858','49a32230-951e-11ec-ac78-ad43e3499b02','2022-02-24 03:13:49','2022-02-24 03:13:49','normal',0),('c9509040-951f-11ec-8631-474af0e163b7','Drive','Dolorem aspernatur minus autem quasi cumque qui quia debitis.','Expedita dolor reiciendis quos voluptatem architecto.',20,'item',1,'btc,xmr,stb','4fd7a790-951e-11ec-ba89-cb5150d44a92','4efaa190-951e-11ec-93a2-af79d7132f64','2022-02-24 03:13:49','2022-02-24 03:13:49','normal',0),('c95208e0-951f-11ec-8683-efc062795a11','Mountain','Odio earum necessitatibus rerum eveniet ducimus explicabo et.','Cupiditate ipsum tempora et non autem aliquam non iure.',20,'item',1,'btc,xmr,stb','04c57670-951e-11ec-87dd-27d483285c87','f96af970-951d-11ec-8efc-a1c1d5aa29ca','2022-02-24 03:13:49','2022-02-24 03:13:49','normal',0),('c95396a0-951f-11ec-bbc5-5171d5a4e48e','Street','Dignissimos omnis cumque nesciunt dignissimos aut.','Nihil dolorum nulla fuga illo cum.',12,'item',1,'btc,xmr,stb','04c529d0-951e-11ec-98ee-0db9edcc8b17','4b478110-951e-11ec-b143-3926d8bcf78e','2022-02-24 03:13:49','2022-02-24 03:13:49','normal',0),('c9550070-951f-11ec-9b8a-436c4291a89d','Harbor','Totam aspernatur labore adipisci quisquam ipsam.','Omnis sapiente accusantium voluptatum sint debitis inventore soluta cum.',5,'item',1,'btc,xmr,stb','04c58e90-951e-11ec-9e56-43e71eb77a1a','44437420-951e-11ec-bcc3-a52816ddd4c3','2022-02-24 03:13:49','2022-02-24 03:13:49','normal',0),('c956a8b0-951f-11ec-be8b-799783971485','Mews','Maxime libero corporis eaque aut repellendus.','Aut ex consequatur est aut est ipsam.',19,'item',1,'btc,xmr,stb','04c529d0-951e-11ec-98ee-0db9edcc8b17','02c3fbb0-951e-11ec-affb-4992cf58cfc0','2022-02-24 03:13:49','2022-02-24 03:13:49','normal',0),('c957fca0-951f-11ec-b568-73fc1264a937','Circle','Voluptatem at facilis unde debitis distinctio et.','Ut omnis debitis ut fuga ipsa tempora.',13,'item',1,'btc,xmr,stb','4fd72a60-951e-11ec-a2dd-77513cb9e858','03c53f20-951e-11ec-8b6b-99a4dbb457ee','2022-02-24 03:13:49','2022-02-24 03:13:49','normal',0),('c9596150-951f-11ec-a945-ddea3752d94f','Circles','Cum omnis eveniet exercitationem quia consequuntur voluptate.','Et fugit dolorum omnis minima quisquam iusto.',18,'item',1,'btc,xmr,stb','04c529d0-951e-11ec-98ee-0db9edcc8b17','4dff0fe0-951e-11ec-aeaf-394377d63aee','2022-02-24 03:13:49','2022-02-24 03:13:49','normal',0),('c95ad6b0-951f-11ec-9616-77b2a74a2b37','Viaduct','Aliquam iusto quis repellendus tenetur.','Saepe non odio cumque rerum animi.',13,'item',1,'btc,xmr,stb','4fd749f0-951e-11ec-bd7c-dbb6c368a30b','4cf4a490-951e-11ec-964b-ff11567f12e6','2022-02-24 03:13:49','2022-02-24 03:13:49','normal',0),('c95c6560-951f-11ec-a11b-2d13e81e488a','Bridge','Non ut sequi et aspernatur.','Dolorum ut suscipit perspiciatis consequatur.',4,'item',1,'btc,xmr,stb','04c54fb0-951e-11ec-9e29-b9005dd7f967','fbcd9450-951d-11ec-84b1-63d5757e4fb2','2022-02-24 03:13:49','2022-02-24 03:13:49','normal',0),('c95dbee0-951f-11ec-bd2e-0586b03c22e1','Ports','Esse numquam quos optio quisquam neque facilis.','Aut ipsa placeat quos.',4,'item',1,'btc,xmr,stb','04c4dd20-951e-11ec-843e-6b4d5bc6f7fc','fcd54360-951d-11ec-8e7b-e902930b2ba1','2022-02-24 03:13:49','2022-02-24 03:13:49','normal',0),('c95f8320-951f-11ec-9a7c-59fe022b2e6d','Lake','Quas molestiae nulla quisquam necessitatibus illo.','Repudiandae eius error quis qui in.',8,'item',1,'btc,xmr,stb','04c50450-951e-11ec-b972-453f90ae7d04','fbcd9450-951d-11ec-84b1-63d5757e4fb2','2022-02-24 03:13:49','2022-02-24 03:13:49','normal',0),('c960d540-951f-11ec-b292-117a2e5fe34e','Overpass','Vero optio aut sint dolor deserunt nulla.','Quasi eveniet quidem saepe sunt.',4,'item',1,'btc,xmr,stb','04c4dd20-951e-11ec-843e-6b4d5bc6f7fc','f96af970-951d-11ec-8efc-a1c1d5aa29ca','2022-02-24 03:13:49','2022-02-24 03:13:49','normal',0),('c9624610-951f-11ec-8afb-992a7a6c6a51','Shores','Dolorem assumenda voluptas autem.','Eaque nisi ipsum sequi nesciunt.',18,'item',1,'btc,xmr,stb','4fd72a60-951e-11ec-a2dd-77513cb9e858','44437420-951e-11ec-bcc3-a52816ddd4c3','2022-02-24 03:13:49','2022-02-24 03:13:49','normal',0),('c9639530-951f-11ec-9148-8d6764038466','Parkway','Repudiandae et ducimus odio omnis reiciendis fuga dolorem.','Qui quasi velit quaerat ex molestiae veritatis omnis et.',14,'item',1,'btc,xmr,stb','04c4dd20-951e-11ec-843e-6b4d5bc6f7fc','00911430-951e-11ec-a33f-43f98e320ebf','2022-02-24 03:13:49','2022-02-24 03:13:49','normal',0),('c964e610-951f-11ec-bdc9-4503f2df7b0e','Pine','Aut consequatur suscipit reprehenderit doloremque laboriosam exercitationem.','Deleniti dolorem suscipit totam accusamus iure dolorem.',6,'item',1,'btc,xmr,stb','04c529d0-951e-11ec-98ee-0db9edcc8b17','f9aea3e0-951d-11ec-b0ef-7952154df8eb','2022-02-24 03:13:49','2022-02-24 03:13:49','normal',0),('c96644c0-951f-11ec-b5c3-d5abe3aa1f64','Via','Velit in voluptate consequatur nesciunt corporis ut.','Tenetur ducimus a omnis sunt eum unde officia.',10,'item',1,'btc,xmr,stb','4fd6dd10-951e-11ec-8a86-7fada936d154','00911430-951e-11ec-a33f-43f98e320ebf','2022-02-24 03:13:49','2022-02-24 03:13:49','normal',0),('c967c760-951f-11ec-aa8d-97c7482cf98a','Stravenue','Sit voluptate vero iusto dignissimos assumenda.','Vel quis est ex sit vero ut illo.',13,'item',1,'btc,xmr,stb','4fd6dd10-951e-11ec-8a86-7fada936d154','01bb5e80-951e-11ec-8efb-8f178534e71b','2022-02-24 03:13:49','2022-02-24 03:13:49','normal',0),('c9694220-951f-11ec-ba36-69fadee5bfdf','Vista','Consectetur mollitia cupiditate rerum architecto officiis nobis aut optio.','Minus aliquam enim necessitatibus quis.',5,'item',1,'btc,xmr,stb','4fd749f0-951e-11ec-bd7c-dbb6c368a30b','00911430-951e-11ec-a33f-43f98e320ebf','2022-02-24 03:13:49','2022-02-24 03:13:49','normal',0),('c96a7a60-951f-11ec-af1a-25c31a55dbb5','Pine','Tempora voluptas exercitationem dolorem tenetur ad molestiae magnam.','Quis quas qui temporibus dicta quae ipsa.',7,'item',1,'btc,xmr,stb','4fd6dd10-951e-11ec-8a86-7fada936d154','fe7d6770-951d-11ec-828d-b5a19d0fe540','2022-02-24 03:13:49','2022-02-24 03:13:49','normal',0),('c96bb350-951f-11ec-be41-a583b470667f','Street','Eius inventore id adipisci ex eum praesentium dolor.','Voluptas distinctio qui labore nam officia.',11,'item',1,'btc,xmr,stb','4fd76940-951e-11ec-8d07-87cbd104a9ff','4efaa190-951e-11ec-93a2-af79d7132f64','2022-02-24 03:13:49','2022-02-24 03:13:49','normal',0),('c96d1450-951f-11ec-b346-d17bd2b2c11f','Fort','Unde qui consectetur voluptates quas corporis eos excepturi.','Et est iure et repellat voluptatem.',15,'item',1,'btc,xmr,stb','4fd749f0-951e-11ec-bd7c-dbb6c368a30b','4dff0fe0-951e-11ec-aeaf-394377d63aee','2022-02-24 03:13:49','2022-02-24 03:13:49','normal',0),('c96e6bd0-951f-11ec-b510-5386606c8397','Motorway','Quia quia est est maxime error quasi.','Eligendi aut tempore sed ipsum fugiat.',10,'item',1,'btc,xmr,stb','4fd76940-951e-11ec-8d07-87cbd104a9ff','49a32230-951e-11ec-ac78-ad43e3499b02','2022-02-24 03:13:49','2022-02-24 03:13:49','normal',0),('c96fa300-951f-11ec-b22b-d97f112a443f','Parkways','Nemo id voluptatem soluta temporibus dolorem commodi.','Quo cum dolores voluptate voluptas.',18,'item',1,'btc,xmr,stb','4fd749f0-951e-11ec-bd7c-dbb6c368a30b','fcd54360-951d-11ec-8e7b-e902930b2ba1','2022-02-24 03:13:49','2022-02-24 03:13:49','normal',0),('c970e320-951f-11ec-9a18-f5520ba89787','Island','Non ipsam rerum voluptas aut consequatur officia perspiciatis.','Nam cupiditate officia id ut nihil pariatur exercitationem dolor.',15,'item',1,'btc,xmr,stb','4fd6dd10-951e-11ec-8a86-7fada936d154','42a1bcc0-951e-11ec-97fa-ef289d061829','2022-02-24 03:13:49','2022-02-24 03:13:49','normal',0),('c9728f10-951f-11ec-b808-45586e833497','Gardens','Est recusandae neque provident.','Est provident architecto autem asperiores vel.',13,'item',1,'btc,xmr,stb','4fd72a60-951e-11ec-a2dd-77513cb9e858','44437420-951e-11ec-bcc3-a52816ddd4c3','2022-02-24 03:13:49','2022-02-24 03:13:49','normal',0),('c9742dd0-951f-11ec-8a8c-6b9cbf6e7ee9','Way','Magnam qui sint ratione alias pariatur.','Natus ut nulla molestiae nisi est et praesentium.',16,'item',1,'btc,xmr,stb','4fd6dd10-951e-11ec-8a86-7fada936d154','4b478110-951e-11ec-b143-3926d8bcf78e','2022-02-24 03:13:49','2022-02-24 03:13:49','normal',0),('c9756280-951f-11ec-8452-23cb17ba7a4c','Tunnel','Officia veritatis quo ducimus.','Sit adipisci non numquam soluta.',18,'item',1,'btc,xmr,stb','4fd7a790-951e-11ec-ba89-cb5150d44a92','f9aea3e0-951d-11ec-b0ef-7952154df8eb','2022-02-24 03:13:49','2022-02-24 03:13:49','normal',0),('c976ca30-951f-11ec-bbfe-0dd327fb43d2','Harbors','Voluptas voluptatibus unde perferendis eum molestiae distinctio quis.','Qui vel quisquam ut sed sunt.',17,'item',1,'btc,xmr,stb','4fd72a60-951e-11ec-a2dd-77513cb9e858','03c53f20-951e-11ec-8b6b-99a4dbb457ee','2022-02-24 03:13:49','2022-02-24 03:13:49','normal',0),('c9788960-951f-11ec-b337-e71b0b7a51c5','Parkways','Iste dolores aut officia.','Qui in non reiciendis omnis dolor aut pariatur.',13,'item',1,'btc,xmr,stb','04c57670-951e-11ec-87dd-27d483285c87','4cf4a490-951e-11ec-964b-ff11567f12e6','2022-02-24 03:13:49','2022-02-24 03:13:49','normal',0),('c97a3e00-951f-11ec-b1a2-57ba5a712e60','Lake','Ratione unde sequi aut corporis qui veritatis voluptate.','Harum minus dolorem doloremque magnam aspernatur eveniet non.',14,'item',1,'btc,xmr,stb','4fd6dd10-951e-11ec-8a86-7fada936d154','ff7ef220-951d-11ec-9d1a-ddfbd28845aa','2022-02-24 03:13:49','2022-02-24 03:13:49','normal',0),('c97b8940-951f-11ec-9d59-d3030e7851f9','Garden','Aut et officia quo cupiditate qui nulla laudantium.','Ut illo eum est possimus asperiores.',13,'item',1,'btc,xmr,stb','04c529d0-951e-11ec-98ee-0db9edcc8b17','4b478110-951e-11ec-b143-3926d8bcf78e','2022-02-24 03:13:49','2022-02-24 03:13:49','normal',0),('c97cf8a0-951f-11ec-adb4-476c06d2742a','Hill','Consequatur sed corporis et.','Ullam cumque tempore magni qui eos minus temporibus.',8,'item',1,'btc,xmr,stb','04c54fb0-951e-11ec-9e29-b9005dd7f967','49a32230-951e-11ec-ac78-ad43e3499b02','2022-02-24 03:13:49','2022-02-24 03:13:49','normal',0),('c97e5f00-951f-11ec-b2a3-ddcd82ec4225','Walk','Praesentium aut laboriosam occaecati assumenda delectus voluptate.','Rerum eaque voluptatem est sint voluptatem sed officiis.',19,'item',1,'btc,xmr,stb','4fd6dd10-951e-11ec-8a86-7fada936d154','4cf4a490-951e-11ec-964b-ff11567f12e6','2022-02-24 03:13:49','2022-02-24 03:13:49','normal',0),('c97facf0-951f-11ec-9f80-3d283b0a637d','Viaduct','Deleniti debitis ut et dolorum id.','Est vel eos delectus fugit ut sit.',7,'item',1,'btc,xmr,stb','4fd6dd10-951e-11ec-8a86-7fada936d154','f96af970-951d-11ec-8efc-a1c1d5aa29ca','2022-02-24 03:13:49','2022-02-24 03:13:49','normal',0),('c980f480-951f-11ec-ac5c-c72b50f558d8','Ridge','Illo modi magni nesciunt aspernatur itaque omnis.','Et ut sapiente aliquid eius ea.',12,'item',1,'btc,xmr,stb','04c4dd20-951e-11ec-843e-6b4d5bc6f7fc','4efaa190-951e-11ec-93a2-af79d7132f64','2022-02-24 03:13:49','2022-02-24 03:13:49','normal',0),('c98239e0-951f-11ec-81c9-2974228eb87b','Islands','Corporis tempore magni odit aut.','Sapiente iste aut perferendis aut ut et et.',2,'item',1,'btc,xmr,stb','04c50450-951e-11ec-b972-453f90ae7d04','fbcd9450-951d-11ec-84b1-63d5757e4fb2','2022-02-24 03:13:49','2022-02-24 03:13:49','normal',0),('c9850480-951f-11ec-af9e-7136275a380f','Orchard','Cum esse dolorem libero architecto similique culpa.','Repellendus tempore ullam asperiores dolores eligendi temporibus et.',18,'item',1,'btc,xmr,stb','04c4a1a0-951e-11ec-91ee-f1963301404d','4dff0fe0-951e-11ec-aeaf-394377d63aee','2022-02-24 03:13:49','2022-02-24 03:13:49','normal',0),('c9867300-951f-11ec-b4b8-777293c526a9','Parkway','Repellendus est reprehenderit sapiente eum quo quod excepturi.','Commodi dolor aut molestias.',14,'item',1,'btc,xmr,stb','4fd6dd10-951e-11ec-8a86-7fada936d154','f96af970-951d-11ec-8efc-a1c1d5aa29ca','2022-02-24 03:13:49','2022-02-24 03:13:49','normal',0),('c987fda0-951f-11ec-8d05-b1db3ce073a3','Mission','Qui corrupti dolor architecto sequi aspernatur vero.','Est similique eligendi ipsam.',3,'item',1,'btc,xmr,stb','4fd78860-951e-11ec-9103-a9eb4bee0c56','45e72aa0-951e-11ec-b3cc-9be1bb6debc6','2022-02-24 03:13:49','2022-02-24 03:13:49','normal',0),('c98b6f40-951f-11ec-a5bb-ed0d1df106ce','Park','Ipsa porro quia quo quis ratione et consectetur.','Dolor iste sunt ullam et reiciendis.',10,'item',1,'btc,xmr,stb','4fd749f0-951e-11ec-bd7c-dbb6c368a30b','00911430-951e-11ec-a33f-43f98e320ebf','2022-02-24 03:13:49','2022-02-24 03:13:49','normal',0),('c98d66c0-951f-11ec-80e7-97813b50f4ba','Ranch','Quas corrupti voluptate velit.','Deleniti modi eveniet repudiandae est aut temporibus omnis.',8,'item',1,'btc,xmr,stb','4fd72a60-951e-11ec-a2dd-77513cb9e858','4785e0d0-951e-11ec-81b5-8fb04fa7ba3e','2022-02-24 03:13:49','2022-02-24 03:13:49','normal',0),('c98f97c0-951f-11ec-b814-9db19830695b','Roads','Quisquam molestiae consequuntur eum vel.','Cupiditate enim ut officiis rerum accusantium.',7,'item',1,'btc,xmr,stb','04c57670-951e-11ec-87dd-27d483285c87','ff7ef220-951d-11ec-9d1a-ddfbd28845aa','2022-02-24 03:13:49','2022-02-24 03:13:49','normal',0),('c9921a60-951f-11ec-8072-ddb8715172e2','Ports','Impedit quos sunt distinctio fugiat.','Et sit et facilis quibusdam odit non.',16,'item',1,'btc,xmr,stb','4fd6dd10-951e-11ec-8a86-7fada936d154','f9aea3e0-951d-11ec-b0ef-7952154df8eb','2022-02-24 03:13:49','2022-02-24 03:13:49','normal',0),('c994eb10-951f-11ec-8cad-9bbceb3bfe42','Plaza','Amet vero sed hic.','Esse officiis neque laboriosam vero voluptas odio incidunt dolor.',12,'item',1,'btc,xmr,stb','4fd749f0-951e-11ec-bd7c-dbb6c368a30b','f9aea3e0-951d-11ec-b0ef-7952154df8eb','2022-02-24 03:13:50','2022-02-24 03:13:50','normal',0),('c99724c0-951f-11ec-8d48-c3d7ddeaaf94','Lock','Facere amet nisi tenetur.','Corrupti tempora qui quisquam praesentium itaque.',2,'item',1,'btc,xmr,stb','04c50450-951e-11ec-b972-453f90ae7d04','4cf4a490-951e-11ec-964b-ff11567f12e6','2022-02-24 03:13:50','2022-02-24 03:13:50','normal',0),('c998bf70-951f-11ec-8015-bb470f34af1e','Port','Exercitationem nobis quisquam hic et et.','Fuga architecto qui pariatur veniam.',16,'item',1,'btc,xmr,stb','04c57670-951e-11ec-87dd-27d483285c87','f96af970-951d-11ec-8efc-a1c1d5aa29ca','2022-02-24 03:13:50','2022-02-24 03:13:50','normal',0),('c99ab3f0-951f-11ec-8b2d-e99ce19b672c','Streets','Vero delectus nobis reprehenderit soluta.','Sed molestias quo dolor non animi fuga et.',12,'item',1,'btc,xmr,stb','04c54fb0-951e-11ec-9e29-b9005dd7f967','45e72aa0-951e-11ec-b3cc-9be1bb6debc6','2022-02-24 03:13:50','2022-02-24 03:13:50','normal',0),('c99cb640-951f-11ec-aa52-7b6d186a37e9','Avenue','Beatae ullam dolores consequatur quos.','Non consequatur velit fuga a reprehenderit in.',4,'item',1,'btc,xmr,stb','4fd6dd10-951e-11ec-8a86-7fada936d154','ff7ef220-951d-11ec-9d1a-ddfbd28845aa','2022-02-24 03:13:50','2022-02-24 03:13:50','normal',0),('c99e9630-951f-11ec-820c-f15e8a27f208','Burg','Placeat voluptatibus fuga et a.','Sed tenetur iusto rerum aliquam architecto.',19,'item',1,'btc,xmr,stb','4fd70a40-951e-11ec-a301-994ebe8f7fce','49a32230-951e-11ec-ac78-ad43e3499b02','2022-02-24 03:13:50','2022-02-24 03:13:50','normal',0),('c99fd800-951f-11ec-8988-c96bbf7ef1ad','Land','Libero numquam numquam voluptas sapiente aut.','Magnam aut in itaque enim cupiditate.',2,'item',1,'btc,xmr,stb','04c4dd20-951e-11ec-843e-6b4d5bc6f7fc','4785e0d0-951e-11ec-81b5-8fb04fa7ba3e','2022-02-24 03:13:50','2022-02-24 03:13:50','normal',0),('c9a12750-951f-11ec-a6ef-31cb707456ab','Fall','In quo voluptas blanditiis a iure.','Id libero ipsum fugiat recusandae officia tempore quis.',15,'item',1,'btc,xmr,stb','04c54fb0-951e-11ec-9e29-b9005dd7f967','4785e0d0-951e-11ec-81b5-8fb04fa7ba3e','2022-02-24 03:13:50','2022-02-24 03:13:50','normal',0),('c9a2b050-951f-11ec-a528-07dcc5dff027','Track','Nam impedit magnam est quasi veritatis similique.','Ipsa rerum exercitationem iure nostrum et vitae eveniet.',10,'item',1,'btc,xmr,stb','04c54fb0-951e-11ec-9e29-b9005dd7f967','4b478110-951e-11ec-b143-3926d8bcf78e','2022-02-24 03:13:50','2022-02-24 03:13:50','normal',0),('c9a431f0-951f-11ec-92e0-ab1c40bf89ce','Via','Ut officia voluptatem quasi voluptas consequatur.','Sunt nihil quia rem odit.',1,'item',1,'btc,xmr,stb','04c50450-951e-11ec-b972-453f90ae7d04','4efaa190-951e-11ec-93a2-af79d7132f64','2022-02-24 03:13:50','2022-02-24 03:13:50','normal',0),('c9a60b80-951f-11ec-9444-f38b5d259017','Walk','Voluptas consequatur corporis voluptatem quibusdam assumenda quasi porro.','Quibusdam esse eligendi quos ab aut amet dolores.',18,'item',1,'btc,xmr,stb','4fd749f0-951e-11ec-bd7c-dbb6c368a30b','f96af970-951d-11ec-8efc-a1c1d5aa29ca','2022-02-24 03:13:50','2022-02-24 03:13:50','normal',0),('c9a75fa0-951f-11ec-8a2a-0502283778c9','Shore','Aut ducimus molestiae eos tempora aperiam aut.','Ut voluptatem delectus voluptas voluptas voluptatem odit.',18,'item',1,'btc,xmr,stb','04c4dd20-951e-11ec-843e-6b4d5bc6f7fc','facf3670-951d-11ec-8204-67ac57c3a213','2022-02-24 03:13:50','2022-02-24 03:13:50','normal',0),('c9a89730-951f-11ec-9655-e5fa70ff8d62','Brooks','Non voluptatum occaecati delectus ipsam deserunt incidunt eos omnis.','Suscipit ut aut nesciunt totam.',4,'item',1,'btc,xmr,stb','04c54fb0-951e-11ec-9e29-b9005dd7f967','49a32230-951e-11ec-ac78-ad43e3499b02','2022-02-24 03:13:50','2022-02-24 03:13:50','normal',0),('c9aa2ce0-951f-11ec-a37a-15ff8a5fe281','Fork','Perferendis quia non blanditiis asperiores amet voluptatem.','Praesentium veritatis est ab voluptatem reiciendis sed.',4,'item',1,'btc,xmr,stb','4fd72a60-951e-11ec-a2dd-77513cb9e858','45e72aa0-951e-11ec-b3cc-9be1bb6debc6','2022-02-24 03:13:50','2022-02-24 03:13:50','normal',0),('c9ab74c0-951f-11ec-85a2-e70c707f6ad4','Dale','Enim quia quia quaerat placeat vel provident velit.','Ut sapiente nostrum voluptatibus officiis aut est.',13,'item',1,'btc,xmr,stb','04c529d0-951e-11ec-98ee-0db9edcc8b17','4efaa190-951e-11ec-93a2-af79d7132f64','2022-02-24 03:13:50','2022-02-24 03:13:50','normal',0),('c9ad1dc0-951f-11ec-b24c-db99f2938f2d','Freeway','Sequi incidunt adipisci ipsa sit maiores rerum atque.','Dolorum sequi accusantium ratione tempore dolor.',3,'item',1,'btc,xmr,stb','4fd70a40-951e-11ec-a301-994ebe8f7fce','facf3670-951d-11ec-8204-67ac57c3a213','2022-02-24 03:13:50','2022-02-24 03:13:50','normal',0),('c9ae8d60-951f-11ec-92c9-07ba5995467d','Trail','Fugit sequi molestiae sit.','Sit est aliquam odio delectus voluptatem inventore veritatis.',13,'item',1,'btc,xmr,stb','04c54fb0-951e-11ec-9e29-b9005dd7f967','49a32230-951e-11ec-ac78-ad43e3499b02','2022-02-24 03:13:50','2022-02-24 03:13:50','normal',0),('c9b05880-951f-11ec-b975-a7d8470aecc4','Forge','Quod at atque tenetur optio dolor omnis.','Explicabo blanditiis aliquid molestiae voluptatibus qui.',11,'item',1,'btc,xmr,stb','4fd6dd10-951e-11ec-8a86-7fada936d154','44437420-951e-11ec-bcc3-a52816ddd4c3','2022-02-24 03:13:50','2022-02-24 03:13:50','normal',0),('c9b1bf00-951f-11ec-9bed-bffa7d45a48b','Plains','Et expedita dolor esse fugit.','Aut dolores quibusdam ullam adipisci ut sunt est.',18,'item',1,'btc,xmr,stb','4fd749f0-951e-11ec-bd7c-dbb6c368a30b','4efaa190-951e-11ec-93a2-af79d7132f64','2022-02-24 03:13:50','2022-02-24 03:13:50','normal',0),('c9b34ec0-951f-11ec-a83b-e90331ef0b0b','Bridge','Cumque natus aut rem sed provident.','Voluptatem et natus dolores consectetur pariatur deserunt.',14,'item',1,'btc,xmr,stb','04c58e90-951e-11ec-9e56-43e71eb77a1a','fbcd9450-951d-11ec-84b1-63d5757e4fb2','2022-02-24 03:13:50','2022-02-24 03:13:50','normal',0),('c9b49df0-951f-11ec-bf74-391f1cc5e973','Expressway','Fuga odit iste ducimus est.','Magni est qui iusto iusto sed blanditiis incidunt.',6,'item',1,'btc,xmr,stb','4fd76940-951e-11ec-8d07-87cbd104a9ff','03c53f20-951e-11ec-8b6b-99a4dbb457ee','2022-02-24 03:13:50','2022-02-24 03:13:50','normal',0),('c9b69840-951f-11ec-99de-35e1b2ec793f','Roads','Alias velit deserunt minima quia eos.','Ad natus vero sint ipsa quasi at qui.',10,'item',1,'btc,xmr,stb','4fd7a790-951e-11ec-ba89-cb5150d44a92','fbcd9450-951d-11ec-84b1-63d5757e4fb2','2022-02-24 03:13:50','2022-02-24 03:13:50','normal',0),('c9b7cf30-951f-11ec-807d-71a0e9cd95ec','Bridge','Voluptates modi hic tempora qui omnis.','Ducimus et delectus commodi ut quo repellendus ex.',2,'item',1,'btc,xmr,stb','04c529d0-951e-11ec-98ee-0db9edcc8b17','01bb5e80-951e-11ec-8efb-8f178534e71b','2022-02-24 03:13:50','2022-02-24 03:13:50','normal',0),('c9b99260-951f-11ec-951f-c1a8e21dce6d','Rue','Possimus quam et et mollitia.','Earum magni dolorem quis itaque dicta atque iste eos.',1,'item',1,'btc,xmr,stb','4fd76940-951e-11ec-8d07-87cbd104a9ff','fbcd9450-951d-11ec-84b1-63d5757e4fb2','2022-02-24 03:13:50','2022-02-24 03:13:50','normal',0),('c9bad490-951f-11ec-b952-7395652bf184','Motorway','Deleniti soluta placeat neque rerum officia cumque qui omnis.','Nulla nihil ut reprehenderit et sunt cum.',5,'item',1,'btc,xmr,stb','4fd7a790-951e-11ec-ba89-cb5150d44a92','49a32230-951e-11ec-ac78-ad43e3499b02','2022-02-24 03:13:50','2022-02-24 03:13:50','normal',0),('c9bc1a70-951f-11ec-8864-5bc85fe1d01d','Pine','Illo facere eveniet qui voluptatem.','Earum perspiciatis voluptatem quibusdam fuga delectus repellat.',13,'item',1,'btc,xmr,stb','04c54fb0-951e-11ec-9e29-b9005dd7f967','00911430-951e-11ec-a33f-43f98e320ebf','2022-02-24 03:13:50','2022-02-24 03:13:50','normal',0),('c9bdb4e0-951f-11ec-bd76-2ff600cc4f5e','Roads','Doloribus voluptas qui tempore autem assumenda.','Dolores explicabo in fuga sed provident eveniet.',3,'item',1,'btc,xmr,stb','04c57670-951e-11ec-87dd-27d483285c87','00911430-951e-11ec-a33f-43f98e320ebf','2022-02-24 03:13:50','2022-02-24 03:13:50','normal',0),('c9bf10e0-951f-11ec-869e-a1344c3b4ecf','Light','Suscipit harum neque nisi sed ut qui minus.','Et quam nostrum ut dolore blanditiis.',10,'item',1,'btc,xmr,stb','04c4a1a0-951e-11ec-91ee-f1963301404d','42a1bcc0-951e-11ec-97fa-ef289d061829','2022-02-24 03:13:50','2022-02-24 03:13:50','normal',0),('c9c04a80-951f-11ec-975d-931d45fe8c0d','Place','Sed itaque assumenda debitis.','Error id id omnis voluptatem quidem voluptatum.',8,'item',1,'btc,xmr,stb','04c4dd20-951e-11ec-843e-6b4d5bc6f7fc','44437420-951e-11ec-bcc3-a52816ddd4c3','2022-02-24 03:13:50','2022-02-24 03:13:50','normal',0),('c9c1acc0-951f-11ec-9d3b-8b4244e32d9f','Lane','Dolores iusto quia aperiam saepe accusantium.','Aut saepe maiores assumenda ut libero quibusdam.',15,'item',1,'btc,xmr,stb','4fd72a60-951e-11ec-a2dd-77513cb9e858','02c3fbb0-951e-11ec-affb-4992cf58cfc0','2022-02-24 03:13:50','2022-02-24 03:13:50','normal',0),('c9c30400-951f-11ec-8c71-71fe1025ecd0','Motorway','Tempore quia sit accusamus voluptatem sunt itaque qui sit.','Exercitationem eum laboriosam ut est non qui.',15,'item',1,'btc,xmr,stb','4fd70a40-951e-11ec-a301-994ebe8f7fce','4dff0fe0-951e-11ec-aeaf-394377d63aee','2022-02-24 03:13:50','2022-02-24 03:13:50','normal',0),('c9c48a10-951f-11ec-b54c-337f030d5dd4','Union','Cupiditate sed eum culpa accusamus dolorem debitis maxime.','Et qui voluptatum nam non eos.',14,'item',1,'btc,xmr,stb','04c54fb0-951e-11ec-9e29-b9005dd7f967','45e72aa0-951e-11ec-b3cc-9be1bb6debc6','2022-02-24 03:13:50','2022-02-24 03:13:50','normal',0),('c9c5d0f0-951f-11ec-9a41-d9c52610ff4c','Harbors','Molestias ut deserunt saepe necessitatibus minima.','Ratione unde aliquid quibusdam quo.',10,'item',1,'btc,xmr,stb','4fd78860-951e-11ec-9103-a9eb4bee0c56','49a32230-951e-11ec-ac78-ad43e3499b02','2022-02-24 03:13:50','2022-02-24 03:13:50','normal',0),('e5265150-951e-11ec-90f3-833aa8d87093','Lock','Maiores sit mollitia saepe.','Iure eaque at est ut iusto quia.',14,'item',1,'btc,xmr,stb','04c57670-951e-11ec-87dd-27d483285c87','fcd54360-951d-11ec-8e7b-e902930b2ba1','2022-02-24 03:07:26','2022-02-24 03:07:26','normal',0);
/*!40000 ALTER TABLE `products` ENABLE KEYS */;
UNLOCK TABLES;

--
-- Table structure for table `purchases`
--

DROP TABLE IF EXISTS `purchases`;
/*!40101 SET @saved_cs_client     = @@character_set_client */;
/*!40101 SET character_set_client = utf8 */;
CREATE TABLE `purchases` (
  `id` char(36) COLLATE utf8mb4_unicode_ci NOT NULL,
  `offer_id` char(36) COLLATE utf8mb4_unicode_ci NOT NULL,
  `shipping_id` char(36) COLLATE utf8mb4_unicode_ci DEFAULT NULL,
  `buyer_id` char(36) COLLATE utf8mb4_unicode_ci DEFAULT NULL,
  `vendor_id` char(36) COLLATE utf8mb4_unicode_ci NOT NULL,
  `dispute_id` char(36) COLLATE utf8mb4_unicode_ci DEFAULT NULL,
  `feedback_id` char(36) COLLATE utf8mb4_unicode_ci DEFAULT NULL,
  `quantity` int(10) unsigned NOT NULL,
  `address` text COLLATE utf8mb4_unicode_ci NOT NULL,
  `to_pay` decimal(24,12) NOT NULL,
  `message` text COLLATE utf8mb4_unicode_ci NOT NULL,
  `state` enum('purchased','sent','delivered','disputed','canceled') COLLATE utf8mb4_unicode_ci NOT NULL DEFAULT 'purchased',
  `type` enum('fe','normal') COLLATE utf8mb4_unicode_ci NOT NULL DEFAULT 'normal',
  `coin_name` varchar(5) COLLATE utf8mb4_unicode_ci NOT NULL DEFAULT 'btc',
  `marketplace_address` text COLLATE utf8mb4_unicode_ci DEFAULT NULL,
  `multisig_address` text COLLATE utf8mb4_unicode_ci DEFAULT NULL,
  `redeem_script` text COLLATE utf8mb4_unicode_ci DEFAULT NULL,
  `private_key` text COLLATE utf8mb4_unicode_ci DEFAULT NULL,
  `hex` text COLLATE utf8mb4_unicode_ci DEFAULT NULL,
  `read` tinyint(1) NOT NULL DEFAULT 0,
  `delivered_product` text COLLATE utf8mb4_unicode_ci DEFAULT NULL,
  `created_at` timestamp NULL DEFAULT NULL,
  `updated_at` timestamp NULL DEFAULT NULL,
  `status_notification` mediumtext COLLATE utf8mb4_unicode_ci DEFAULT NULL,
  PRIMARY KEY (`id`),
  KEY `purchases_offer_id_foreign` (`offer_id`),
  KEY `purchases_shipping_id_foreign` (`shipping_id`),
  KEY `purchases_buyer_id_foreign` (`buyer_id`),
  KEY `purchases_vendor_id_foreign` (`vendor_id`),
  KEY `purchases_feedback_id_foreign` (`feedback_id`),
  CONSTRAINT `purchases_buyer_id_foreign` FOREIGN KEY (`buyer_id`) REFERENCES `users` (`id`) ON DELETE SET NULL,
  CONSTRAINT `purchases_feedback_id_foreign` FOREIGN KEY (`feedback_id`) REFERENCES `feedback` (`id`) ON DELETE SET NULL,
  CONSTRAINT `purchases_offer_id_foreign` FOREIGN KEY (`offer_id`) REFERENCES `offers` (`id`) ON DELETE CASCADE,
  CONSTRAINT `purchases_shipping_id_foreign` FOREIGN KEY (`shipping_id`) REFERENCES `shippings` (`id`) ON DELETE SET NULL,
  CONSTRAINT `purchases_vendor_id_foreign` FOREIGN KEY (`vendor_id`) REFERENCES `vendors` (`id`) ON DELETE CASCADE
) ENGINE=InnoDB DEFAULT CHARSET=utf8mb4 COLLATE=utf8mb4_unicode_ci;
/*!40101 SET character_set_client = @saved_cs_client */;

--
-- Dumping data for table `purchases`
--

LOCK TABLES `purchases` WRITE;
/*!40000 ALTER TABLE `purchases` DISABLE KEYS */;
/*!40000 ALTER TABLE `purchases` ENABLE KEYS */;
UNLOCK TABLES;

--
-- Table structure for table `shippings`
--

DROP TABLE IF EXISTS `shippings`;
/*!40101 SET @saved_cs_client     = @@character_set_client */;
/*!40101 SET character_set_client = utf8 */;
CREATE TABLE `shippings` (
  `id` char(36) COLLATE utf8mb4_unicode_ci NOT NULL,
  `product_id` char(36) COLLATE utf8mb4_unicode_ci NOT NULL,
  `name` varchar(255) COLLATE utf8mb4_unicode_ci NOT NULL,
  `price` decimal(16,2) NOT NULL,
  `duration` varchar(30) COLLATE utf8mb4_unicode_ci NOT NULL,
  `from_quantity` int(11) NOT NULL,
  `to_quantity` int(11) NOT NULL,
  `created_at` timestamp NULL DEFAULT NULL,
  `updated_at` timestamp NULL DEFAULT NULL,
  `deleted` tinyint(1) NOT NULL DEFAULT 0,
  PRIMARY KEY (`id`),
  KEY `shippings_product_id_foreign` (`product_id`),
  CONSTRAINT `shippings_product_id_foreign` FOREIGN KEY (`product_id`) REFERENCES `products` (`id`) ON DELETE CASCADE
) ENGINE=InnoDB DEFAULT CHARSET=utf8mb4 COLLATE=utf8mb4_unicode_ci;
/*!40101 SET character_set_client = @saved_cs_client */;

--
-- Dumping data for table `shippings`
--

LOCK TABLES `shippings` WRITE;
/*!40000 ALTER TABLE `shippings` DISABLE KEYS */;
INSERT INTO `shippings` VALUES ('050d6f10-951e-11ec-9f9d-49cf8b44b8a9','04c5eb40-951e-11ec-841d-0bcbe51ad6d4','Shipping for Ranch',2.28,'1-2 weeks',1,30,'2022-02-24 03:01:10','2022-02-24 03:01:10',0),('33e90ea0-951f-11ec-9eb0-d306f5d5ccaf','33e74530-951f-11ec-9431-456bbf6cfb6d','Shipping for Lakes',0.94,'1-2 weeks',1,30,'2022-02-24 03:09:38','2022-02-24 03:09:38',0),('4fdae5e0-951e-11ec-b657-1f871fa76900','4fd82b70-951e-11ec-bc48-074ed8b89289','Shipping for Club',4.46,'1-2 weeks',1,30,'2022-02-24 03:03:16','2022-02-24 03:03:16',0),('7e8a3d60-951f-11ec-a8f2-934384a20d71','7e87bd90-951f-11ec-9769-fdb0c055a528','Shipping for Avenue',1.99,'1-2 weeks',1,30,'2022-02-24 03:11:44','2022-02-24 03:11:44',0),('9a8e35e0-951e-11ec-a447-ed06e3b80327','9a8bce60-951e-11ec-b615-5b37adc18ad2','Shipping for Viaduct',1.42,'1-2 weeks',1,30,'2022-02-24 03:05:21','2022-02-24 03:05:21',0),('c93284c0-951f-11ec-8faa-a3236918c69a','c92fe120-951f-11ec-8028-79442e204b9f','Shipping for Burgs',2.74,'1-2 weeks',1,30,'2022-02-24 03:13:49','2022-02-24 03:13:49',0),('c93490b0-951f-11ec-a3e0-55f350515359','c9333520-951f-11ec-a88f-63540617013b','Shipping for Walks',1.40,'1-2 weeks',1,30,'2022-02-24 03:13:49','2022-02-24 03:13:49',0),('c936e650-951f-11ec-b373-f90b284413c4','c9357130-951f-11ec-9631-51f55381712f','Shipping for Manor',2.36,'1-2 weeks',1,30,'2022-02-24 03:13:49','2022-02-24 03:13:49',0),('c93861f0-951f-11ec-8820-81f40ca0badd','c9378a20-951f-11ec-a2c6-71c184a47a9e','Shipping for Brook',1.53,'1-2 weeks',1,30,'2022-02-24 03:13:49','2022-02-24 03:13:49',0),('c939d010-951f-11ec-9ab2-7d1bf90de607','c938e4b0-951f-11ec-a3cb-9da3b26d980d','Shipping for View',0.96,'1-2 weeks',1,30,'2022-02-24 03:13:49','2022-02-24 03:13:49',0),('c93b5c30-951f-11ec-ac53-65c6f98613df','c93a5070-951f-11ec-95e4-23b3d5a965bf','Shipping for Motorway',3.92,'1-2 weeks',1,30,'2022-02-24 03:13:49','2022-02-24 03:13:49',0),('c93cdd10-951f-11ec-afa8-77757dce7e50','c93bdd30-951f-11ec-a880-ebb78d86d807','Shipping for Squares',4.79,'1-2 weeks',1,30,'2022-02-24 03:13:49','2022-02-24 03:13:49',0),('c93e5260-951f-11ec-baf9-21472c651022','c93d7530-951f-11ec-8e87-95e12ad8d85a','Shipping for Square',4.33,'1-2 weeks',1,30,'2022-02-24 03:13:49','2022-02-24 03:13:49',0),('c93fe420-951f-11ec-a471-83d0130838db','c93ec980-951f-11ec-a113-2fe085b405ae','Shipping for Locks',0.17,'1-2 weeks',1,30,'2022-02-24 03:13:49','2022-02-24 03:13:49',0),('c9412880-951f-11ec-9a7c-51bb1ad09537','c9406060-951f-11ec-b0f4-fd830803062a','Shipping for Bypass',1.84,'1-2 weeks',1,30,'2022-02-24 03:13:49','2022-02-24 03:13:49',0),('c94316a0-951f-11ec-aed3-67588f31d16a','c941a150-951f-11ec-afe3-0d447f2b6998','Shipping for Ville',4.54,'1-2 weeks',1,30,'2022-02-24 03:13:49','2022-02-24 03:13:49',0),('c944f5d0-951f-11ec-a888-df0096e9bd8c','c943b300-951f-11ec-a8de-ab0c51ad3638','Shipping for Estate',3.60,'1-2 weeks',1,30,'2022-02-24 03:13:49','2022-02-24 03:13:49',0),('c94667f0-951f-11ec-9ff7-cdf4236317fa','c9457340-951f-11ec-abb1-5fc61040420d','Shipping for Ville',1.05,'1-2 weeks',1,30,'2022-02-24 03:13:49','2022-02-24 03:13:49',0),('c947de50-951f-11ec-9c31-6fda6c60c39d','c946e460-951f-11ec-a99e-cf0d916133f0','Shipping for Meadows',0.86,'1-2 weeks',1,30,'2022-02-24 03:13:49','2022-02-24 03:13:49',0),('c94947a0-951f-11ec-838d-7521465ab920','c9485a20-951f-11ec-b628-3313ad000f94','Shipping for Forest',4.76,'1-2 weeks',1,30,'2022-02-24 03:13:49','2022-02-24 03:13:49',0),('c94aa810-951f-11ec-9085-1b3dbdc73999','c949c380-951f-11ec-a94c-214847afba18','Shipping for Courts',1.96,'1-2 weeks',1,30,'2022-02-24 03:13:49','2022-02-24 03:13:49',0),('c94c1300-951f-11ec-95c6-eba2b8b44a1e','c94b2450-951f-11ec-97cf-0b5600fde676','Shipping for Drives',2.22,'1-2 weeks',1,30,'2022-02-24 03:13:49','2022-02-24 03:13:49',0),('c94d6ac0-951f-11ec-9c7a-1dcc3c6c7d7d','c94c8f00-951f-11ec-92e9-7dae7670a915','Shipping for Spur',1.32,'1-2 weeks',1,30,'2022-02-24 03:13:49','2022-02-24 03:13:49',0),('c94eadd0-951f-11ec-9118-ed92c8014a36','c94de5f0-951f-11ec-bd60-198c9dfe1271','Shipping for Greens',3.27,'1-2 weeks',1,30,'2022-02-24 03:13:49','2022-02-24 03:13:49',0),('c95014d0-951f-11ec-a179-6f39a60963c7','c94f2930-951f-11ec-aee5-879a10525ad9','Shipping for Plaza',2.07,'1-2 weeks',1,30,'2022-02-24 03:13:49','2022-02-24 03:13:49',0),('c9518d80-951f-11ec-9d5a-417659c9af49','c9509040-951f-11ec-8631-474af0e163b7','Shipping for Drive',0.15,'1-2 weeks',1,30,'2022-02-24 03:13:49','2022-02-24 03:13:49',0),('c9531b60-951f-11ec-9474-011da50f5933','c95208e0-951f-11ec-8683-efc062795a11','Shipping for Mountain',1.28,'1-2 weeks',1,30,'2022-02-24 03:13:49','2022-02-24 03:13:49',0),('c9548560-951f-11ec-9288-a3ea173c6935','c95396a0-951f-11ec-bbc5-5171d5a4e48e','Shipping for Street',0.24,'1-2 weeks',1,30,'2022-02-24 03:13:49','2022-02-24 03:13:49',0),('c9561080-951f-11ec-87a8-650b45eb4678','c9550070-951f-11ec-9b8a-436c4291a89d','Shipping for Harbor',2.98,'1-2 weeks',1,30,'2022-02-24 03:13:49','2022-02-24 03:13:49',0),('c9578260-951f-11ec-9a0f-450008385e11','c956a8b0-951f-11ec-be8b-799783971485','Shipping for Mews',1.74,'1-2 weeks',1,30,'2022-02-24 03:13:49','2022-02-24 03:13:49',0),('c958e5c0-951f-11ec-ac6e-b1ff8da11ecc','c957fca0-951f-11ec-b568-73fc1264a937','Shipping for Circle',3.39,'1-2 weeks',1,30,'2022-02-24 03:13:49','2022-02-24 03:13:49',0),('c95a5b10-951f-11ec-b74e-d9f6db7d7559','c9596150-951f-11ec-a945-ddea3752d94f','Shipping for Circles',2.45,'1-2 weeks',1,30,'2022-02-24 03:13:49','2022-02-24 03:13:49',0),('c95bcc60-951f-11ec-bd23-09f296c4202c','c95ad6b0-951f-11ec-9616-77b2a74a2b37','Shipping for Viaduct',1.77,'1-2 weeks',1,30,'2022-02-24 03:13:49','2022-02-24 03:13:49',0),('c95d43e0-951f-11ec-b4af-6f6110149916','c95c6560-951f-11ec-a11b-2d13e81e488a','Shipping for Bridge',2.17,'1-2 weeks',1,30,'2022-02-24 03:13:49','2022-02-24 03:13:49',0),('c95f0640-951f-11ec-9da3-417a10df65b8','c95dbee0-951f-11ec-bd2e-0586b03c22e1','Shipping for Ports',2.74,'1-2 weeks',1,30,'2022-02-24 03:13:49','2022-02-24 03:13:49',0),('c9605b50-951f-11ec-9d77-fd5007483b8b','c95f8320-951f-11ec-9a7c-59fe022b2e6d','Shipping for Lake',0.62,'1-2 weeks',1,30,'2022-02-24 03:13:49','2022-02-24 03:13:49',0),('c961aaa0-951f-11ec-8e3d-373d96cccb47','c960d540-951f-11ec-b292-117a2e5fe34e','Shipping for Overpass',3.51,'1-2 weeks',1,30,'2022-02-24 03:13:49','2022-02-24 03:13:49',0),('c9631a30-951f-11ec-9040-f34bc3c6e3e6','c9624610-951f-11ec-8afb-992a7a6c6a51','Shipping for Shores',0.03,'1-2 weeks',1,30,'2022-02-24 03:13:49','2022-02-24 03:13:49',0),('c9646ae0-951f-11ec-b50f-a73de9630696','c9639530-951f-11ec-9148-8d6764038466','Shipping for Parkway',3.41,'1-2 weeks',1,30,'2022-02-24 03:13:49','2022-02-24 03:13:49',0),('c965ca20-951f-11ec-b652-cb85cb5ae70f','c964e610-951f-11ec-bdc9-4503f2df7b0e','Shipping for Pine',3.03,'1-2 weeks',1,30,'2022-02-24 03:13:49','2022-02-24 03:13:49',0),('c9672e00-951f-11ec-a24c-956886d68a1a','c96644c0-951f-11ec-b5c3-d5abe3aa1f64','Shipping for Via',3.59,'1-2 weeks',1,30,'2022-02-24 03:13:49','2022-02-24 03:13:49',0),('c968c5a0-951f-11ec-a564-cfef3e8a6a93','c967c760-951f-11ec-aa8d-97c7482cf98a','Shipping for Stravenue',2.82,'1-2 weeks',1,30,'2022-02-24 03:13:49','2022-02-24 03:13:49',0),('c969fe80-951f-11ec-bfc4-f94a952e498a','c9694220-951f-11ec-ba36-69fadee5bfdf','Shipping for Vista',2.80,'1-2 weeks',1,30,'2022-02-24 03:13:49','2022-02-24 03:13:49',0),('c96b38f0-951f-11ec-8f4b-0bab8956e368','c96a7a60-951f-11ec-af1a-25c31a55dbb5','Shipping for Pine',3.87,'1-2 weeks',1,30,'2022-02-24 03:13:49','2022-02-24 03:13:49',0),('c96c7dd0-951f-11ec-b6a9-79af05067800','c96bb350-951f-11ec-be41-a583b470667f','Shipping for Street',4.35,'1-2 weeks',1,30,'2022-02-24 03:13:49','2022-02-24 03:13:49',0),('c96df250-951f-11ec-963d-d9708df26af1','c96d1450-951f-11ec-b346-d17bd2b2c11f','Shipping for Fort',0.74,'1-2 weeks',1,30,'2022-02-24 03:13:49','2022-02-24 03:13:49',0),('c96f2660-951f-11ec-9c6a-63bb7e33182a','c96e6bd0-951f-11ec-b510-5386606c8397','Shipping for Motorway',0.26,'1-2 weeks',1,30,'2022-02-24 03:13:49','2022-02-24 03:13:49',0),('c9706920-951f-11ec-b840-5d5226b9626c','c96fa300-951f-11ec-b22b-d97f112a443f','Shipping for Parkways',3.27,'1-2 weeks',1,30,'2022-02-24 03:13:49','2022-02-24 03:13:49',0),('c971f590-951f-11ec-861b-6d8b04710a42','c970e320-951f-11ec-9a18-f5520ba89787','Shipping for Island',3.71,'1-2 weeks',1,30,'2022-02-24 03:13:49','2022-02-24 03:13:49',0),('c973afe0-951f-11ec-9d74-5b42e0eab5ef','c9728f10-951f-11ec-b808-45586e833497','Shipping for Gardens',1.27,'1-2 weeks',1,30,'2022-02-24 03:13:49','2022-02-24 03:13:49',0),('c974e620-951f-11ec-8875-79ea344ae682','c9742dd0-951f-11ec-8a8c-6b9cbf6e7ee9','Shipping for Way',2.57,'1-2 weeks',1,30,'2022-02-24 03:13:49','2022-02-24 03:13:49',0),('c9764ee0-951f-11ec-b0db-094881b7ec6f','c9756280-951f-11ec-8452-23cb17ba7a4c','Shipping for Tunnel',1.45,'1-2 weeks',1,30,'2022-02-24 03:13:49','2022-02-24 03:13:49',0),('c977fad0-951f-11ec-bf4c-3b7d33b09f34','c976ca30-951f-11ec-bbfe-0dd327fb43d2','Shipping for Harbors',0.47,'1-2 weeks',1,30,'2022-02-24 03:13:49','2022-02-24 03:13:49',0),('c979c370-951f-11ec-a73e-85ae1a172eb2','c9788960-951f-11ec-b337-e71b0b7a51c5','Shipping for Parkways',0.89,'1-2 weeks',1,30,'2022-02-24 03:13:49','2022-02-24 03:13:49',0),('c97b0d70-951f-11ec-8a7c-ad2bec2109a5','c97a3e00-951f-11ec-b1a2-57ba5a712e60','Shipping for Lake',4.13,'1-2 weeks',1,30,'2022-02-24 03:13:49','2022-02-24 03:13:49',0),('c97c7bf0-951f-11ec-83b3-a1780b5c679a','c97b8940-951f-11ec-9d59-d3030e7851f9','Shipping for Garden',4.65,'1-2 weeks',1,30,'2022-02-24 03:13:49','2022-02-24 03:13:49',0),('c97de430-951f-11ec-b710-9b8e4ad9942f','c97cf8a0-951f-11ec-adb4-476c06d2742a','Shipping for Hill',2.52,'1-2 weeks',1,30,'2022-02-24 03:13:49','2022-02-24 03:13:49',0),('c97f17a0-951f-11ec-a881-e513b2477c70','c97e5f00-951f-11ec-b2a3-ddcd82ec4225','Shipping for Walk',1.42,'1-2 weeks',1,30,'2022-02-24 03:13:49','2022-02-24 03:13:49',0),('c98078f0-951f-11ec-9d32-ed72459c7eee','c97facf0-951f-11ec-9f80-3d283b0a637d','Shipping for Viaduct',1.60,'1-2 weeks',1,30,'2022-02-24 03:13:49','2022-02-24 03:13:49',0),('c981be00-951f-11ec-b2a4-5dff4a7b1602','c980f480-951f-11ec-ac5c-c72b50f558d8','Shipping for Ridge',3.68,'1-2 weeks',1,30,'2022-02-24 03:13:49','2022-02-24 03:13:49',0),('c9848510-951f-11ec-9b39-cb720e404ab7','c98239e0-951f-11ec-81c9-2974228eb87b','Shipping for Islands',1.33,'1-2 weeks',1,30,'2022-02-24 03:13:49','2022-02-24 03:13:49',0),('c985c3d0-951f-11ec-8a6a-53c57cdf581d','c9850480-951f-11ec-af9e-7136275a380f','Shipping for Orchard',0.50,'1-2 weeks',1,30,'2022-02-24 03:13:49','2022-02-24 03:13:49',0),('c9874f50-951f-11ec-9cbb-2d571c4b1bf1','c9867300-951f-11ec-b4b8-777293c526a9','Shipping for Parkway',3.00,'1-2 weeks',1,30,'2022-02-24 03:13:49','2022-02-24 03:13:49',0),('c98a4040-951f-11ec-88d2-930efe6d80a3','c987fda0-951f-11ec-8d05-b1db3ce073a3','Shipping for Mission',0.96,'1-2 weeks',1,30,'2022-02-24 03:13:49','2022-02-24 03:13:49',0),('c98c5590-951f-11ec-8756-a3d8505d4208','c98b6f40-951f-11ec-a5bb-ed0d1df106ce','Shipping for Park',0.13,'1-2 weeks',1,30,'2022-02-24 03:13:49','2022-02-24 03:13:49',0),('c98ef740-951f-11ec-83fe-c9408aedf94f','c98d66c0-951f-11ec-80e7-97813b50f4ba','Shipping for Ranch',4.11,'1-2 weeks',1,30,'2022-02-24 03:13:49','2022-02-24 03:13:49',0),('c9914560-951f-11ec-a27d-4d3abde56b74','c98f97c0-951f-11ec-b814-9db19830695b','Shipping for Roads',0.78,'1-2 weeks',1,30,'2022-02-24 03:13:49','2022-02-24 03:13:49',0),('c9946200-951f-11ec-90c3-a7561b0d9820','c9921a60-951f-11ec-8072-ddb8715172e2','Shipping for Ports',0.38,'1-2 weeks',1,30,'2022-02-24 03:13:50','2022-02-24 03:13:50',0),('c9960d70-951f-11ec-83e9-dfb62e2fa7f9','c994eb10-951f-11ec-8cad-9bbceb3bfe42','Shipping for Plaza',1.56,'1-2 weeks',1,30,'2022-02-24 03:13:50','2022-02-24 03:13:50',0),('c9980f90-951f-11ec-a66f-237789218e2c','c99724c0-951f-11ec-8d48-c3d7ddeaaf94','Shipping for Lock',1.87,'1-2 weeks',1,30,'2022-02-24 03:13:50','2022-02-24 03:13:50',0),('c99a36d0-951f-11ec-9c78-91d050db60ef','c998bf70-951f-11ec-8015-bb470f34af1e','Shipping for Port',1.56,'1-2 weeks',1,30,'2022-02-24 03:13:50','2022-02-24 03:13:50',0),('c99c3960-951f-11ec-b4cd-0b16ac1ea282','c99ab3f0-951f-11ec-8b2d-e99ce19b672c','Shipping for Streets',0.98,'1-2 weeks',1,30,'2022-02-24 03:13:50','2022-02-24 03:13:50',0),('c99daba0-951f-11ec-8690-27114d7ed46a','c99cb640-951f-11ec-aa52-7b6d186a37e9','Shipping for Avenue',1.22,'1-2 weeks',1,30,'2022-02-24 03:13:50','2022-02-24 03:13:50',0),('c99f5d20-951f-11ec-b410-8fd823079f3a','c99e9630-951f-11ec-820c-f15e8a27f208','Shipping for Burg',2.42,'1-2 weeks',1,30,'2022-02-24 03:13:50','2022-02-24 03:13:50',0),('c9a08b30-951f-11ec-9cf2-5db94d2cccd2','c99fd800-951f-11ec-8988-c96bbf7ef1ad','Shipping for Land',3.89,'1-2 weeks',1,30,'2022-02-24 03:13:50','2022-02-24 03:13:50',0),('c9a234e0-951f-11ec-b8a1-cd7395a72fdf','c9a12750-951f-11ec-a6ef-31cb707456ab','Shipping for Fall',3.72,'1-2 weeks',1,30,'2022-02-24 03:13:50','2022-02-24 03:13:50',0),('c9a3b680-951f-11ec-b60b-6544f8615b6b','c9a2b050-951f-11ec-a528-07dcc5dff027','Shipping for Track',1.45,'1-2 weeks',1,30,'2022-02-24 03:13:50','2022-02-24 03:13:50',0),('c9a59150-951f-11ec-922f-3d216abc21de','c9a431f0-951f-11ec-92e0-ab1c40bf89ce','Shipping for Via',3.94,'1-2 weeks',1,30,'2022-02-24 03:13:50','2022-02-24 03:13:50',0),('c9a6c5c0-951f-11ec-ac89-83140d802f78','c9a60b80-951f-11ec-9444-f38b5d259017','Shipping for Walk',4.56,'1-2 weeks',1,30,'2022-02-24 03:13:50','2022-02-24 03:13:50',0),('c9a81830-951f-11ec-9d71-75c0bc0369b5','c9a75fa0-951f-11ec-8a2a-0502283778c9','Shipping for Shore',4.39,'1-2 weeks',1,30,'2022-02-24 03:13:50','2022-02-24 03:13:50',0),('c9a9b170-951f-11ec-b92c-6b9d9ac55c6f','c9a89730-951f-11ec-9655-e5fa70ff8d62','Shipping for Brooks',2.28,'1-2 weeks',1,30,'2022-02-24 03:13:50','2022-02-24 03:13:50',0),('c9aaf900-951f-11ec-bab5-2b6ba578a45f','c9aa2ce0-951f-11ec-a37a-15ff8a5fe281','Shipping for Fork',1.08,'1-2 weeks',1,30,'2022-02-24 03:13:50','2022-02-24 03:13:50',0),('c9ac8640-951f-11ec-a2fa-9f290e72edfe','c9ab74c0-951f-11ec-85a2-e70c707f6ad4','Shipping for Dale',3.15,'1-2 weeks',1,30,'2022-02-24 03:13:50','2022-02-24 03:13:50',0),('c9ae1000-951f-11ec-af61-fd90a047be43','c9ad1dc0-951f-11ec-b24c-db99f2938f2d','Shipping for Freeway',2.98,'1-2 weeks',1,30,'2022-02-24 03:13:50','2022-02-24 03:13:50',0),('c9afdc30-951f-11ec-8ee8-5727976ce4c6','c9ae8d60-951f-11ec-92c9-07ba5995467d','Shipping for Trail',1.12,'1-2 weeks',1,30,'2022-02-24 03:13:50','2022-02-24 03:13:50',0),('c9b14340-951f-11ec-a2d4-411af4d4730f','c9b05880-951f-11ec-b975-a7d8470aecc4','Shipping for Forge',4.89,'1-2 weeks',1,30,'2022-02-24 03:13:50','2022-02-24 03:13:50',0),('c9b2b4d0-951f-11ec-8c5f-f575cdbf6978','c9b1bf00-951f-11ec-9bed-bffa7d45a48b','Shipping for Plains',0.41,'1-2 weeks',1,30,'2022-02-24 03:13:50','2022-02-24 03:13:50',0),('c9b42280-951f-11ec-89a6-3ba29900415c','c9b34ec0-951f-11ec-a83b-e90331ef0b0b','Shipping for Bridge',2.31,'1-2 weeks',1,30,'2022-02-24 03:13:50','2022-02-24 03:13:50',0),('c9b61e70-951f-11ec-a6db-2b862eafa3ae','c9b49df0-951f-11ec-bf74-391f1cc5e973','Shipping for Expressway',2.05,'1-2 weeks',1,30,'2022-02-24 03:13:50','2022-02-24 03:13:50',0),('c9b74db0-951f-11ec-95d2-2d9c95a46a10','c9b69840-951f-11ec-99de-35e1b2ec793f','Shipping for Roads',2.09,'1-2 weeks',1,30,'2022-02-24 03:13:50','2022-02-24 03:13:50',0),('c9b8fb70-951f-11ec-9637-a51172b1cc42','c9b7cf30-951f-11ec-807d-71a0e9cd95ec','Shipping for Bridge',3.89,'1-2 weeks',1,30,'2022-02-24 03:13:50','2022-02-24 03:13:50',0),('c9ba5ad0-951f-11ec-a786-296bd47bd665','c9b99260-951f-11ec-951f-c1a8e21dce6d','Shipping for Rue',2.89,'1-2 weeks',1,30,'2022-02-24 03:13:50','2022-02-24 03:13:50',0),('c9bb9830-951f-11ec-9d35-0d0c65e11fba','c9bad490-951f-11ec-b952-7395652bf184','Shipping for Motorway',3.29,'1-2 weeks',1,30,'2022-02-24 03:13:50','2022-02-24 03:13:50',0),('c9bd3800-951f-11ec-8297-2589011da92e','c9bc1a70-951f-11ec-8864-5bc85fe1d01d','Shipping for Pine',4.31,'1-2 weeks',1,30,'2022-02-24 03:13:50','2022-02-24 03:13:50',0),('c9be71f0-951f-11ec-9e5c-77788afdd264','c9bdb4e0-951f-11ec-bd76-2ff600cc4f5e','Shipping for Roads',4.60,'1-2 weeks',1,30,'2022-02-24 03:13:50','2022-02-24 03:13:50',0),('c9bfd030-951f-11ec-b8e2-c13a36d11c33','c9bf10e0-951f-11ec-869e-a1344c3b4ecf','Shipping for Light',2.27,'1-2 weeks',1,30,'2022-02-24 03:13:50','2022-02-24 03:13:50',0),('c9c13260-951f-11ec-a627-0be4077b3cc4','c9c04a80-951f-11ec-975d-931d45fe8c0d','Shipping for Place',3.17,'1-2 weeks',1,30,'2022-02-24 03:13:50','2022-02-24 03:13:50',0),('c9c276f0-951f-11ec-a1bd-9f2e45e2b83f','c9c1acc0-951f-11ec-9d3b-8b4244e32d9f','Shipping for Lane',4.71,'1-2 weeks',1,30,'2022-02-24 03:13:50','2022-02-24 03:13:50',0),('c9c40d40-951f-11ec-a51c-0b16e95c9b08','c9c30400-951f-11ec-8c71-71fe1025ecd0','Shipping for Motorway',2.84,'1-2 weeks',1,30,'2022-02-24 03:13:50','2022-02-24 03:13:50',0),('c9c55690-951f-11ec-9de3-2f97e95bef00','c9c48a10-951f-11ec-b54c-337f030d5dd4','Shipping for Union',1.10,'1-2 weeks',1,30,'2022-02-24 03:13:50','2022-02-24 03:13:50',0),('c9c712a0-951f-11ec-b6f4-419f27abc2ab','c9c5d0f0-951f-11ec-9a41-d9c52610ff4c','Shipping for Harbors',1.29,'1-2 weeks',1,30,'2022-02-24 03:13:50','2022-02-24 03:13:50',0),('e5296a90-951e-11ec-9895-f5f052037426','e5265150-951e-11ec-90f3-833aa8d87093','Shipping for Lock',1.81,'1-2 weeks',1,30,'2022-02-24 03:07:26','2022-02-24 03:07:26',0);
/*!40000 ALTER TABLE `shippings` ENABLE KEYS */;
UNLOCK TABLES;

--
-- Table structure for table `ticket_replies`
--

DROP TABLE IF EXISTS `ticket_replies`;
/*!40101 SET @saved_cs_client     = @@character_set_client */;
/*!40101 SET character_set_client = utf8 */;
CREATE TABLE `ticket_replies` (
  `id` char(36) COLLATE utf8mb4_unicode_ci NOT NULL,
  `user_id` char(36) COLLATE utf8mb4_unicode_ci NOT NULL,
  `ticket_id` char(36) COLLATE utf8mb4_unicode_ci NOT NULL,
  `text` text COLLATE utf8mb4_unicode_ci NOT NULL,
  `created_at` timestamp NULL DEFAULT NULL,
  `updated_at` timestamp NULL DEFAULT NULL,
  PRIMARY KEY (`id`),
  KEY `ticket_replies_user_id_foreign` (`user_id`),
  KEY `ticket_replies_ticket_id_foreign` (`ticket_id`),
  CONSTRAINT `ticket_replies_ticket_id_foreign` FOREIGN KEY (`ticket_id`) REFERENCES `tickets` (`id`) ON DELETE CASCADE,
  CONSTRAINT `ticket_replies_user_id_foreign` FOREIGN KEY (`user_id`) REFERENCES `users` (`id`) ON DELETE CASCADE
) ENGINE=InnoDB DEFAULT CHARSET=utf8mb4 COLLATE=utf8mb4_unicode_ci;
/*!40101 SET character_set_client = @saved_cs_client */;

--
-- Dumping data for table `ticket_replies`
--

LOCK TABLES `ticket_replies` WRITE;
/*!40000 ALTER TABLE `ticket_replies` DISABLE KEYS */;
/*!40000 ALTER TABLE `ticket_replies` ENABLE KEYS */;
UNLOCK TABLES;

--
-- Table structure for table `tickets`
--

DROP TABLE IF EXISTS `tickets`;
/*!40101 SET @saved_cs_client     = @@character_set_client */;
/*!40101 SET character_set_client = utf8 */;
CREATE TABLE `tickets` (
  `id` char(36) COLLATE utf8mb4_unicode_ci NOT NULL,
  `user_id` char(36) COLLATE utf8mb4_unicode_ci NOT NULL,
  `title` varchar(255) COLLATE utf8mb4_unicode_ci NOT NULL,
  `answered` tinyint(1) NOT NULL DEFAULT 0,
  `solved` tinyint(1) NOT NULL DEFAULT 0,
  `created_at` timestamp NULL DEFAULT NULL,
  `updated_at` timestamp NULL DEFAULT NULL,
  PRIMARY KEY (`id`),
  KEY `tickets_user_id_foreign` (`user_id`),
  CONSTRAINT `tickets_user_id_foreign` FOREIGN KEY (`user_id`) REFERENCES `users` (`id`) ON DELETE CASCADE
) ENGINE=InnoDB DEFAULT CHARSET=utf8mb4 COLLATE=utf8mb4_unicode_ci;
/*!40101 SET character_set_client = @saved_cs_client */;

--
-- Dumping data for table `tickets`
--

LOCK TABLES `tickets` WRITE;
/*!40000 ALTER TABLE `tickets` DISABLE KEYS */;
/*!40000 ALTER TABLE `tickets` ENABLE KEYS */;
UNLOCK TABLES;

--
-- Table structure for table `users`
--

DROP TABLE IF EXISTS `users`;
/*!40101 SET @saved_cs_client     = @@character_set_client */;
/*!40101 SET character_set_client = utf8 */;
CREATE TABLE `users` (
  `id` char(36) COLLATE utf8mb4_unicode_ci NOT NULL,
  `username` varchar(255) COLLATE utf8mb4_unicode_ci NOT NULL,
  `password` varchar(255) COLLATE utf8mb4_unicode_ci NOT NULL,
  `session_id` varchar(255) COLLATE utf8mb4_unicode_ci DEFAULT NULL,
  `mnemonic` text COLLATE utf8mb4_unicode_ci NOT NULL,
  `payment_address` text COLLATE utf8mb4_unicode_ci DEFAULT NULL,
  `last_seen` timestamp NULL DEFAULT NULL,
  `login_2fa` tinyint(1) NOT NULL DEFAULT 0,
  `referral_code` varchar(255) COLLATE utf8mb4_unicode_ci NOT NULL,
  `referred_by` char(36) COLLATE utf8mb4_unicode_ci DEFAULT NULL,
  `bitmessage_address` text COLLATE utf8mb4_unicode_ci DEFAULT NULL,
  `pgp_key` text COLLATE utf8mb4_unicode_ci DEFAULT NULL,
  `msg_public_key` longtext COLLATE utf8mb4_unicode_ci DEFAULT NULL,
  `msg_private_key` longtext COLLATE utf8mb4_unicode_ci DEFAULT NULL,
  `created_at` timestamp NULL DEFAULT NULL,
  `updated_at` timestamp NULL DEFAULT NULL,
  `local_currency` varchar(255) COLLATE utf8mb4_unicode_ci NOT NULL DEFAULT 'USD',
  PRIMARY KEY (`id`),
  UNIQUE KEY `users_username_unique` (`username`),
  KEY `users_referred_by_foreign` (`referred_by`),
  CONSTRAINT `users_referred_by_foreign` FOREIGN KEY (`referred_by`) REFERENCES `users` (`id`) ON DELETE SET NULL
) ENGINE=InnoDB DEFAULT CHARSET=utf8mb4 COLLATE=utf8mb4_unicode_ci;
/*!40101 SET character_set_client = @saved_cs_client */;

--
-- Dumping data for table `users`
--

LOCK TABLES `users` WRITE;
/*!40000 ALTER TABLE `users` DISABLE KEYS */;
INSERT INTO `users` VALUES ('00251f30-951e-11ec-89da-9d0b3819c4be','yundt.reina','$2y$10$04FLjSCtcJj1apSXV7PCweDTMzTyQtb3yrXO8iz1A/OKW/hDjGdGy',NULL,'$2y$10$2I5SfO/9iAonUEF4fI0CyOdtaTIdfs2r1x7qSFl3iag4wRtZ8HfIa',NULL,NULL,0,'VI1KHE',NULL,NULL,'test','eyJpdiI6ImVkQzBISWNtY1I1cUNDMFpyWUlBQVE9PSIsInZhbHVlIjoib1dub3dvc1JER3doYWdTZ0FxaXUwZzlHVHpWdXhTMGd3bENxUVwvZE5Vb0FFSWZQNkN6Nng4WUlcL2s0UUpmZmN1M3RpSmRFcUtCUU1SV29aR2M5eTFKa3d2MmhhUzBzQ3F3Sm9NSFZwT0lLY2FGZ3lYaWpQR29XaE1mbHJNWWMxc1NvS2hiZmk5RnFFSmxlbTRJWnRnWlpVbFF6Qk1BbFFQNytkXC9QRHozR29wYnVPeGhJeWpIWnhZc1p6Q0VuN2FaVlZ0SWxWaDFRcG1HdExyZ1g2SlgzUGhMbDNyWW81cTNVSE5JUzZXbVlLblA4ajR2NW1qdWttcDlPa0t0WFFpbWF1WDdMYlBTamIzU2lYZFFGN1R0THlXU3h6V0w4OCs1cFl5V1ZTY0dNdGI0ajg0MGdwdFRzbmliWWlXQUhWNnhuMGNsQTIyZGpkRVd4MVh0N3JzOHlRPT0iLCJtYWMiOiIwMDU5Y2RkM2EzMTIxYzRlMDk5NzMzNzIwNmE0MDM5ZDhlODkyYWNjYzEzNWRmZmQ4MWJkYzFhZmYwZTExNGM0In0=','eyJpdiI6Ikl6MmFLODA2K2RGSHdwdjFmd2xpanc9PSIsInZhbHVlIjoidGE5MXB4UUZcL05HNFl5UjErRHhDanpMWVNabHM5VVlueitUTjJpTU5HSXFBM1R1dE1ORDQwaWgyNzVreXk0MHppVFI4ZUFkemNLU0xMY2FDb3BrbmlJdVRQWDhLZlFGeXFUZHM2aW95Z09LbEZxaEV5OHRqTkFcL1ErZkVEbVBGMSs4T0hEQ0ZBVDRydndOVThHWFhTSjBycWk4Y0h2eWxBOWltWVZKUk9ucFwvSXRvSmRicjAxOW1BYlFjamQyNnhFQ1A4R3ZCVmJZOFdnd2ZOWEF4am1jSGlCbmJaUmdMMXhwNk5vc3ZFMHY3VGxlWm5vellcL3AzWk1lRXNnUHZBcG9qUThwVEVLSFJvWjZDK2pOT2tcLzZNMzlvVWVSQlwvOHFqNUlMcmNtemlTaGRcL09TWGxZWmdINGU3Z2tsdnBlVlFzRlYyb0FXQWFINktVd3R0eUdpbDdjUT09IiwibWFjIjoiOGQyNDU0NjViOGVkZjE4ZDkwYjYyMWU2YmQ3YjQ0M2FiZDE4MTJhNWU4YTc2OTJkOTNjZTdmMTBkZTJlZjBjZCJ9','2022-02-24 03:01:02','2022-02-24 03:01:02','USD'),('005f6520-951e-11ec-927e-477aa10ab8db','gleannon','$2y$10$AiuOxeFXEmwrv7yqX9RS0eTWpoKpVzSx/LSJeIuJWexjN.UyumdSu',NULL,'$2y$10$CTjYpRBvjOXD4Jha/wz6Ku4aDm68W62FW6XIWAMYCjca6qGVRmvni',NULL,NULL,0,'4KVRMR',NULL,NULL,'test','eyJpdiI6IldTRTh5c1F2elJqckRoWkhPTzBmRXc9PSIsInZhbHVlIjoiaUNmN0xSQ1hGTG1zczVneU9EXC9OWGs4bTgyQ1Q3dkp4RVVpZEszK09cLysxZXl6NVJ3RTJpcUJJeWtNVjlmenVRK1BwM1wvSjNZSDlFMmhYNHRHbTRUTWpxXC91c0RoNitDUnVxSVZxOHJHQ1Rkc2IzQ255dEgwM0VvUHl6MWtqVTRmTTZJVkw3bTR0ODhXSlNCekgxZjIyWE9VZmtldkFyaEtuMk5ZMDAwOHZwOXI2MEl2SVJsQk5SazRDSWJkd3hPcVhkSjFjdndydUtpTlBIdjcxVU5nS1RsTHpvWDJWQ21ESFwvYzh6ekg1bkNEYVVHdXIzaklvUUpYXC9HWm5GYmVUaVlTRnJRS0phR0FtM1wvenUrMGE5RGNsVW9jc1o4MEZUWFR4QkZBV0NETW9nUW50TjJDbVNZZXVicVQ5aVlQNU1Mc3FtNmpZczRjdGFMR3JoNGFZZlVwQT09IiwibWFjIjoiNTM2OGI2OGI3NGY4OGViNGVjOWIzMWRiOTVkMTYzYmE2MjI5YzE5ZTAwY2FiZjc3NWFkZDVjMzdhMjBiNjVkNSJ9','eyJpdiI6IkliYXdFUjg0eExScVZnSzV2RjF6ZUE9PSIsInZhbHVlIjoielFadm96ZHRjUE9NMkdwcDJlNEJtYU1lN29JM3VzUlFcLzVZRVhFNUFOSGxEaVFSZ3ZETjdBN0dqRW1xT2hnRzlkcTFacEhkT1hhTzJiWHJZSFd6R2NIR0Vzc0hhM3BodGRDZHp0ZGxudm9QMzRldTBZUlZ5QXl1cnRpRklGeWJJSGxPdW1jVTF2aG56RHpxaUlBZVhlOUw3WWI5VDAxNGhYcFJqYmVVYjhaNUh6VExkeFAwa0NnTzBcL3RPXC8rOUV0RXd2VUhaSzMrN1BTbmQwY3Rqd2lUdm1lTGhhdzlmc3I4dHVieGRUeFJTZWVqanZvcjR6NTRtaU1hZFVRVG1VQnBySVhUYkZxNW5JZ3B1STJXN3VUeTVlQ0tWWVJySWdFUWRvQW1mYWFiZ01UUkdCc3ptUjM2Ums3UVN1alZBYnZSOEJ5ZEgzb2hUU29vb0dPeGEyNUVnPT0iLCJtYWMiOiI3Yjc3YTRkMjU5ZThmNzBiNDg3YzMzODM5NDBlNzE3NGYwNDYyNTAxNjY0YTljNWNjZjIzYzVmNTBkZTBjODE2In0=','2022-02-24 03:01:02','2022-02-24 03:01:02','USD'),('00911430-951e-11ec-a33f-43f98e320ebf','maegan69','$2y$10$rhXhRmP.cLVe.NJOxyVXLuXMO0Gt.hKMXiei0CsDmzkkmY.bcHtFK',NULL,'$2y$10$7NbO168xIai3nfVLqPn.M.D1x/vR4L4sjOqDMmXmWwInr/aNralL6',NULL,NULL,0,'IYHZVJ',NULL,NULL,'test','eyJpdiI6Ikk3bmQzSm81Um5vZXZORE9uT0RPTlE9PSIsInZhbHVlIjoidnRDT09uNWtlckFvKzFNamhFQ2JSKzMxUzRCMFRvWUcyUElTZjgyYm5mcUo3NEtxTHVyVEc5azdEeHBUVk9VOU9UOFVZZTdZbytubnJ2QlREOEt3UGliYnN1R3p1bFAyaEdtYjVxREFPbkRqXC9IdzFLcjhwa2RuM0Q0b2c5UzlvWTlxdmQ4MzBcL2tybEpXRlc1U2JUXC9TM0JTdEdrUW5DSm1vWGhmNmt5clpxZGF0TXRKeWt4RTJCbjVIb2g2SmxTaHhhZnBZYzN1Z29cL3BCRXkrNGhGSisyYWgra0ZoTXF5aFNZM2FaVlJhT3d3cVdwOGZxTzU4N2FXOVR0WGIxTEFZOVZHSFVrTmhrWlU4bGpqWktRMW5Zc3BJRzlwNWhVYm5ZY3BSSTAzZDBqemJ4WHpHRk54cjdKNFc5dzYzTjFXNGRZYTUyUURlRHVHV1JPY0xKU2J0RXhKT2tFdDdPWEM3dzg0SkRHUnBnUT0iLCJtYWMiOiI0NDk2MjJmNzJmM2RkZmVhZjA2MGI3NTBjYTI1MmZiMDE5MjZhZjk5MDYwZjY2NDRlOWViZWQ2OWJiMzMyNTVjIn0=','eyJpdiI6Imx2UFplUUlLNWs5RnJEcGFtbTR3RkE9PSIsInZhbHVlIjoiM2xNTkEyU2VyS25BR2Z3MmdrY0FYUTFTS1VrZUxGdGlSNlU4dXJDTFZWeHhaVmxTaFhYcUQxXC96RVNWeHZ2XC9IZU1YRmZXZHd5aXllTXJVZExHVHl0dng0a2k0VitMMTByV3F5STM2bHNya09lUVZpdnJoMEtMeis5MWFTcUxqN01cL0FXYkhnVklDclMxMHZzZEVtdFEwV0d5VDhONWJ6TjVpU282QmtBeVJlN2hsXC9lcDl0NW9qM2F5QkpNT1g0dVljOWNsUnZoMk56bnN4N1hsaU1idTJsUTh2TU5ZNHBUdWdKVVFhSjJTZ2p0Ym83SmNsVUt5ZllNbENBK3dsdE1DMmFLV1hLREQzRjUzK0VrSjAxSno3Z2VqVWw2UmYrbmNMdXgyMlluRlJZamFxM2M1VjZjeVJrZmdaOHdoajlkRTVlb0ptQnBWRGlYcG9vM0FPaUUrdz09IiwibWFjIjoiYTIwMjZhY2QyZjZmZWJkMjFmYWRkYzBiMjkxYzExZmZjNzBhMjQ4OTQ0MjljNDBhM2E4OTc0NDVlZTBhMDc0ZSJ9','2022-02-24 03:01:03','2022-02-24 03:01:03','USD'),('00c628f0-951e-11ec-aeef-a38ad53bf2fc','hiram.olson','$2y$10$Rgx23.xgNrFFz4ywm4rXTOk752zaBvk6nQ.aTPzQixe5NrOKFkBWa',NULL,'$2y$10$uiN7UffkRNBTpHkNT0019eIAae13HZ4JWyUjTsNR7xEbP5gsYAQaO',NULL,NULL,0,'4GTTNH',NULL,NULL,'test','eyJpdiI6IkpPNmp4M2tWTWZrNnh5dng5cGNHVVE9PSIsInZhbHVlIjoibnNFZXVkWjRGRnpYUzBZMFhHY1A5b3NzRFA4NlZLc2tXUlB1UmZvejVDSUFrbUtLM1NhdE1GTm5wSnhKZmdIcEw1eUVcL29VR0VIaEZ5N1NkR0NCT01TQ1F1Nm84Q2tQRVhWTVlIVW84aFpCdVBNTVwvY3lPSXhmXC9tUTBsVXVyYjV0UElwdkdkTEM2SllxT0RRS2xrYmxyZEpCdVJpandQb2htWmRiQmlcL01OMU5EVCtOaE1TV3lPcXVIdk5zRUlCVGIybEdIYXkzXC9tNEpTSTA0dXhBMkJBdVVmbTkrcW45SjNKbFVxaVdPWllhY015b1A3REI1emoxQXVEdlpORGJubVc5ekt1dXVKOGZZVlcrb2FjcE1zUUU0K2ZVZ1hRYkNvbExhd294YnYrc1BuWWVhbWs0TllOdGw2MjhZck4zRlpOQTcwQmFDbEZ3c1Vac1hIM0hmSFE9PSIsIm1hYyI6IjcwZDYxZWIzYzAxM2Q0ZGI1MWUwZjk2MWI2MmRjMWYzYTgyNDkyOWNhMDg0NDZkMTZmZDAzYjJkZjYyZThkYzcifQ==','eyJpdiI6IlwvOWQ5NmVuSWQzUEQwbnE1ak5Pa093PT0iLCJ2YWx1ZSI6ImtGM2pDXC9oU0hMSkUyVlRyZkJZV1pRWmVcLzQ2Vk02UjFGeWtGZzRMQnhVRXJlbjBiM05xazRYMXRCTm5NVjMrQit2a2tON05cL1wvYUlvOGlNNjkzbFlGMUNLNjU2dXk0M0FXR2VjM2xnZnZlWm5DSHBCWXp2d2xtVXRhMzdKek9HOGo0QW5NeFl0UjlMT1BoUWlZbmgzcjhzOFMwZUJJZkRNcEU5NXIxdVYyNDJob3d3Ym1xNjBqeWRMajBnazUrT2hkbldyY3FQUVwvSk02aVNOeEZxQUtySTdpZHJkZVlWOWxZbWVST0lwWWh1VUoxRVJJSkxPYlI3cnc2WmZVRUgrVitPcm1BUXdBOHRqM0dmYUlzTWN6SVg3b0x3N05aN2RqTTZmb2hCR3pqNW9IbVRRYTdsTGdRQTl5MHhZR3prMWJoNzE5SDVrMVFSWTNFUXFxWDZSM1ZBPT0iLCJtYWMiOiI3OWYzNTk3NmM5Y2U2YTEzZDZmNmQ1YjY5MzMxZGNjODIyMmJkZTYzM2E2MzNjYTM3MjZlMWVkMWZiYzgyNGYwIn0=','2022-02-24 03:01:03','2022-02-24 03:01:03','USD'),('01050720-951e-11ec-ac71-5d59acdc6bc3','uchristiansen','$2y$10$DIKjyq1o3ewHEmmLHIZRTegsvvdFM54X4Kqo/Maol/nOv7KXXogKK',NULL,'$2y$10$2Oq/SzTof2.8Pi5nyEIfYu8z5ICwULhH02t.Uo4BFVhzd5uY72dsa',NULL,NULL,0,'YUZ7KU',NULL,NULL,'test','eyJpdiI6Ik9peGZneHA5ZWwrMDlDSFR5czIwUnc9PSIsInZhbHVlIjoiTmRXV3daZHExMVwvWFV2OTlHb1F0dXZlbzZGMVNTQmxcL09VUVM0R0FqdXpNYjFGaTBReHNxdlV3QUx4Z2pGTzhac3VwQ1pxcXJ2bFdMWk9OSGVPWFZaQnVzUGY4eHNNV0NSXC94d29tcjZPV0d0K3FJVndubm5sb1ZDY3FyV2ljUmNYcVJcL1pGZmQxbkx5TFwvZHFVd01JSFNrY09BWU04NjJmXC9IMHlITTRiWHRRdlVaUVpvZ08xeWdZQ0RJQlJ1SjVvQ3dFaVkzTWFHZVF4ZXRycUVsSEFJemt0emJFYUo5ditCeVMwSTR1UlwvNFwva29Jb2VJMThpd1BKRTRyMmVHeWp2emF1TmNWZnhabDlzakpHTmRYZnF1WlwvKzVkV0Vkb0tcL2dBYUhrbU1vMGlWM09hTUZiQmk3Ynp3U0p3dFwvdDlYcGRqR0lQazNhcTV4NHduVytlRmNabmc9PSIsIm1hYyI6ImIyYjRkNGFiYThlOGI0MmM4ODdhNWFhYzY4YjI4ZmVmMDI3ODFmZjVmNDU4NGYxNTc1YmUxZTZiN2I3NGE5NTYifQ==','eyJpdiI6IjRMRkN1dDArRVNsSlNXdkFOS05qa1E9PSIsInZhbHVlIjoia2dDUGhYc29JbExPOVhvNzJQWFh3bTZUdFh5ZTZFcUlqT3RWMzY5aVdDSjE3Q05KUjZmV0p0dGswYjdKXC9RTkUyTHpvaDNlQkpESWJ4UkdleXcwaGYwYnV2VjdLcTU0Z25TbE9ZRjVYanJZS1JOZEgyVnBtWThveUVDRnpFcHJsNHBYa2RJZWZ6YU1LXC9WaFdLSFhQc1ZmSkRwQnBMYXFia2ZmekJUTFQrRDlWcGlsd08rNnM4bUdsemtoZXNqanpuelM2QmFiaGV3ays0ejVoS3FtZHNFRG5uV0M5eXV6TmNrcFwveUM3cSs0U29Na010OVpiTDQ4MUo2cnV0S3FVSHpNK3NQNEh0UDFRc3lMXC9xcnQ5WUJaS2hVYkUzMVdwUCt4cXIxdnFKNm5vS0NzbnJQY3lKeURGY0VMclk0djVaRDJTTHVQZG9OR2o4XC92RmhyRnk4RWc9PSIsIm1hYyI6ImIwMDQwMGZjMTE2ZjBjOTkzZDVhOWExNTBhMGVkNjExNGVhMGFiYWZkZTI1ZmRhYjE2NTRlM2JlZWU1MmRiN2QifQ==','2022-02-24 03:01:04','2022-02-24 03:01:04','USD'),('01404450-951e-11ec-9cba-19607fe8b266','hintz.hulda','$2y$10$w4akEa2Ml7tpJnPJ9.sW7ONgGqKp6gjJKM/kHv5uvtIZeumSoG8ti',NULL,'$2y$10$UWLq9oxQy3xyECPIPTysceTezajjfAwcy0ae0TzWZs6kBXZhcDGkG',NULL,NULL,0,'ZXLDUV',NULL,NULL,'test','eyJpdiI6IkRkbjRJcVg5a1ZTamJ2Z0RKeXFFc1E9PSIsInZhbHVlIjoiMStPc25Pa2JcL0xiXC9GcDRnV2JzVlA4eVkxMmFuZWd6VjhUUlZEWEdOU0lcL0ZlZ0NXbzdxbEJmUG51MjVZNUJKSzFKY0xhb05zckMzV2IxZjZTWlBLUkt1XC9EMVR5V250M1wvRVpKQVVyN1dFOEhxSkpTeW5FVCtMbkZaSVFMZFZcL3h0cXJmRkVzTnJYNXN1bmdHajI3Q1IxN0xUWHdiYmRLaVRPXC9MNExlNzFPWlZEUGQxcFdqWUhpZkVvMzVmWmRHRTNBUzJVTXVEeFlydGZnWDZyRFJWd0Vtd2FpcWtWMGk5ZXNwU2FRV0tNaVZDaDdQXC8rZ0VIXC9NbENWQVhYQ2plbTB3MWtkYmJHR1F0dVlIejErb0xHQVk2TzM5azlycE9tNGVnajVvSjEyeWZTdzBFZTJhWmRQWXdNNCs3bUh0QW5TUVY3eldCT3RQSjRjMGViS2dZZlNnPT0iLCJtYWMiOiIwZjA3NGYzMTQ2OWFiNjQ0Y2UzNTYxNGU4Y2QyYjgyNDRlYWI5NzgzNTY2MWM3ODJkMGFkMDhhNmExY2Y5NTI5In0=','eyJpdiI6Im52OGZpa2JIRkRHNU9cLytKc1wvaXNhQT09IiwidmFsdWUiOiIyTHB4R3Q3ck0zMkZJeDJyVEZ4b2JvUVZIMVhCRStpNk11ZktJTDVSWktzXC9HVFR2WWM1K1lMaXE1bGhwWHBacnp4c1I5MW9WQWlkaXpjOWxBa3Rtc25MaXJWb1JYeXJWYWxaXC9WclY2U0xWZXhDVmRkNVVFVXlyczFnS2RGN3Yya3dMZG5pZmcyME14OEc3VVFYU2tHMHpUclFiTGZpbjNOOFRLa05qeUptUldIVldOQ1lKR2pZZFlEeU90V2RKMFNSdEx2RGRTc21DTWpIMW55S2xcL3hGSVJqaHlncm95SzZFQ2VxNkFHZ25YOENEdThxQVVYZmVES1FiODY3NGNsS1c4ck10RVA2MDV2RUE0SUVzSU1lbE9PRjVXVnFpbVVwbTVzRWdKMk0yanJUVHJLXC9yMmp0UG9TcXg3ek5vNTlhTm9wXC8zTFR4a0k2OGl0alkyNmJLZz09IiwibWFjIjoiM2YwMTIxNTdiZmQ0YmM2MmEzMTQxYWFmMTA0MDA0Mjg3M2M5YjZhY2NiYjY4Y2I1MGE3MmY2MTE4MTFjZDdlMCJ9','2022-02-24 03:01:04','2022-02-24 03:01:04','USD'),('0188dc70-951e-11ec-a1e7-4bd02b52da2b','lesch.frankie','$2y$10$pgakWdTcpNynLBAdMcL9quUe1yrs/pTbHL7vdE/.5UwvBBgxYCHSO',NULL,'$2y$10$kfDjXkv58Yrq3MeeCXiB5OdkA1.VcVOL9cnVo4o1pyGl2zJmjhBPe',NULL,NULL,0,'8L8ZML',NULL,NULL,'test','eyJpdiI6IlRYSERKc0VWN3FaYUV6V1V2aTFXb0E9PSIsInZhbHVlIjoiaFFzbFR0Tm93NGxNZ0FtQkF5TUphcHZVejdBSGZUZHp2NWxqQm1xMHZFanZ6dW13a2djRlwvaFM0Zm5nUW5cL05BaU9FK3FTOUFZRHpzVnRCUU9ERGpDZE94Z2JBdEJOemVmTjN5TUxjejNNdmFXcHhwR3ROOGRZd0djSFRDaEdvdzZQMTJSRjRKb3pFc0FoMFliSVwvWUpwUkpIdzB0Q3E4TnlnVnROOW9CXC9jMVRYSXI2elpLckdINWR1eklyZFJuZkVuMWl6cHhSajZKOEJ3N09OREU0TTZTdExQZ3c2dHZsekp1YnYyR2R6TlNpbVwvb1FTMEVqUG5zaEVwRk12dkoyTGRZdTcwSnlEalZlejRibVFwVnJZVHkrOUNvNVV3TFVaUkJJTWcwNUM2a1FOSDd0cW93eE03T1wvbkZ6Qmx6UnozOUhkZlJOMkFPbVZtQ3Y0VmNhR3B3PT0iLCJtYWMiOiI2NjY5NmI1NGZkNjlkZjk4ZTVkZWYwYjJhMWU4NTQzODFjNzk5ZmMzYzExZTExOTQ1YmRhMThkYTRlZmExOTgwIn0=','eyJpdiI6Ik9kUVlzUGZDSjNXZEZ1U3V1NHVLbmc9PSIsInZhbHVlIjoiXC9oUW93VmhtS1A5S3dhU3dNeGNCSDNpeHhaQVFxc2RGcExBMkhCZFh2OTZ1Y295SDlSY2VIeFJYdStNVTVOQTdoXC9zMkp1K3Q5SkprYmdETE9xeFdHbk1cL1NqemREN1VWTFRBYmp0aU9IUHNraDJuOGVkSGM0UXJjeFwvRVZGc2NiVFZuMlhKRGFpeVdSZlFKbXZZc0krczRYak1yTlZcL1JxSCs0YVJqdUlZZ1JlaDU3eThLZXp5cWYwSUtub3FkeUx6dHU4MU9qanNFQUpMRlZOVDFEVUp1M1MxWjBXeHowSDVOdXJ6MENNWWtHenZ1Vk5KU1U0NGFPdVY5UnNRbkltY296Q0VUOE5JVkw4b1BnOW5GNm5jMWdcL0tOXC8yTE9ESDJzOCtEMHVXeGVBTHJwc0FHd3A1SWpVRUdrV3pWVXJyV2hFN1F4Z2NmZ01VS3FiY0N6VmVSdz09IiwibWFjIjoiYzI5MjJmODhmZTIxZmRlNTVmMTVlZmY0MmZmZWQ4ODM4MGNlMmQyMDY5MTBiZTliMjQxZjVkNzc3YjFkMDI4NSJ9','2022-02-24 03:01:04','2022-02-24 03:01:04','USD'),('01bb5e80-951e-11ec-8efb-8f178534e71b','baumbach.rebeca','$2y$10$FkGUYj5zN4XWxUHx957sNeHdYYx1TE.S0j9tgIw.dvSBMP/oylWm2',NULL,'$2y$10$dWkP4Y7e4xmJjcNszTxdXOLobSOKM7GOyhoelCwIBMhf7SekhfKwa',NULL,NULL,0,'GAHU9V',NULL,NULL,'test','eyJpdiI6InFhNzFXTTBIbUxZZ0ZIZmtDNThqQlE9PSIsInZhbHVlIjoiaGEzWWR1eXYzbTBIRjdnMzVFbHlHU2hoQ0F6M1l1WWxKS045ZjB5TDR2VHZncnNQd1Y0czZwdzZlK2J0K29La2ZtQmVVano2T253dmtFejhyeHZEdEp6Y0NMQ1kra0J1OUxleUZSWno4NXdmQlY1Q1Z2NUt4ZlBGS3YxdU1UUVpHYmNwWlY5SU5yNnordzVRdlBFbVphMFJZaGlEXC81MXlSRWlKSTJzYUNnQ1htaHBXS3BEQVQ1VnhSZ3UzUWNaK3g1R1pZMHFQZDdSU2FUU1loSmdCY2VqZEVWOG9GZVdZcDN1ZExlYnpcL2ZlOEllT0ZYRXhRZTJDaVI2RWZJSFF0RWh1YU9pcitxOXNCcXpRcnZTa3RhMmFyaUZSSnBJVFBtSHVcL3R3VGhnS25XSTltNm9IaExXY3drcFdRNTRlQ2d4ajZRS3FNMDFKS1wvQ3NqN2toV21YZz09IiwibWFjIjoiZWQ0NjI4ZWUwZjg0NGVhYTQxOGI5ZjM3NjliZDM0YzdmNmUwYzc5MTc3ZWNjMzI3NmJiZDcxYjY0OTYwMTM4NyJ9','eyJpdiI6IlVIMkIwa1wvWUJTRTJuQnRmN3hzaWN3PT0iLCJ2YWx1ZSI6IkNGekNNMGgxYWh1YzQ0YWVQd1hReHhrOVkzWFJSaEZiY1lnRTdQTU1zaWtheFV5WU42QjI3OWpiMHNvOFwvbUpabXgyeDJcL3hWZVdjRFpaRHF0MHNyUUNrSlF2SzhEalZDUTU1Vmtyc0pSV1ppVVh6OSs2aEw3ZEVvK1pnS3IrVVg1QjF1OURMWXpxVGJSbW9OS3d6aEgrZFJBVThTc1wvanpMNFRLNXJkeW1nbjJKNWd3UklITjlNQjlvczA2VUtrYUROeWViOG1EYUFtUTVTem5vZDNxXC9WR3lUVUY2bENRYzdPSGs3SGNwQjNUZ3pVbWQwNld6VG40RGlhejI2WHFFS0lYV2VtSEZJUnRNUVN0cDhmVHRZc1R6Nkh1NXNiT2FxeXBzakN5T25qb0F4Wjl0OUxBQWlVeG5xUHhZeitXY1psaTFcLzR6NXBmS05pTlRqSk1UbUx3PT0iLCJtYWMiOiIzYzY1MTAxYmU0NGUzODZiM2E5MjQxMmVmMjMwMjdiYTgzMWIwMTY4YWFhYTZmZGExNWU3NmNkZjNlMjM1YTIxIn0=','2022-02-24 03:01:05','2022-02-24 03:01:05','USD'),('01f94bc0-951e-11ec-96f7-a7f600cc38ef','arnaldo22','$2y$10$yXOKaTptNq97NnTt6oUilOC2nIR/ilNvhuvCKzInbCFwTPqPCdzbK',NULL,'$2y$10$klHgTTErEVsJwLs31dX/hOwGMUr8ww000Wp/LlPsJYlTnW3EqL6DG',NULL,NULL,0,'X6AVYD',NULL,NULL,'test','eyJpdiI6ImM4MU11djJ3cFJBRVpITE03d004VkE9PSIsInZhbHVlIjoiMVp1ZDVVRit6S0FKZWRXNzJlaDg2UG5icmMxUXZTcVJwZEdnR1JLTlI4eHlUWlFHUXRFcFRRNnZUaTg2YUEzWWNzUTBJazBXdjZwenNVNFdpZkxhSmFzdzNFM0pOVThJXC82Q2pEbzdNQlh6OFF4ZWN0Y01IYjh1aFFcL0RCUEtCVno5N2ZMVyt4dWNBRGxndUpMS2hhWEdMZ1EyemdUUlpSOUhmcTJwY1FrbE51N21DUEFWRlpQZ1JPNEFMUkcxYmNCTGRWa2lyaFE3QW42cVhWU2ZEQzRBdE1oMFRpODNkSlY5ZDVyajFlckJGN01wQkJCcmRRZmd5UVBqa0ZQMms4Rm1DdVVPV3I0M01leDJrb05LU0RjeHl6U2VCbGIrOTFyTXJcL1dORm5TZVQzaWVEVmszN3F5blBpRVNVUWdreGlMN3VLY1EyeXBtMkdncUp6UzdPMHdBPT0iLCJtYWMiOiI1OTM1OGUzNzJmYTY3OTAyOWNlN2NlM2NlYWYyYmEwNzNmOTZlODE1N2YxZjlmNGE0ODQ3YmM3ZDliYzM2NmY4In0=','eyJpdiI6Ijl5WWNyamFyYXF2Ymh2bnJKWWNoTkE9PSIsInZhbHVlIjoiTks0Vitna1hEb1lBVXZaOWtxcmxuVXBHWUtDc1wvTnZZNDdzNXM3QkRUUjBYMmJyWWZ2QVZJK2Ryb2kwVmpVOWlaTkVRQUJud09KeDFXbmQ3SzJuZmZUaTJnQVcrR1RtbHB3YVRvMWhSXC85K1Q1djROckJQYjVOSnA5ZFJHMlpWYzF6M1wvWXFtb3dkTVZ1Nk95MUFYTmc4WGxGc3ozN2ZRQlFcL1ZhQ282dmNsaHlNNW5Kak9TQzhZMktZcjlcLzl0SWVGSXVEczA2VzNRZkIrdlMxMEVaXC9vZ1RNTXJBSWJQQStBdmdPMVwvRmdZVmRSUmlcL2VmVEJ1bUNzWVNoMnAreHdQMWFoMVA3UGx3YWNLQ3dCdnRDcHV6UzBISVwvYWNZbDFTeXQ1cCtvYXNLSnNXanBrbDdhSDAzcVFaQ3dWSnYrOVlEc0tOYjdSbmRFcGRVYkw1dTZFQ0VBPT0iLCJtYWMiOiI5Nzc4NWExNmEwNWI2ZTNhYTFkNTNiMGJjZTllYWZkZjQ2OTY1MDU5ZjA3NjZkNjcwMmFkYWI4ZGRhOTg5OTU4In0=','2022-02-24 03:01:05','2022-02-24 03:01:05','USD'),('02296810-951e-11ec-82a0-65dd69bba362','gmcclure','$2y$10$iqYIG5rNNFMJA7csJCJ69.Lc8eT.aAhoeZ2mzqMyUpJo0zu5DoIt2',NULL,'$2y$10$2Q9JPbTZcrQ1Zxh8QNr5dOTGpRvr68Bi67TQtKF5.GC0dynKLOTDO',NULL,NULL,0,'2RQ1YB',NULL,NULL,'test','eyJpdiI6Im9aZ2RhSEJaNzE1UW9WdWNTYlRHWnc9PSIsInZhbHVlIjoiYlBycE9xemp3XC9JWDRjak51QkdLSjhIS0oyakxMWlZaWHBnSDlVcmk1QTZJZ2g5elA2NDJOR05JUnIwQkZDVnpqeUFUaWFYTFBDaXA4XC90SlJGUVpqWXBOajh3Y0xzOVdkWnlGUkJCYmUwVnRZaysxWGNlOVlud2NVRDBGd1hcL2xORnRkTWdsV0dDN2tiRnE3U3gybkpcL0xMaXQ5Mjl6SlVGSG5SQ01MSFdsTm55NVdaWG9kcEx5M0JXWlhzNzEzYzhaV2VVODJHV1wvUHVhRDZ1eXIwSTJrM0wxajFIc3hUa25iNkpXZklcL0NFaUtrQUhQRXpYUGRJTklOQ1FacVF0dVFzcUpISWlXK2ErRDVZdWF6b2JlTXJKRnBcLzZPTWxJd2RZbzNZaGwrdWVaY2Npbmk1YVVNQzdydXMwdzh6VDNmSkExT282ZzBURWxXQzZiWUJ5NHhBTktPSnhcL09wRGlqalhPMmRFalVcL2lFPSIsIm1hYyI6Ijc0NWRhNWE2MzYwMmY3MjU3ODYwYzhmMTRiNjRkMGNhMzUzNDU4ZjRjZDdiMjQ0ZGRkZTg0ODcyNDljNGNhNWUifQ==','eyJpdiI6Im10XC92aVhEOFZWdG80eThUajZRN0xnPT0iLCJ2YWx1ZSI6IlozV3NDODJzRHptMGlKUjVMeVwvaTR3bUVWcjhVWWFnT0ZGWVluMzM0K2VOT3RyS3dDNzBCMmZHbElrSmp6NFhNZlwvbGNkM0FJTmlvN1RZbUdKNW84ektOQUFaSlFMVk1vVDVBSUZFRlNcL1dNV2JhdHMzRmRya3N6VCsxY2RQcU16dEx3WWN0RXp1OGVVYVwvWnhpNFNpZU5JT3RBTkhVWWZcL0pQckZUWG5WSGZGSEY2THFtMFk4MUFXc09Seng1MVNYa09yNEp0WEwyMXJUODNLbFBNMHZaTG1icWsyVzJTVkZqbTd3cFBZTlZrdmhQblwvcWFGTVBPeWRcL0VQMkM4OHBkdm4xb0kzXC8wWGx3eGd5anZnY2hKRnpqbURxdWNVRjhKUmlQdWxEQWFXYmZpS0xXdEkzWlVDUjZDXC9cL1hPQXRDOHVIS29Wam0zdG9EcGxkT2RoNXBkcFE9PSIsIm1hYyI6IjljOTZlYzZjMDY1NDM4ZjA1OWI1N2Y4NjA1MWFmMThkYTU5NDUxZDBmZGRiYzg4YWE1MGMxZGEwODRiMGI2MDEifQ==','2022-02-24 03:01:05','2022-02-24 03:01:05','USD'),('025e4680-951e-11ec-b69a-0596fa94e52a','hamill.fabiola','$2y$10$Ts6hR7foS9reYMwbrdBZZuN1n7t3Blt6PrwtdEzM2gK7E5NcgU6ry',NULL,'$2y$10$2ZxsOgXWRAPFf.t2ZYPjw.mJnYGsVmwQAUkPVnMoYXvQKJm3RYiUa',NULL,NULL,0,'JLDW9U',NULL,NULL,'test','eyJpdiI6IkpmeEhNZFdIQTREY1JDZnRDTWtQeVE9PSIsInZhbHVlIjoidWNVbnJnYjFod2V3M0NKVEFJOFwvVGFNT2ZJU25veEMwRmxiYWtwYjhlNlwvUVdsemg4ODZJcCthcTN4V091cndjeDZcL09CM0kyQnBFaHFHWDlEdCtKdjRLbjVvRTBmenp1ZEdnN21qelEzaWRWZElrT1RWaWt2OTlWME05NFM5bnMxNDFcL3dZRTh3NmFZMzVkVm1POWhjVWlSXC9aa2pGR3NCNForQW1BOW9WUm4zMXhDck9vVlwveDhvXC9cL3NOaG1FQWdsaThvenZkTFBBeXY1MWN3Q2lCditDNDlwb3loSnlEXC91bEhxemZjZHBYV21wb2t5WjJVSjBUYUJzSWVmNFoxTURCWFJsVjhxVVlOQjRrSmVUM3VTZVpQOXh0YlhRaXFsQXlEU0NxU3ZDRThCZU5pRnpqeHphQ3RGejlkcmlRWnVLOGFyVUlpbWZFT1VqWjlXVWkydkVBPT0iLCJtYWMiOiI2ZWFjNzQwNDhiYmViNTAxN2U2YmZkMGQ3MjJjZmFlNGNkYWY1MGQ5NTViMjc1NWNjNWExYWU1NzZiYTdhYjM4In0=','eyJpdiI6Im1kZGlFSlc3a0xQWTJCV1JXOGdYTVE9PSIsInZhbHVlIjoiQXk4ZDFMWDU4bHNZXC9sekVZUUJLWE5NVm5KSXg4UEhEMmJYRTkwWGdTeTZiVTBLTDltbTlcLzVNd3hZcFp5XC9HYzlrd2RITlRrUmpRbDF0NEpCcXlFeU15VExHa2RyR1ZKSWg5SWxLTmo3b3ZvZ2cyTWMzRWpiVUlwOGw5aDRSWVVGZmxZUzRzOUZcL0pZS1JqeDlxNDVPMmhHMUhuSEtsXC9UbWRNVmVRaVwvSGtzR0NKZDlNWjAzSWNvZTNsR2U3TUVGZGlETmxmZW44cEU5SDVpWml2SksxRTJiMWxmRFAraDFpQjA3TUwzVGtjRCthV2trWXRCNW5lYUxPdFhpSURIc25oeWNuV093WktiOWMyNkVUdjZQakRBVHk3M29WUnFaN2Q2MDJFMlwveU56MGpBXC9BcDd5eEQwcGNaQXRRZk9OSnJ2UFBQenQ1TTlxZWJvRUFoeDM0eVE9PSIsIm1hYyI6IjE0YTA1N2MxZjIwY2Y0MTE1NTA5ODY2ZjNiMDVjMzIyMGJlZDcxY2NlNmNhZjZiMmRiNWI3ZTAxZDA4MDg5NWMifQ==','2022-02-24 03:01:06','2022-02-24 03:01:06','USD'),('02918120-951e-11ec-ad31-b97b6f1761dd','annetta25','$2y$10$VPhd0FGJv2RRQWhh2S1Ul.ICpxB9hchnusuMzlJUxmwBTaRXkU2xu',NULL,'$2y$10$5QXSnVRqclbTUBqaq5rXvOLiCVwAwZFaK7Mj0rucUHU0HOauM5wO.',NULL,NULL,0,'X9BXVJ',NULL,NULL,'test','eyJpdiI6Ik9hV1N5VnlBZ1dDUlwvdUNIWWRTQzJBPT0iLCJ2YWx1ZSI6IjBOOExicVIzQnN2OVFyMk5wUUc3WmFwXC92eEJSYlNzeTIzV1d3aHZ4ZkpXcXk1VHpTNkFFb3hycVp4V2NlUWswTUpzcEFNMnIxVXdCZjFmR3JMb2lYVkdRdzJJVVR6c2p4bFY1TTFQeXNLQUZCOTh4Z3lWczJVSm81Q0V4R1wvM0I4b2trak1raU1yNnVDTEJHclV0Kys1QkxXaTRkMmRxSnc3NlFIbzNoYW9RM1wva0JTTG9aY3NTN2Uzb3dOaU1ucytmaTNsMTZHdTI3V0dwbk1iMTgzZ21icjBVWFhMblhrdkpjcFppNVFnUjBvUGlIOEJzSkJKaTZHMm5FeXdxY1c2cTRRVjJhSFpzeDlsTmhQSGFBaWpDdUdwSEE2WWN6Z1FXdmNKd1c1b2J3YmplcEVRWDNyNGJ5dHFNZ1wvZmxEV3lCU21oRTZPcE5jTUlIYkRIRElcL2RnPT0iLCJtYWMiOiJmNTBjODQ4Y2VmMWZiMmNkOGVjN2UyZjkyZWIzMzc4NGU1ZjEwOTM1MjAyMjEwMDdiNDYwMDNmZDViMmFmY2NhIn0=','eyJpdiI6InZcLzFNZzdhelRnMkhLZFdUKzdOMmFBPT0iLCJ2YWx1ZSI6IlVGTVNnOUtNVFdhRzdmOGNIWExaSjVqSjRzQTJIQlFrb1V2ZnNXTHVGTUF2ZGdwb1VzemlKcnFxOWpIZXphQ3NzZE1maUMyR0JRXC9WSG1OZTRLSmNCcndoYjRDQldYcVZQTFlWVjAzWnYwMjc3bVVzd0JuNis0S1RWdUl6Y1pyQzNIV0JDRHY1aGdsdE5PQm8zZWFSMGtwZU53MldENEFSQUNpNU9MNTc4eVRjQVl6MnFRdE1hcVdLRkNaeEFia1FSd2F2WXYyV1NWOFN6S0h0cGMzejRYT2lmK1FtWVNrd3Nic2xrN3NHanppZldkMHh4M1JDUkwrTjVRZWdFcGN1R0dLZllYZkpaZlNlSVF0UnVMNThNaTVWQU4wMUJGUmxGMGVxUjl2alFEbzVCRDNGVVZTMkhOT0VpUHVhaERVTlU2bVpNUHZydHorb0xVXC9PWTdrTHVnPT0iLCJtYWMiOiIwMGZiNTNiODBlNTliNjgxNmZjZWE1MjlhMzczN2Y2OTFmYmYwNTQ2YzBmOTFjODQ1NWQ1NTNiZDM5ZjdjNzEwIn0=','2022-02-24 03:01:06','2022-02-24 03:01:06','USD'),('02c3fbb0-951e-11ec-affb-4992cf58cfc0','klocko.rossie','$2y$10$DldXFDC0QjLG6KdhBBIq8eJmaNFmIlWOqoJhOkyXr6zEWagqUhd.y',NULL,'$2y$10$vTDyqMWBA18zaMQAr1t6n.yJ.RZbj78skFuo3GJKmFiBmmyf7s6k.',NULL,NULL,0,'WVWXKY',NULL,NULL,'test','eyJpdiI6InBQZkRiTlliOUxvVTNIamZGc2x0T1E9PSIsInZhbHVlIjoiZmFYS3ZGZmxGQ2laWGQwcmcrZTk0YkJvaXpJNFZ1T2dnUkpWZ0JnaktLNmFOK2t4dUpvdFZvT1F4cWV6THFobm5EcW5odWFhVXorNFdhYU9QZVwvVjJNa001RWVuM0greVE1TW8yeTBiMzNsSDhUZHh0TzVsN1U5RlRxZHo1RUFrYUZSOCtVU25IQ21jc1djYTZnXC93YXJucFwvOGVXaVp0c1EycmprTjZINFJFbndFZkdhXC9wa3ZCdnh2QWdxM1wvSEpDUUd2MHp0ak9QUUk3akN3SEVBTFlwRnBIQUpESUtDaWdIT3U4SWVaWmtQSkdcL0FyQ3VPUnc2cm9KQmYrSzdwXC94V1ZydzV4UU5mWDlGSnVxRmNkeXNJMTdoUlJMZ0RLdVkyWmJQTVwvSGNEc3BpVWVub25RM0xCcTFtOWIwZE9VS2pwTTJOeTM0NmFrYTdMYUNzZzJHVnc9PSIsIm1hYyI6ImIyYmI5OTc5MGMzNTQ5ZjNlMGNjMGI2MmI0NmM2ZTVmMjk1N2RmZDY0M2I5NDAzNzI5MjUxYzQ5NGYyYzE1MmIifQ==','eyJpdiI6Ikh0cXBFZ0NKR092bU1rUEh4eEFKNlE9PSIsInZhbHVlIjoiWmQrdEVpa2V5Z3d3Q2dnV0RxTDZiVzRtVTdWZUV5eHB1bzhZcTg5SkRyWUJ3WmJpYXNhZks2YXkwZWNrSCtXc3RLMGs2TXlaNHV1VGFJUXVGVE1acFRkUnNyQUVWeEx4QmtLempvQ01rbkNmZ21GN1BCemFLenUxa2tTTitQd1o0TDdvdWJGSjE1bmZtOVVxVUVzR1RCTWhzK1VyaVJMVEhGZnRUdjFEMWVhbFhDaGc3SVhsMW95XC84cUc3XC9GR1N3UE1ldm8wbHdKQjZsRUp6ZG9FMktyS2QzVFNVK0RHMkJRc1wvY09lY1VqbFlWS0pOQmhjSWMzT2NqVnZRTnZZcEZ1SEttQklGOEtQdm9kdDF0Z0NvblJuQkNsK0VuSTlwem1lWVZmVjlTQ2pEZ1ArYWxYdU9rRHlUelJJQWs2Y2JoZnczNzhzcTBaTklKSHF1N2Jqd2tnPT0iLCJtYWMiOiI1ZDI3MjM2NjQwNDc4Y2NmOWFiYWQ2NGE2ZDIyYzMwZTI1MTczOGI5ODgyMTkxYzM2NTZkNTk0OWUzYzgwMjJkIn0=','2022-02-24 03:01:06','2022-02-24 03:01:06','USD'),('02fa5170-951e-11ec-8529-3fbdd23b74b3','ima.spinka','$2y$10$0yi0NvJXhAhFV6f5puJtV.zCoWRbGc3f80LvhhqfO8GE8IwgSSQg6',NULL,'$2y$10$Jyty38OxFVUsHGEHKqwd0uzYm3oN.uv7ByO/GD2HbsyjvSC2fGjFy',NULL,NULL,0,'J2LWAA',NULL,NULL,'test','eyJpdiI6IjVNMFNlUmtYMWMzVzFcL3QxT0llSHNBPT0iLCJ2YWx1ZSI6IjlPXC91ZzJMUnRYN0tyUmQrcjRlOUxhcVpcLzZ2a1BRQ1phcnMzTGZYOHdwbjRNd242b29vc051SUNQaUJSZFBUNkVoUGtPSnkza0hzYjNjc3VIUjNPcWY5M1JoR3laR0hZdFdLVlgyMUhtZUp5NlRGTW55eVc1QW5oZ0ExanNLc2Zja0ZmZkhncmRPS3Fka1liRXk4d1hyWFwvSlpjbGRHbmtSNTVcL2lmUmR2cEV1SlE3alIwWDkwbU5UWnRQNUthb3JYTDduMXc1SzNJYWNcL2k1ekhkeFV3OU02d2w5MytHK2gwVkRIa0YrUGNzVmRuTW56SVE5N2cwRGtyVXkzcFlycXlHR0J2T2FZQzFQRkhZWXF6dmtKNWZTM0pWdVZ0WlFQMlwvK00xQ3crazhqVnQzemdMVXIyRHVpekVCYVNGbVNEa0Mzek5aNHZrcGQ3aFFOd040alIyZz09IiwibWFjIjoiZjZlZjY1ZjM5ZjVlMDM4ZjUzOGIzN2YzNWM4MzJkODIxMjc3ZWU4MDEwOTQ5NDAxMWI4YjE3MDQ1MTc4N2E4ZiJ9','eyJpdiI6ImcwM2dkaExjTVZoSU1mTVFMb1l4Y0E9PSIsInZhbHVlIjoiaXdDUjc0TThVWVREakdtRForUkdJb2RUY3FcL2xjXC9CMUxwRml2dmtFNlVoOGVXbGRtbXIwRWpJZjF1WW0xUUFwSUprblc4TUs5SUNwTExTaDVWYU9zcmt4WHl5ditjZ0MwWmxOVXlWWCt6Tk9KWm90MXRUOUZGMVZqTEdBUTNmaEkra0pcL09qbEpuZFwvQWNYaStBSndzOXNkbUZySnVDNEV5NVRHRFlXZ3krY1d0aHIrdm5iZ3JiaXBXUENsMm05R1lOcHRSaGpDckpSSm5EVFkwRjAxMDBGQk5lOXdFMEh6RWtpSzR2UlJZZkoxbkdZb3lDR211QU1LTUtUSWtPSHlxS0pBdmF2Tndna1htamNPXC9XU1BDOGxHK0Q2WVdqdzJpT21BWkhwQ0ozdmpJWEZMUmpGZ0t0T2VoRWNkRVdQNXdDTjRQUHVNZnNWcGg5cWQyV2RHaXc9PSIsIm1hYyI6IjdkNTU0MTNhNjIxNmRmOTQ3MjQ5OTNmYjhlMmJlZjVkYzk2M2NjZjdkOGU1Y2M2ODE2MTM1MjhiN2M3NDQyYTcifQ==','2022-02-24 03:01:07','2022-02-24 03:01:07','USD'),('032b7c70-951e-11ec-adeb-9b326590389e','omante','$2y$10$t54MJo9wyTJn8kDPYZHLtOlcSJqGqZSpbS5prnvB3LadXFGNS2pem',NULL,'$2y$10$Si/ed8ELQizUsgUlcE/DcePYh/4PcPflYnuklyEUVHs2HIjd6vdiy',NULL,NULL,0,'ECUYVV',NULL,NULL,'test','eyJpdiI6ImdFeG5DRWFJaENsY01cL1NQWFpUVUhnPT0iLCJ2YWx1ZSI6ImN0TW95WnlsbXhhK2V3NHJ4cUlTMVdZZU01UGR4eGRjVVwva0U1Z2dvQ09YMTJSXC9ZU0hNMGxwMEFDQ3RFeVhQOWx1MW96RDlReGY0eTF3NmpsZXhQSWxtb1dJUEpsZW4zaVwvNE9cL3daaW1VV1wvVzJOR3BEMVphSGo2ZXZxTlwvTnFUTENkZ2lyWEdzVEtGcTk1SElUSkxUcHNPbTRIUVFCeVN5Ym9tNmhvdGFiYlVQbVVOV0d4dWR3YlloSzhVd3lzRklsSEVac3ZhUHJEYWlZckNSSlhiVzh2YXpoUlFqWGNuUEJCT2FHYVRqMVA4UlRoTkN5R2pBXC9na2t5VzFFaENRYlRGRDNKUnFFRTRQNFBPRis3eFZKTGMzdlFpUjFpMzM5YXhBS0t5dFllNWtENG1aaVJIa0JINWM4N296eitwRk9vZkt6c0ZFbkZIVXNnT0xVdTJuMnc9PSIsIm1hYyI6ImM3YTQzODhmZTQyYjBlMmNkMDJhMDc1MDgwN2E1M2YxZmRmMjYwYTM1MzJjN2VmOWUyMzgzYzE2ZWFiMjgxZmQifQ==','eyJpdiI6IjMySlhCQUZLWmRWRSs1aExnTm9zd0E9PSIsInZhbHVlIjoiVVhmN1JMb3JUV1BVSnNoU3ZNRXo5UkFRd0xBRlRIeFFYdjd2b09YUmNkc0t1NEpVTlorRTRGSlBGZ3hEalVrSjJUd1daTFF0a1FJRFNiVkZ0akpaTFpRTVFodGVYb3RURk9Db3VYRmRBalhQZ0l5V0hWXC9YVjNCY3VVVUNDQkNKc0ZMblpzRnd6R2lsTG1yNU9FbmFcL2JPcHppUEl1djhaZTFVVkIxeGtTR25DS0YxK3ZkUDFUSEJrMmlCRnBjbVwveGlRcU1rS1oxR3hjTTNOT0ZySkZrcTI4bUdIbWRFaGIwaGIzOEY0aENUVjZjMDIzeUU2c3BMZHBsYm0rcm9yZTFHVzZ1cGZRM3ZNMWt0UVNCODFIZllrRk1aNlZFekVYdDFWQWdKYnFZbHBzeGQ0N3BZQzkwb1VLRzBWVW9BcnFXRGc5QWNReWUzQktxQndcL1wvNUdJSXc9PSIsIm1hYyI6IjQ2MjgzZjgxZWFjMzYwZTc2YWU2ZDFjMzVlYTQ3NDU2YzVlNjE4Y2U4NDQ3MDJlMzkxNDE3YWY5NDllMDVjOWIifQ==','2022-02-24 03:01:07','2022-02-24 03:01:07','USD'),('035cd060-951e-11ec-9a84-75a791aa034a','joe96','$2y$10$1KEIknEfnQYIzv9Oe1KP.uko8kZgIa44pmxidgwfTWJ9zbmuW/0Nq',NULL,'$2y$10$4pA8pQgnOph3xhXZ5gJHz.K2M2WGd8fKDf4L/kgarpXnCOT1COy6a',NULL,NULL,0,'HHUUBB',NULL,NULL,'test','eyJpdiI6Ijl5ejFPYXdHQkk1c3VzVzNNMjhzaXc9PSIsInZhbHVlIjoiNTNqaDFWVGNtMm9NMVRRT3RFQlAxSWJ2VVpkcEFXOWRoTFN5a0ZNd09WbVZBWVYzSVpJU0xMYVh6T2JLTDhIaCtiWm9JM0ErWEQ3VCtHcXZqaExcL05xUXkwRWlFbWlWQk9UQ09sQmNxQ2RpRFd5ZElweE5ZVmt6TnRreWwwSEN3NWpxVWl2MGxGSThoNHVVOWl1ZEk5RU1EbnpaQ3ZUTGlGY2REalJiV1ZFRnZkSVwvTjBZb2pXREV3Y0l5YTlncnU3VzZ3VkwwMjlEbVBBVDE0SlJ6dUFhU1RESDFKQXZcLzNrdGxoNmtuNkVoUDFVaGI2OWU2a3lubHFaRXh6R0lYZnNFZExHazlcL01ySHlKbFwvSGpWaHFsVllqNEVpVTdlZE50ZUwxd0h5VUM0UVNmTlVoMFpPY2lUcDV6allFZXNoeW1BczZlaVJzSzJXVE1ib28zR3c1TXc9PSIsIm1hYyI6ImYxOGYyNzQ5Y2IzMzFjYWU0ZTFmMTVkOTEwMmExMDk2ZTA1OGE4NGM3ZWFiM2QzZDMxMzNjYWNlNDQxY2FlZjgifQ==','eyJpdiI6IldQR3Q4YkdKUGZnM1RreG8zR2VvaEE9PSIsInZhbHVlIjoiUkxSSE14cTNuQmMyY3JmV3JidkZsSjJlXC91d2dSdE1sNGVHRDBQVWdMK2hpTHd3VGdjV3hmTXdpVERuUkhcLytQSVdla3ZcLzN5WGl5TXJRNlwvTnJcL2dUbjhUbm9OWVdTQkhsK3FLb21ZQnlZTE1jSlVXRjRTXC9wTjF4U0dpNmJvTmY1NWZPempaQzV4aUJBbnkwb25CQVwvT3pPZUJ3QUxzVTN6Vyt2STE1WndDN2dpa2xoaW1aWFZtNm43WUc1RWJ5U0FvNklZZmNrYWVCUW0yRmVFSWxjTGNFRTNHZGNtbThLY3FkZHVmWnY5NTZHUXlUelFVNm14ajNLWkppQ3UyODBSazRRMUxkY2Jqa2VVQUtkMmlod3JWU29rWkpoUW1ZZVpYUW11QXRwXC9wN25mZDAwOFwvNHZkTEE2MmxLNVM0YXZ6bUNrN3BTNk9OUzVlTFJQcGlhckZRPT0iLCJtYWMiOiJjOGU4OWY0MGE5Njc0YjIzNjRlZDE3NjY3MjJiYzRmNjZlNmMwYmJjYTlkYzI4MzQ4ZDZmNmIzYTc5ZmMyZmEzIn0=','2022-02-24 03:01:07','2022-02-24 03:01:07','USD'),('038cbc10-951e-11ec-9346-17199761d708','xzavier03','$2y$10$FasAcDfbw2/ivaYz./7dEeQ5LxUdb9XE46NiLKskBMprumnaHXP3O',NULL,'$2y$10$4G76FViXFu5z820N1zKVoOH/zXp.xTOwsyUPdZr99C4Wee8w0xpbm',NULL,NULL,0,'YSWMVS',NULL,NULL,'test','eyJpdiI6IjhLaVdxdkVldmQraW9ZQmZHa1pjd0E9PSIsInZhbHVlIjoiM0lMcDhsRUFTeEZTaThlcTI2eUE3OVlcL2E0NHY0YTMwQUhuV29xQndjaUpIblV0WHJFWU9MY3VGenJNYXYzaGZ4cDNZbURzOGU5RjRFTjIzNWM3bDRWamV2OHlmV0U4N0xLeVlpalJHK1pFNEJrdEtiUjZrenFBZXgrQ3duMVhMU0gwc1E5cHRXSlZ5eWxiSFoyT1B4OWpwZTNvelU2ZGEwMFZ3MjdZN05kaW9oVXhXNjFGcHlSdmN2UDdsb3BMcGxhVjlNRVZCWHpKdld6amtqQ3dPSGp1ZGVwSVpYRFIwb2hoUGRocXNNZ29oR1dnMGgrR250SVdoWUhncmVKcVlqbHBWSkx1aEtabHRJTWNSXC9IZVhuRm02eDJQYUNrRlg5d0dSQ29MRDlyd0gwbXdEK2hMRjFXOVJqNGRKU1phTFQ3TFBzaW5aWDFoMW9ITXNzcDlOOUE9PSIsIm1hYyI6IjEyZWIyZmE4NjkxY2I0ZmIzM2U1NjAzODRiZjdlN2FkMTg4ZjlkNzE1NjEzMmUwZTRkN2U0OGZmOWIzNzNhNDkifQ==','eyJpdiI6IndPUzdpR1BQN25wVmVENGNaazg1aGc9PSIsInZhbHVlIjoiKzdWalwvOFQ3SzVHZW5VWHY2QjVIWUZWZzBYTTVicU5IcjJoT3lPMms2cDRDR050QnVZWVNoMW8xRldkZk1jN091V3pSWFJvSm55c2ZaeWU4Z1o4K1lJSDQ0ZEg4STByMGRSNUZHRDE2ZjFBYzRPYllablczakp2SkI2bk11TFBiNGRWY1A0ZmZKakhtY3NDcUdGRE1CQ1BPeEZSOW0yWE5YUWZ5S2xDeUtCYVoxbkRMVUpRVWNHcVwvOGtQMmVQbGJkd3VlQmlsZ1hvaENub1g3Mmt5STJQYVZ5RXFLdEtPMkkwcmpDb0dwenVJK0J2Rk1yZ0U0eURZWVRrRFdFZUxRSm5iYVVMSTI3Nkx0dkpMUlhcL0ZjbWV5dEZFQktnckdTZ0VFZitIQWo3QXluWGdQWHIzd0I0QzhcL2ZFUUQ1eUgwRkllTXlhT0xmS0crZVFLMWxRUFpUdz09IiwibWFjIjoiYjE4NzM0YzEzM2MzNzkwZTliZDIzZDY0MGZkOThkMWZkMmM2OWEwMzY2ZjQzNzNmOGU3ODMzYjMyYzVlMmRiNiJ9','2022-02-24 03:01:08','2022-02-24 03:01:08','USD'),('03c53f20-951e-11ec-8b6b-99a4dbb457ee','akreiger','$2y$10$Dft1pdbV1d0GB29GTsQAJOLYV7LeH08NvsDiS/5vFco.g9I3KLSve',NULL,'$2y$10$D9rxzWiXUnDSSF3GS1n7jO7szlmMVBRmPJFir.yk5Zz4lT5IHSmSC',NULL,NULL,0,'UQEQSA',NULL,NULL,'test','eyJpdiI6IitWSGdyQm85VUJGdGZrYVRkRVQ1b2c9PSIsInZhbHVlIjoiWHBkRFRIcE1sR0RGSUp1V21cL3ZteFY0VWxWRHBybDRUNmxxQ3JpQWFEQmZUWnNPQ1NNb2FVQ053RjlTZzlOQTZ2OEFpNVdkSjRzcHAzNG4wYk1FdGpTZUJoVFFTUUMxZGpwVmsxT3ZmXC9kXC9lSHJoZmRXdTVyQlNmNFFYcTlrOXdDd0xlcFBuNUl4R1g1Y3VHb24wUWc5emV2RVltemZoQm9MeVwvUEFNb2RYRWhLRzl3RXdMMm5ROW5QcmlqeDFYdEJwazFlV3lVMXdrbm5FM2ZiT0pHSGIrbjZIM3lmTVpPUkdKbENGQm5aT0cxbFFoMHZJcm1mK2wxZkJtaG9YOVlOSUVTWndDSk1WYWJoS1FqRXJDSXlENzcwUGVjV0l1ZFVkdEVpNFVkY1EyclZETXBIbFRUOW9WRm9pek1OQWt6TzFHNFdFUUpNb29DYlU0cmNObHlWdz09IiwibWFjIjoiNmYwMGFkMDdhNWQwNzRkMjcwMTZhMmFiNmJkZWYwY2U1MDA4YmVkNzRjMmM3ZDg2ODgxYTgwZDY3M2RiZjcyZCJ9','eyJpdiI6IjIweDhQXC9JVXB5TVNYQnlXWjBjRXd3PT0iLCJ2YWx1ZSI6IlNhQUh1YWY2RFwvQTZsMGVrZTB2UHhZek9IdzMwZW5qMzJoNEY4cHJFMmxXVUE0RTZZaWVXcGxoXC9GM0ZKNksrMklTU1hhOEJ0WUp1MDNXeDdZait3UXFDejdJMlJjUmZNNEFmRmdpc1lcL0c3S2RTUHhvWG41TndTdWRnS0U4QXB1SDUrRjBsMW1XREJnc29IR2daMjU5V2tWSURZdVE1NldzenJUU01VckVqRmhPbFJSTytpZXgzcHZYdnkzUDZ0MkNrT1drZEpySkVLMjVud2VDeTZ3djl6S3RUUngyOGt4M1p1endFaG1LYWV4VXl2d1ZTK0xxS00wc2o2cThPMVZFYklSV0ZjdXRNaDFsV2VldFhGR1U5aThCNk5ocFFINEJCTHcyd3hQRlBDc0lkY0RpaEFlNzJRMndzQWpMOWFMZ2lmUnUxd0hYcXJEXC9JRFJtVnpma2c9PSIsIm1hYyI6IjI5NzcxMTM1ZWMyNmYxNjNhYmZkZjg1ZWU4Y2E5NzA1MWNmNjg2NDFmOTAyMzMxNGIwNmZlNDE4MDE4ZDY3NmYifQ==','2022-02-24 03:01:08','2022-02-24 03:01:08','USD'),('03f6f4f0-951e-11ec-a167-ad43a826f49d','chloe.breitenberg','$2y$10$26Q.CngisTyXggkVKzELcedcAwVMAwypihDaSropdz0uNWj761mmi',NULL,'$2y$10$KFhlE0JVKYD6bjUdtDTFYeUQxbyLHI3rOaLpfe4PYOXFtQZrF37bi',NULL,NULL,0,'NGDXFS',NULL,NULL,'test','eyJpdiI6Ild0dW14UkJ2OU4rUkJaamxDczU5SWc9PSIsInZhbHVlIjoiZk1pek5zQ3FvVXNteTRYZ2hud3hCQ09LcWp5XC9FMG5LZ3pocXV6UUFJU1wvOXVWdEgrSktxQ1QwVW5NV0tMUG5YTml4cHh5ZVlhM1JwWmdzYWNMdHp1bXN2SHE2MnFZYjVaRHVkTDdXbXk1UXoyN3lwY0ZRMGltVlZTSVlkN21VRUNidWRrZU0rYVwvS3hlM1pRNFVYVnlQY0JReXk3dVJ1UmMxbHFVQW9URWRHZU9QVitaXC96anpTT0JkdHlhWmgzNUFna05Ub3g2Mkh1MFFtOUlPdEFsdVExMFpYSzF1ZUZHTXFHQlBNNVNZaWtTWTR6NjlFYWtGQW1aUDVqczE3bVhZMExGcEJBQTNmWTBFQ05cL0pzaEN5MXZtUWF2WDlwOTJObUtrQmh6ZGtZdVA2cGZxNW5nXC9yWHFPMVBVMFc2M0RmN2UwWWRQNk5wbUhNSTBHUUp4dnVRPT0iLCJtYWMiOiJlMGQ5YjYxNmQ3YTE5MDM4MGY4YjY5OGRmMmU5MTFmYmM4NzJlZDcwNDJkYWM3M2Y2MzNlYmIzN2QxMjg2ZGJkIn0=','eyJpdiI6IjFLSHRPdjdOaVpTVGpQcllPTmtIeVE9PSIsInZhbHVlIjoiOTBla1poeTg5ZFBtRmg4NDBMYVFxbjdaVytkeFA2MHVmcnl3T2M4RzhxM0lcLzFlTUV5ZlMwTEEwS2h3bXU1U0w0dEIwNEJ3NlFZRDR1RlZCNXoxYVplR3VkS2JYbGRkNW1LOWdPOVZVZklUQWtySDFXc2FpcVk0bFhZSG9aVDMrMGIxdUU1SnEzaURESHhEOUpLUVMyWWx1YVgyVHppWjh4VjIyZ2oxYlRDUURrbUNFR3NNWU42MExVdTlWa3cwRytTK29UaTFhdlZ4OFJOdHJjWTB1YmJWdE9ZRU8wSk5yVEgreFduVGFFeUY1MG5DOURyY2ZtbmpoWkhMWW1JUDA0azZmZFo1K1hzU25ydFZnZDVMWHNnZVEzRnBSSkY0MjFIS2hibEhGbG5YRFY4YTFaNGdNSWRwUnQzUFhDV2xwdjNDV3ZSWkNDc0tqZ2lLY0NNUTdnQT09IiwibWFjIjoiNDE0NDRkMDJjODk3YTNjNDliM2NlNzQxYjExY2ViYjNhMTQzZGExNjEyOTdjODc3Yzg2YTAzMDc2NTZjNWZmNCJ9','2022-02-24 03:01:08','2022-02-24 03:01:08','USD'),('042fa9c0-951e-11ec-a842-c92b4e9f4cbb','ndare','$2y$10$VUbk0ZBHJErYv8PWgbP16eWYCJJ2meL9bJ2FbCiWGTqBh9uvkyuWa',NULL,'$2y$10$SvRQXm3R.7j7Fz/PLnkDYe.XvDNLeXcH55NDmBf3OEkeMiJjxvVE2',NULL,NULL,0,'DWRVJF',NULL,NULL,'test','eyJpdiI6ImRYWVwvb3c4TmVCTVVqeWJjUWtvTTV3PT0iLCJ2YWx1ZSI6IjdBeXZ3ak9DbmFOXC9Tb2x3RVdhN3FtS29BNkwrSEtNQ1RvUUp3b2dRMkdnbWVLejRIYTk1cUJhT2tXMCtBSFIwSUlCQ3VldW9WOEQxQ0JkR2RUaCtkVlwvZnZUdkhOdndwWXluNm9GbGpia1FuK3BDVWExdElTdFZQZU5rNDJ5QTFRZzB2UjE1RGErc1U3TTZTVHUzaVlWbTFMa1A1MG10NDgzYXhwUU54ZnZRaEN1SWpZWDJpZkVQSXpHaFBJdVVMcjlHNFBoV0VTRUFXKytDVzFvdlFmWmQ5ajdxeWtEY1BORlhtejEyM3Z0YnNsWHAyWGorVGpjZVZMc1d4R3J2dm1ZZVhkeGNGN1N5Rmh2V1BRdnExdEF3R0hsTjRXU1ZqUGFKUkRBc0wyOHMxZ25HUHgyUWorbTdJZHNxSWxpSkFnQVI5YUFtejJ1QUZnVzQ5Z1lnWkxRPT0iLCJtYWMiOiJiYTI5MzgwZDE1NDQxNTk4NDI5YWJlYmRlMmJjYmY4YjdmZDUwZDRiMjdlOGFmYzRjYjRlZGZkMWViNTExYjI2In0=','eyJpdiI6ImdxRmp1NXg0SnhGcDhpR1dLMnJRYVE9PSIsInZhbHVlIjoicTlabHJtNVRzMEFPUWI1a3ZBRkpnWWRiWmpcL3pYd1AxT044OWNjbEttNVZOcENyUk85TmN3Mmt6T2pJZGFkYVM3WnNFQ25nTElYdmpTMTNteHhFd3NUY2FWN25oMUlYOEhMWThXK2Y2SjFtUG9SenlIZ0xXZW5oeWZIb25oVVNXV3NSQllTeGVKOTFuaUYwaWs2WmFrZHFqMDIzcE1XN2ZUWVd6dmhVUnB5ZEVXWE4rczNQWXdxVGl1RUU4XC9Fa0dFNFwveWxseDRPYWx1VDYzdnlwdERNNjRRVjd5MWV5UW9pOThPd3BoZStQODFNZCtGQjlyQjVDQTE1Z0RFbFdhWXd1U01aeU5sb2x3dkZMeGFCWTRLM3FyWUxneUpTNjA5MFwvVXd5eGU3YUM0YzJtcngreXB5Mlp3T1F5VlgyYjY3ZTZ6MUQzMnp1S2VrYUJ6RDR1amFkUT09IiwibWFjIjoiOWU2YzZlNjQwMDY5NjQwNzdhOWUwZGQzMGI4MzQzZWIwZjZlNjc4N2NlMTkwNWI3ZDJkMmZkYzU1ZGJhZjY3NyJ9','2022-02-24 03:01:09','2022-02-24 03:01:09','USD'),('046d0b70-951e-11ec-af57-974e5b86a044','walter.fae','$2y$10$2ocquhp.K0iYnryadnqMqehxXfJsErE/ly0A8CnYhyi7WNbAimL.O',NULL,'$2y$10$txd6zm21zPfOFb2WUpaxueQVdcyMW8Jke7TEoyjUZQXgKEEZEpO7G',NULL,NULL,0,'UYHJLL',NULL,NULL,'test','eyJpdiI6IitKcEM4MEVuSHBjUVMxTEl0UG5VUkE9PSIsInZhbHVlIjoiWmhuMUpod0FLR2pubzRBTWhubGt4VENsWk9ONkJzdGpVM1l1dk8wVTRNWmlpdDNcL1JFQlhPQmlxNTBFQnlKVTFacyt1Nk9DZmQ3cE81cm1sVTNuZkdsVEJrTDdxR0NQZnVtclVlYnh1bllQanM3RnZyTVJqaDF2clk0TmFyNVJUbTMzWFFsYzBVY3FoRXhrT00rcnhsZVFYNHkySTlkR1dCa2lqMG5Qb3BRcFh5eHM5Z0FtRmZXa3RIbFwvT3c3MlRtSWdsWGJmVythVVBZZWYwYXJaek9xZkx5bkxFQk1LaWV6bkhTbzBncmtlcGd5cjFSTDBRM1BzdWlIT3pDc0Frb1pcL1Jxbjc4YlRGZzFuSURZQ0NlVjNrWElIeXJHbVRsb0RiNGRWb3BWekM4TXArOGJqWVFhS3ZQb0lIN3RcL2F1Z1E2R3FxREo4MHFFVzZHd0NuZ2VGUT09IiwibWFjIjoiZTA3ZTRiYTA3YmU3MjNhYzkxOWU5Yzg0NDcwODQyYWUyMmMyZjU5MWYzZDcyMWViNDM4NjI0MjkyZTY1MTIxOSJ9','eyJpdiI6InpKOEg3eGNlM0F6emVrbmtlcktQekE9PSIsInZhbHVlIjoiQXFlelFGSjdOXC9Rb05tT0hTVU1rRlpQbHllb3poMWpycmJ3YkZ4QTBmZHo2cXF2b08wb2dadEliQXBxWkQ1QmRXZWIxZXdcL1d1U1F0d2hMSUtCS29MRkVYNWFuTGJyWmVhbmd5OFlGUVArR2haYjhKMFM3b0hrb2swMFVxQ2FqSTY5d0pMVWg5N25SSDVQVkZBMlhOblVWeVwvWWw2cnlPOUpydmZ6Tk51ak5UVmhVUG5oc2hNaVhxTW9EWXlYaFVWd2hJT08rcE9ZZ0NXeFg0TTJ6dGgrYUp4a2VIK1BkanlZU1JsRGwwaDZvSXRjdVh5M2RkRzFUcVpZMitaR1ZWeUdWSUhZZEt6R0hkWGxqWGplT0NVbjRiUkN0UFFxZ3JySTR6SjZhN043ZlwvV2tJQURXQ3FCRzlRVVwvOXJORCtMckdzY2hlNFJzMDhNZEVXUGRtTUhreUE9PSIsIm1hYyI6IjI3ODA2ZjVhNDdhOWQ0NmY5M2FiYmMxMzEzOTFlYWUwZjQ2ZGU3YWYwNDczNjdmODZjNzBjNmJmYTA0OTRiZGMifQ==','2022-02-24 03:01:09','2022-02-24 03:01:09','USD'),('04a3ff60-951e-11ec-aef5-997aa7d2f2f9','jonas66','$2y$10$u0DlecUZF.FNfnkK0SgnPetKn5RiX1OhnFwPQShiyF01ZZVspd4rC',NULL,'$2y$10$7kEqaQ8ocvi9Ic.GqpaKwu1Ob1rWBZznNuvUSSG44T/VkeFuGwPPm',NULL,NULL,0,'ENPMXG',NULL,NULL,'test','eyJpdiI6IkR3bnBRbldQbGJpZEFjaEh4d2lBY2c9PSIsInZhbHVlIjoia0hqbEFOWGRQT2Z3bUhmdmFpelpnOU5TSmlGenNMQVFWa2s0blk0M0tHTk5XWjk3MXVuXC9nSUF3NjhnZU1ndUQ1T3hQRkFxWjkxUnN6KzIxYThYbTJMdXBBUzdMNG05amNZN1JMQUVIajhyM0hBZzlIKytsY215XC80S0lyWDIxdU1mUzR5WEZRM3NmckpKcUk5TWR1ZkJmK0ltTHUrVElWUGdLemRpeEVDb2F0bmp0TGw4NHJXQzhPV3hEc1lXRG5GMUNrc215T0dmWlBRVjAyd1J6ZWg3Z2VpUFBOMFQzN3k4YWpTVGY0S1M4TTVFYzlrQ0ZZdW5IY1Y1cFBuK0pEUWx4Vk53MmFNbFwvK1J3NzZoZ0h3UEVGQWFjNldibnF1d0JUTkZsSllNbVZYeUFiRU50clBHTnB2RjNyZFBYNXIwMzA3SXE4dHdtenR0Mm5ZVk52TW5nPT0iLCJtYWMiOiIwMDhiN2E3MmE5MGNhMTJhNDk4YjJmZjY3MTVhODEyM2RkZjkwNTQ3MDExMWM2YTViMzk1YmJkMTZhZTMzOWI2In0=','eyJpdiI6Iks2VnR5c21RNUlOa3hUYzcwRlFzM1E9PSIsInZhbHVlIjoiQllTb2tFRHJzOVFBdSt2enZWTG5XMG43bE5lb2xQWEJwRjJkOVZiZVdNXC9tcVluek5qM0VsWnR6ME00anExU05ZejR5ODRQc0V3ZllRK090SEZLK2xXNUhuMWVmbzdHekhvWjVFSXNNZ1wvbmJneTBFM25cL3lIVENKUTAxOER1NHRENFdSOVczMEZrWHFzVFNSYnl2cUorcHZaTDFyXC9vR2UyYTg5cTBXdmE5b2NtVWNuNlRkSTBqaW5ZRFROOExiZGJtK3ZiXC91cjB2SUdURWQyVEVkc1VkWmIycGh3aWJyM0x0VGRBQjNTTUtVWjEyRTMxRzUwTlZabjh5bm5lc1RESk9PTGxjNmxEMkRZN0xFTFpDc2F4VEp4WG1ONGRyZE93RkRFVFQ4YmVidlJMa1FrZG9EXC81NTJTdHNZNzVHM3YzWk9keTkrcFhmUHQra3hWK1VoZ1NnPT0iLCJtYWMiOiI4M2IwNDEwYmI1NmJmMDNmMzFhZTA2ZWU2MThlMmZjNTA0ODY0MWRkNjNiZjNhYjNjNzY1MzI0ZjU2ZWY0NzgwIn0=','2022-02-24 03:01:10','2022-02-24 03:01:10','USD'),('15314470-9562-11ec-b445-df95261e50a8','June','$2y$10$ujRPZwHV8EAQPckfU7IsiuOcf4w.yVMdYVslBbFbAmyFywASg5mBC',NULL,'$2y$10$l5N/SXC4uT1lu/41v8nLq.NHb4jF2BFN8lgjwXzDfHfG.wBM3CxPy',NULL,'2022-02-24 11:08:54',0,'HVBPIA',NULL,NULL,NULL,'eyJpdiI6IlBQUjVnUlpTSm5QTHphT0V6SnYyVHc9PSIsInZhbHVlIjoiQU9JMDhFbTROMnRXN0hQazE0OUM5SlREY1wvQ0lBaHkxeStjc1RHMUIxSEk3Rml5UVd2YWRtdG9kNjAzOER3djJhQVNwVXduSlZXbkx0Y0ZYczdrNzBJd0ZSNk9kTDM4bG9KOWJ4d0ZORFlZWkRBU3FrTFg3TXFNcTh3T09FeUx0Z0RJVlJRWWM1VTZIUm5JNTkrS0RNVTRuRmswcDd5bzhLVmpsTGprTHcxWnV5UmFhTzZzOTJ3aE9oZmdSajVZTk5oalNtdjVXRDBMTE11c2t0dVVwZUo2Q1NIZDUyVEwwbXhET2hOWGdRS1pLcWRMTnBtMkxxZjhhOWZEaW8yd0JRNWNpblBWT2htaXlCVm1ubmU5SW41ZFZxayt1K3RCNGFLVmc1MStqTE9vdTBWVmJvOWJRN1dYRFgyUUdjaENueHdCWHUxRUU0VVwvUkxrcUZEWlN4UEE9PSIsIm1hYyI6ImVhMzhiZGMxYWMwYTU2ZGNmZjc2MDQzOThkNGNmYjQzYzNkMWI3NzBkMDFkZDExOTNiNWY3MmUwNDhmNTBlN2MifQ==','eyJpdiI6InRoMnluUkNZTG9aTVhiYWlIR3NYUUE9PSIsInZhbHVlIjoiUXdpVnIwbTdDK0wyc3I3ZnY2RE1TSllpak5BT2luMmpCVURmZlJiWHdORlIzWHVZODhFVW1od1wvMUZDY1RUSFpsckNDb3RiWmxTejd2Y2d2VGc4aFJlajVNWkZ0SGozbFpqTVdjWDhmV21Yd2VRK0ZkeWlPVlJSTGhQK0h2SU9veElvemZ4Q0NXZk9IR3dLRWpHVkx3N09UdVRRbTlkNG12RGpYM2JkS0hPamtKbkswTnlSVHRcL0EyNk13Rk1vVzcyMjNqdU1LMHhwQ1VPMWtPVWlta2xlU0lBbm9tR1UzTGhjS1JUTmFoUTVpUEJ3R21OcEIyd0xEK1lMZ1pCc3RkZWx2MFRKSklsSzlkZEtEQlVNUzFqbytlUkd2c2VOTHQyTjZjMjJZblNqb1p0TmN2WTdlYjRxOTdsbGFlcEFGS0c5WEZnazBHV2VscUFrRmFSeGozd3c9PSIsIm1hYyI6IjZmMmQ1M2ZjOTEyYzVhYWRiMDhiMmUwYTE3ZDgzZGJhN2E4OThhODMxMzc1MmQyNTdkNmI5YjBiMDU0ZjQ3YWYifQ==','2022-02-24 11:08:23','2022-02-24 11:08:54','USD'),('42a1bcc0-951e-11ec-97fa-ef289d061829','windler.nils','$2y$10$dpZGkubs5G/CiYxdv4HBEO9TaErn0hnrZxNsK7T.6ebULhSPo4IOm',NULL,'$2y$10$WMA/7G7G30A9ZXWJUYV6eeKPAXmp0dmg.STrtCO45ujh1jfjgmuI6',NULL,NULL,0,'5QY2CX',NULL,NULL,'test','eyJpdiI6ImlsSE91Y29mZHhlU3JZOTVRSW5HR0E9PSIsInZhbHVlIjoiMGhnSWt0ZG5jQ3Z4bk8zNXNERUxjKzdKN2Y4cDFYdkQzcmNvY1FjN3hCWENHVlZRV0pkWFM2Tk5FT2ZKRkduT2o4ekIxazROVDJDQVowdzAxUkMwQ2hHYlNBb21WZ2ZnTzVqdlJYamRERVhESmxocjhLZVNTU1lxXC9xY3crVk9YSTkwbU9tcjY4SmprQWlNdWl6bUh6NmdMRGJcL1R4c3ZoSUtsZHlndjlnVWFKME5LUkozR1dFVVM5R0d0b2NLRlMxbWFzNldwK2U5RzN0THFEaTlDS1dhY2RXMzdVdXQ0KzFxTFZqajBxSHgyVXpLVFNYXC9SVTJta3hrWWpMNk5aZ1ZOXC8rd0x2REVUdSsxcnc4blJGWWs3V2xcL2ZTR0dLdGE5NEJFMGhZWWhDQjNmUnIyNnpsYWpiV25aZHB2eGtUWG1USktadHlNdVViZjVqenhEQUZNaGc9PSIsIm1hYyI6IjgxMzRlODQ5Zjg4MDg4YmI0NmZjZWQyZjdiN2QxMDZhNDRiZGVlYTVkY2M4MTgzNDA1ZTg0YjQyNzAyZGFlNDkifQ==','eyJpdiI6IlIrVm0zS0hNWlZZbnZCYzBlNnJ4emc9PSIsInZhbHVlIjoiUDR6WWdyQjlFckI0YjQ0VDZUWUpIOWd0cVoreDYzdm9ncXYwY3M1OTBBdFhoXC9ZOG9YalZHXC9kUm9VdWZhTjhrXC9aaVwvRmRUTSthT1I2V29LNFcwc2QySFZ3aXJRenZkSnhhQ1Flb21KQjl1REw2cEZ3Q2hxTVBSOUJCUnZiUEFqVkh4YkRaVitnb3B5QnMraWZEWmNicUhvb2ZNbEdVNHdlendSTW14MHVkMzMxWUFTY2s0MXY3WU1Sem5DZzVSSjQ2QTlBT1JUVU5LXC9QM0l6VUE0c0wrTUk2SnRwNHV3YXZHcUNLbzQ0eEJDMGU4TGRyU0w5OXV4dENtNjNwWndwZkJsT3ZMRng0VFwva1ltNVcrSTFEUnRtK2p1cXJNVUlWODdcLzBkWnl0SWo5dTZ2eSt3bVdMQTJLeEk5Skp0bkc1TEZFZk1QU2V3ZkJ2eUFpTE5pdndhUT09IiwibWFjIjoiZDE1NjZhNWZlOGQxNTQzNjAwMjk2YWFiN2ZlMWVhNjJkMzQzYjZlYzI2NDUzOGYzZDc0YzU2NWFmNWZlYjQ2ZCJ9','2022-02-24 03:02:54','2022-02-24 03:02:54','USD'),('42d77fa0-951e-11ec-8a51-bd3e70f0772c','nhuels','$2y$10$KwKis.NobTAZoIMw6waVIOAhn7wukn9UiVhtnD7bNjTCLCZtNeNjO',NULL,'$2y$10$g7jawLyvikeiGw6DrFXDh.OH1lt5f5LYqEgtEUJrs67GrEAMi7yqa',NULL,NULL,0,'FKUKCQ',NULL,NULL,'test','eyJpdiI6IlBnY1R5MUZVNDZyNElGSGtwRGhpN1E9PSIsInZhbHVlIjoiZXBsd2lkU2lHSnRldWlweUVVcTJGUGpFTWlaT1V2NDNNcXlTMVFTWlJBak5OY1cyeTZvdWlEME1NZ2RhVzdIa2toV1h2YURcLzI1XC90QzBQSzRtRjJXb0xzVjRlUDdjaUQxOHVORkFkZmdLTE5RY21sZnhMY1drcXVzYklyXC9jV2ZmTUNJWHhmWmd2cGNqOXNyN2hHXC9FbkJMaWhvZ1hFbVNMZFwvNDRYTmJJUHNKTGFWVkptTldsSEQwbGVuamx1N0lRaERxeWx5MG5FK09WQ3UrUGxySW5XR0JSSk90Q01EdklWd2ltemUzbDAzVXphdlVHZURQa1VIRHdtbWlyYjB1QjZiOHloUHVMWVFLRFwvaTB1b1ZycnVuNHJ5NHJNZDVMUFRBQWc3bE94NlNNYm1pWmtrWkQ3Y1wvQm5pSk9sQ1IydXVYdzM1TnRBcjJXSVEzaW5reVpwUT09IiwibWFjIjoiMTBjYTFkOGU2NGJiNDZhNjBlZDMwMzg3NWQyYmE2OWM4MjY0OWU0NDc2ZjQ4ZTBiZGRhMzlkZDA0YTU2MTlmOCJ9','eyJpdiI6IlRpWnllUDAxSjBSMkFDeEY1XC9mS2V3PT0iLCJ2YWx1ZSI6Imo2SlhoWXQwQ0I1QVhwN1Fsc3JtSEZWZnpXMFhjUENjZnJlUDVZUkFzWnJzUjlxYlpQNm5zckZWNzNkXC81UjBTcmJJQndmSG9JaDFKTFZ3ZHpOVFdoNDltTTg0YVV5N2IzbWJNSFhteUdoN3JQM2IzdzYrdERhQ1R5aVJHT3dockdtOFdpdEhnbmE5OUZOUUFIY3VvVVwvM1JoMXF0SWFaZFNaS3Q4Nm1KN3ZoTjBqK1pqZWZNOHdoWmtTRGdnc1VwK3l2dDg4a21acFJFMzk2U25CalFGSU1ZeGQyUnBlNDdwb0dmbVFiYlJUUWF6K0JcL2dVTEQxWGNnck9YXC82SlwvNGtYRTNaUWdSYUJWUkIyT0pjS2VvOG9iQWdSZXVkWndcL1djMjdZYVNJdlk5bFwveUs3Z1dxVkNJN2phXC9sR29nNkQwR1wvTDB2dHZjOE5iOWdmM21YblFoQT09IiwibWFjIjoiMTA3MmIwMTMxNmQxNGNmOWQ5YmRhNmFjZjkyZmM4YWNkZjJjY2JhYzE3NDhhMGQ3MjMxYmI2NGY2NWY2Zjk1ZSJ9','2022-02-24 03:02:54','2022-02-24 03:02:54','USD'),('430ea0c0-951e-11ec-a312-1d6ae50b00b3','vonrueden.betsy','$2y$10$HRO6XAlMNSUFFhEKx4tBAupRBvJL7izDFhivYZYa8Vs97pGSPuNe.',NULL,'$2y$10$CI64cofWB73h0PVA30qcl.72Twk3f.q9DQpdRuUFpt9tJZ7RCbJi2',NULL,NULL,0,'KLLY41',NULL,NULL,'test','eyJpdiI6Im04K3BMaFNcL2wxNFN4ME5WT3ErbG5nPT0iLCJ2YWx1ZSI6IncyNHRaRXBvcHBDbkF4WGl2NjNUXC9kQjBYT2I1T1I1WFlVY3FWUlVkeVFYOGZyMHJcLzZtMHJWTGRmQXpDS1VpU2dZUlFWRVpXSjRPXC9nQjZoemljUHlCWVNYMU80ejUrOHRsQ1JqOUw2ZFBcL0VnR1dlZzhvMng3N2UxWDNPS2NRcWhTUDdEK3VRMndjTVZHQVZ5dlh2dGU1d1ZVMDVaaHpzRkcwODZ0OGdjMk9Edmp3eHhLN0dHNE1LMGIyWnhcL1MrVHRvYVlZaDF5dGFcL1VYMDVycTMxNnBMU1lvSDNJSGc3alM0bld3OERsd1l5bjFldjNQZkFSWXhhcUFPTCtXN0M4aENKcGE5dVNSZSt5TlU1NTBzaGhZb2plWVpDM0dFZ2lWQVRsTmJHVURudVI5V0J5V3FkanpVZmFRWlhrS3ZzelNLQVwvZXVYR2dMeTZubUlCYlRPelwvMEFwMW9yWXZ5c240SmVGdlBpRm5RPSIsIm1hYyI6ImUxM2NjZDBiYjY0NjA3MzUxOWM5ZTJmMzFjYjYwNmEzNmZmMDg3NjM2NjZlYmZlZGZiYWNjN2U4NGEzNWI4MWYifQ==','eyJpdiI6ImxkUG9wYXpDa1pCQThPbFc4cjFSVEE9PSIsInZhbHVlIjoiZG5WYjU3YXlNSmdUaG1yRkdLRlR3b2tnQWRGeVZzYVR4d29CQnkwaHBTQXJna1pDS01wNDFZZjJLXC9IMkRrdFl4R0RXWlhwZkxaUWdlZGtURmdwYjc1dkNkVlpQN09TMnRiQ1lcL29PbTROTDAzeHRRemdhbVVwWmxYcFNaRFQwbmZBTmpOS0VSXC9NaUJJQnhMMXVWRnpiK25iNVJ1TU5VVHdaXC84aTNGQnRiWStGRDBCNzg5b0NlbHJcL0hkK0F1MzhYeEpENk9pakV0SFhpQ0hrdEtjaVIrSzZhdXpvVGx1VDJtRDdHVG1GVXhndTNjTnhaR1lkQ3phODhCbDJvRllBcTFcLzJLcXdXdXk5VWNMT2E0OFhIajN5RFJXbVY0dmhpOE1sZ2ZyaDNETmlXanhVYVJmZmloNVdUQVZFM1dWV09vcXFvVXhIREJWUFhkZnVnckE4eHRRPT0iLCJtYWMiOiJjM2IyMTdmYTYwOWQ1ZmUyNmJjNTgxNmZhMzIzNmVkYTliMGJhNWQwMDQxOWI5ZDFjNDYwNTc5YTI1YWRhNTMwIn0=','2022-02-24 03:02:54','2022-02-24 03:02:54','USD'),('43416090-951e-11ec-8f97-3bfd1b7d85a4','kutch.ryleigh','$2y$10$UMIBJezW1QzHNVQqd8b8oe/GJ4zWd4uMcmKIN16uQtf.x453yLsZK',NULL,'$2y$10$cKiEeW4sWCeVKBUajWNPf.uxVrzdEofCY74LhRvbo8LXW4X2OqRSu',NULL,NULL,0,'XI6BNZ',NULL,NULL,'test','eyJpdiI6InR4ZHhmMkVVTmw3eUE3VFNEZmp0NFE9PSIsInZhbHVlIjoic2x4eEkyNUVqMXZuQ09SUDdUWWlMV3c3eXByVU9pK29cLzl4bWV1OGYwOVFheklrZXY0UzVYXC9zbGtPakpBd1RjNFdxa0h3M2pCU250bHRzOU56T1dobUl1WVFnMGxoaHJhQkUzV1M3Q2Z4ckNFc0szTTRZRUVYeHg3d2dCWmpnNHY5ZlZcLzM4VHJXRXNTTVdzSmdPREp5c2NQRnl1ZVwvdys1djE5bWlaSW1XNlJnTEdPOEV6RVwvak1JaCt2U1VOeThyY1ErWTYyUlVkNTNKUG1uMTFoVWpuSVJST0I1ZnZYd2tDcjJsMVhmbUtRY2p2ZDJhdmlxTVFIQmhSQW1jU0VcL1dPeFF1UU00RDV1RnYxOW9lSGRQZUVTS09HZDBrQ2NsTlZkcGVPVURka1JNbnNRNlNoQys0eDNLZ1Uzb3plbnRsZFwvbmtrSjM2NHJjNlV1MjZkSjJ4Zz09IiwibWFjIjoiMjA3NzA4YWM5MjYxMzQ1NWY2YzA2MjQ3OGEwZWMzNTFhNTJmMjU0MGE2Y2E5ZjUwNzUyM2U3NjEyMTI0N2YxMCJ9','eyJpdiI6Iklpd3duNEEyZTN5Tnk1VnRlNW9XUWc9PSIsInZhbHVlIjoiTld5VCtBVUoyRDE2d3lFWnhDd2VkY0NjQlwvQjUxXC90N0NJNGxpSFNXWHJKMVwvekoxdXpiVDhRd0xkU3FLVjJFZ3hlQm5oZUZ0Vld5MU9xajZ6SzFIMTJneU9CY2J1dHhPXC9SSytYWVlrZk5tWTZNTnJBc0E0d1dWQjFMd0tYU3BycjVrWUV1U0VGOWVNT0c2RUVLZm8yeHV5TklZbUtxTDFMYzBuWWVaMVpZSkYxRUNQdHZhNlBIaGExbmFwZFJPbTFjckRcL29yRzV4bTQ0bnpENGEzeWxFa09HcHg4eW5qcFUrQ0pQUWF3cTZ6SDA3MTRONmwxdFNqVWdUUHVUYjRCZWJ2RGdCbHZITXZOTmNJRVd0N1BzbGJXVk9KT1NWckh3WGlKcUJVam9cL2dYK1RoVHFpZlwvbkVkM3JVbEdLSkJ3MTNlUnNmMnZ1QkViUUszV0x6TjBMQT09IiwibWFjIjoiNGQ1NmIwODRlZjQ1YmI3OTMzMGNlNTVkNTJjNTJlZDA0MTNlOGMyZTg3ZDZmMGZhNGE3MTE2YmZiM2I4YWViNyJ9','2022-02-24 03:02:55','2022-02-24 03:02:55','USD'),('43763650-951e-11ec-873c-dfae54c46426','foster.kuhlman','$2y$10$1qCRUFKaFzyY00qdB1uxT.23C9CdrHDK57hsb50hbn/67IWC2bHSK',NULL,'$2y$10$iVmb2ax.pef4Gjpyf2zNaOzou4P1XGo9.OpZ/rEyzRAw.trwrtqmq',NULL,NULL,0,'JYRQIY',NULL,NULL,'test','eyJpdiI6InZTYklZdXJHSmJRNGxKRkdEVVFSQVE9PSIsInZhbHVlIjoiRVVxQ3duMDNMNEZHRE5pQmZcL2pDYkFrNlpBUlRcL0JIMlprRVZLQ1wvd2MxWGNVWHlESXJBR0pQRUoySnVjaVNGQnUyYXlZQlwvM293cWwrbjFjRGdkdm5IMCtPdFwvOWRua0l1dm5LazJYb3d5SDJuMzdnS1wvc1ZUNHNseHlyUVVwb1RjQktNbjZPVEU0UXdKSlNKUzg5OTkyak9jUUxLM0tTdktpMEtvMU4weGhrTWtJV3lvbDgxb2grZnpob05OaTg2XC9pdVdFYXZCSTllaU5xV1Y0dDNtVTNONHZxSGtMWHVSWUNzU3dmSSt5THB5VWdsdmROQlN0MzFlYlJLUGZOQ1wvMEQ5ZXgyaTlyNzBoN2gyd0dIcTJoREMwVENkNHhKbVVLbG5uNnoya0FNbGtYUE9kWmNMcnBjd2o5SVFENVhBczk5YStEYmVOdnAzbndKeTBcL3hWYnBqZUdEb1hqOUpPZUdpQUdZRUtDNEpJPSIsIm1hYyI6ImU2ZGQ0MDc4NzEyMmU1NzA4MWE2OGU4ODY1ZDFmMzhmMTZlMzU2YTFiYmQzNGM1YjMyNTgxMzViNDI3Y2JmN2EifQ==','eyJpdiI6ImFUb2NpODJEVVBhRUJURjdpZWczYmc9PSIsInZhbHVlIjoiWTMrSzJzNndxeFJSZTBZN28zdm1mZ3ZHNXNhY1B2bmhUOURldDdaNFd3eTdCcDRCVlYrVlE5R0Y0ZUFzK3lJbTRRRVYxV0lcL0dETlNBTXdWNHRkbnhxem1aMGd5TWt1ZmZlczM0bnpCUE4wbUdFTG1hN1BEM014akFiTzJGWkNYbkFrWTBnYUhYVkVvZFlvRUJRUHhCMFAxczBjNnRBckVmdFRDcExNQlJrNytsOFJpdG94Q3FmQUY5ajlLTDcrRFd6a0FUUFVHWXliSzB6dXhhcWE4XC84UnpjbitxWlZjd05uTjArS2plUUVEMEI4dndtTHVUUURFbFRJMDlEcHl6YUtNNmpcL043ZWR4OWpDVkl0Uk1ieER0R1E5c3JPejBrMW02RFwvKytYZmE4QUFBTXNyTzI5SlVESkNhWTFiZ290eDNsWGFYT1RTU08zWVBtakwrK1ZIZz09IiwibWFjIjoiZmUyZTI5ZmZlMDA4ZDlkODliNTIxZGYyNmRiOWJiZWNkMWIyYmI5NzBiNTEzMTRkYTc4YjlkMWE4ZmFkMGI3NCJ9','2022-02-24 03:02:55','2022-02-24 03:02:55','USD'),('44437420-951e-11ec-bcc3-a52816ddd4c3','bluettgen','$2y$10$58EIdThsHyCFS3upTuQf1eYOMgqGRUdTsc9tq4z1qYYkczsO6TV/O',NULL,'$2y$10$xkINuqPfyaKyld3u20a32uqE.Du.2UGHH3L/ZKf1E4y60o5n7aeAi',NULL,NULL,0,'D6ANMG',NULL,NULL,'test','eyJpdiI6InVpekI5WEt4bWFWc1NpcUdJUVpwTVE9PSIsInZhbHVlIjoicHJ4TkkzTDQ4aG9WQjkxTEU0WWxUV3lMTUZnRnVyXC95d1p6ZUlLR2hlWVpJdEY5Z25aNUJaUzVNZngxZFZKNWVPeXFCam4yRHhISDBcLzZwZ2FJdURsOHBwM1dVVlVhZDVWUnVYQVBoZDlrMit1aXNwOVI3MFltcmdUQzJLUUhIMEFLclwvYlRzWmdcL0tTWWRsaWRpYndIcWFaVTFtZFN1SzlaT1ExRjVldml4Y2NzZklNVTB0Y3lZbFdtdGtSaDZcLzRZMllIXC9sU1k2OW11MldrbXpIOG1ya1IxMDRtMG5VOE50aE9WZjFqT1gwSlJvZWRnOHAyNnMzSklRc2dnXC9oYU1rSVc3RkdQWWFNSTZVOVpJY0lUY2tRT2tHTGc0R2NVQytyN09hOE4rb0xUY2ZRV1IzV3lQakduTU5HdkVQNzBxbzVzbTNsVlwvRFhmZmxMZFh4dHVQTzhGYVdPMFo4K1I0RmsyXC8rQXhRclBNPSIsIm1hYyI6IjZhNGQ1YjYzZDhkMjdlNzM2MzZmMzQyNzE1YjYxNGNmMDVkZjBmNWRjNTE4NjdhN2E3ZTUzNzc0NzQ1N2Y4MjIifQ==','eyJpdiI6Imp0R1BBbHlnN1FyMXhDRnFybHowQ3c9PSIsInZhbHVlIjoiQWdaWXNzVVhaVjhnUG12U1hhdUVwV0luUGJUdGJFWkNBUzBJRDBwK2VnK2hCTENnZkk5dzJqak5nVEN0MUxrMStUU2UxdjNaXC9xTmpSQzVTN0ZhSDFFMkdsNjlFZDFsbHpqbW8yNUMrVkJ2TjlFcmVWQndxaHFiWFZPdzRjWjY0dW5QU1FnZ2g0RTFXdWE1ZEl6SlwvbnFUdlVOc2oxY09PQlZXZmRIK2tueWpEMFwvVEhXSDJ4Sjd1SHkxWXJ2WmVuR2NIeFVFdnZGZW42Y2R5RW1aSHJJZm1nallqOXhaMjRmeDdXcmZVYVJuQ3BleHJLUnVtcURrZllWVjNlTCtlUzJsSzZtSUY1MnRyd1wvK0RWK1wvem5EZytvNUc3S3A5ME1mNlM3V2oxaHRCTnN6cEoxbTZnMld0MlRreThtejlicis2OG9OWndpWlwvV2VMcFwvTWx1VytDZz09IiwibWFjIjoiMzE5Y2VlNDdmNjE2ZmMzYWYyZTY1YjIwNDM3NDFjOWZlNDQ5YzAyODQ1MDcyYTA0ZGNlOTY3NWJkYmZlYzU5MiJ9','2022-02-24 03:02:56','2022-02-24 03:02:56','USD'),('447b60d0-951e-11ec-aa63-831c9052e942','goldner.karson','$2y$10$im2lm/c3j1NJnp073XFMy.xWXo3S6GtD9uO9y4ulePhipBFqPCMLK',NULL,'$2y$10$Wr1/vlZ/pnqf5GTryPVVZ.Ad02Rj2Ddd64YU1EBeLy196DrEAOeLe',NULL,NULL,0,'YBZFWQ',NULL,NULL,'test','eyJpdiI6IktaN2RxYUhLZSthTWlYU2tKR0RWaEE9PSIsInZhbHVlIjoicDJ0aUFwNTNjaHV0azNtZlBuelNEK21IQUptYW9kRFFVYk0ra0NPRURMeDZ5WXBFUnUxVlB3QWgxTlZuaVhqWThMbDhhaDk5eG0raHFPSUc2WENTMkhwTjZBTDA0ZHdXanhVVEx2TnJsczh6VHZuMExxcGZTaGQyS29cL0FOQVQreDRBcXpXZzlkM0pQRGdETmFqXC9naWRzNW5wS1FYaElaMk1telRaZVVBa1E4ajMxbWRVTTFFMU9ZakFvNXd0K09KUnpQSlBcL3NtUFZYRXNxMkF2Q0kxaUhtSytqNklrMUplR0o3N2xWam5xbkVramdndXlOYVU1UE1SYkJlUkdiZ2ZoTUV1N2o5WFFDNHlBa3VtVlYydVRBdWxWUlN0ZVdnVmlaNWtpR3VFTmpiZEszajFRQXllV2d1NTlFK1R2QWtGMWFCOFFaU0Q2WFBqeDA3NzJVa1JnPT0iLCJtYWMiOiJjYjM4NWFmODRhMWFiYTE5NDUxZGQwZDg4ZmQ3NzNiMDI3MDQ1ZTRlNTk3MmJlOTIzZjU2Y2EyNmU2YjE2YmJlIn0=','eyJpdiI6Im51QjhUUlFOR2tNd2JjRVZtOTJnWEE9PSIsInZhbHVlIjoiMVpXV3J1S1FvU2MrYXhXeVJ4NXNrSU1NVFltcktYKzlUSEtLbk9HdzhcL1IrakZvRXBPRXB5SXVUXC9YUmpNWUdJclpLTWFUM0gxZlU2U1Fnamw4djNRbDdNMnpQWGRHR0pMZ3luWWVrQ1dmdHVGSHpjWE9taGZuNitNWUc1b25FaWFYRE5yRHFrRVd0M213bzArOEo4a1JYNVpHbzJNRFZqTGUyR3JWc05KUUlCZ0hnTHRSQ1c3c1h2TmRZMzVNOXhkQisxRklhQ0pOakVWNUl6XC94TWE0Y0xKXC9FSEdzQzJkNkkwVmp3aURmaTBlWTA4M0hBYjdTblA4SkdITE53aGhVXC9rZ0p0WlcrUXNoUnBHRFVzcG5yZmczMnJIVnBBc0I2a0J3bUEzalwvZ3pcL0toK1J0TnY3K0crbWl3UVZGY29MTzZ4eXZoc3Y0Ym93S0duR3VpUzJ1Zz09IiwibWFjIjoiMDJhZGYyMTVlNDQ0YTBhYjRlZDc5ZDY2NGNhYTM1MzFjNjFkNDJiZTc5OTEzODJlZDdjNWM5YTMxOGRhYzU5NyJ9','2022-02-24 03:02:57','2022-02-24 03:02:57','USD'),('44ad1730-951e-11ec-bcaf-43dda19bb83e','uquitzon','$2y$10$PQ7naMJ2KXJnITVZQ0ePPeh74LjqGrVRxqhGKVFOBTMuMcPG2ieN6',NULL,'$2y$10$K3zey/GxWYWHTSW1Gd0TH.JF16Gb1erSHSNcMlWExhmnsEPPXduRK',NULL,NULL,0,'RPNLQQ',NULL,NULL,'test','eyJpdiI6IkJtRjJLQXpZOUZydkVsRjJuM2xLakE9PSIsInZhbHVlIjoiQll4T1Zvbm81NExUTmp1RmoxSTgzZWRtNmx2Q01RdWdwb1RYQ0Z0UW1hXC8zNVlFalVVc0l3WURcL1UrNUsrc2hJZkFVRUpYWTgzMzMxMml1R1VPemNveVhyQ3l2SVkrd04rOXdMWk5LVE1JeGQrS09CMUV0eUpXUU5BbnFuMVwvWkZjQlcrVlwvOVwvc0t3M1wvV1ptQWJ1RkJwOVl2UUdqZzZQbWJlMnE4cmprYWIzS2J2Vm9STEZiSHlcL2NvSURVeVRNb1piUHg1TWpjTGhnXC9JWGNZSndwUjhUMnFMRmI3T1lmNzRISkp4VDg4RVIwbVd5ZExDdyt0ellQaGI5UW5mOVpEMjBoZDlNSWYwRVA1bUE1MWU4OG53cktnelc3Y0JtSElTemU4eDdoakx6ckk1RlZTK0plRnB5ekg1OXlXYUxyMHIyd1VUbEswbGM4a2tFNFJ4ZHphXC9BPT0iLCJtYWMiOiI5MWIwZjhhYzM2ZDQwZWIyOGJiYzQ0MTY3NzQxYzU3ZjRjNzMyMjE4NjI3NGE2OTE0YTliZGIxODQ2OTE2OGZhIn0=','eyJpdiI6IkkxbEJYaUdWZncxUGdlQkpQUGtPeVE9PSIsInZhbHVlIjoiVTlmNkQzeVd3MElicXlQUllxTE9IWGh1a0dJdnJuWkwzZmNDeVdYYkRzMVF2Y3J1ME5VdTdYQkRTT1wvcGFkTFl6amVERDVRck1uRUNEdTNCcVVja2UwaUJHc2RGOHlDMnUrQ0pnWnZYZTNsTElOcEFwV2xzUHBcLzlwa3BXZ3p0c0tzS2dqNmRqUWJSYnVNQlwvN3JJNGJqb1RTVDF6NVZKSytoUWlZVmdQMEhXNnhZWUJiYlhWYktqVkJiXC9jcndiNVwvOEw3V0Z2T0YyOVZPZ2RZSzcxK3JUMm1FU2czbUtERDJXMHd1azArcXlCOXhUWEdETHlsUWhFRDlHSzRsMzJcL0hZVmFrWVdkV2dPVExBckZsWnljaEd1aW5UYlN3V2x4NlAwSnZjbGJOMzBTSERqekdKS0tlWXN2VjBNRkExazJGdzJQbXlzcVFVWjJsNnZ2SU13VFpBPT0iLCJtYWMiOiJlMTk1OWU4NTc5ZDE4YjlhNzgyNDljZWRhZWE4YWQ4ZTViZjhmZWJlMDM5MzY1MjkzZjQzNTcwMGRmZWQyM2NiIn0=','2022-02-24 03:02:57','2022-02-24 03:02:57','USD'),('44e6d8d0-951e-11ec-985e-a556b3c1e6c8','orenner','$2y$10$8iQEM3ccFGYJlXmOXhYXwOOtD3MV3xlWB8nCZYs.Nxs0hYv8ZCPy6',NULL,'$2y$10$aV2jzYCqHbg0veGyd4IcVuHAFhUXCxDgNHDgUcr1ko7Dqj1Dmb/8q',NULL,NULL,0,'MXWX41',NULL,NULL,'test','eyJpdiI6IkZ5MUJ3elZLT3VvS3J5dGNuTzNQd0E9PSIsInZhbHVlIjoiMGZzakxkUkNNVmtPSzB3TzJVdHpZdFh0bjRLbFlmWHhXMjljU2pUZjlMUGFtTDRFXC9hRXI0cVh3UG9kWGc2Y1ZNbEN1NmN5MDNlUmFmZzBzS3pjUk5UTllCTlZ1U3g3cHZrVkI3TjkxWEpnNXc5M2ZGUW5CQzRKSkJoQ1hwQ2lWM0NUNzM5dkh1SVpEWFN0ZjlCOE1YY3lFd3BNUXBRVWE4OVJ5UzhWSStlOGp5XC9ZbEdTWkN6T2ZIMEJmRFdzd05mYllcL20zMmVleTBzbmJMVUZiZWo2QVVkVExFeHJFcTJZSU1IMWphckJRODJ0TG9MOExXbzJBXC9zdXE4S3N0bWJcL1FKS2lTWVNSK0xGTzR0WVhBUk9kV0hmd1FVSGhXb3RBN1o2ZDFxbEIxTjduWG9MV2Z0S2pSN0hsUWZ2bjBxRVJUZ2pnSkVrRitIV1NrUjhqb1VRNmc9PSIsIm1hYyI6ImUzOGIyYjgxNWNiMjg4NjIxOGY1YmQyZGUyZTZkNTQ3ZTA2ODAxZDhiMzU2NDQ1MGM3YWE1NTU4YjEwNjdkODUifQ==','eyJpdiI6Ik41RU1EQXRLZVwvVEpUTE5GUW9WaTZnPT0iLCJ2YWx1ZSI6InRuRjF4RTVNdFc3MHU1WUlGRVE1VG9ZS1NNOGx0Q1IyOHI2YXBpWXo5R2JkS0hQQXh0UnJxY0tPVytYVWtXVHdodnlKTXF3SnRoR1wvV3UyWDVUemJ3bUN4NVo2OUNOcEwreUt4Uk9qRzcwQ205NVlpQ2RCS3ppbGRGR3BuS0JMZldGc3YzblwvR0w3eXE0XC9IZ2RCRG54amhIRnhKNzdxa3ZMUTI3clB6Vkx0YXo5VHArUmZ6RUxWZEFIM3RkZ0tpT0lDeWJoWlc0blg1T3pnbUxNTnJoSW1QRG8zVUtFczNCU1E1WlFSUjQ2VVVLbkI3cnpySitzdnlwTk5pdzRrZVFFd2Q0amFQMGxYRURQQ2dCSmFiQXZtR1JibDNQNm5pUXhoZjhtSlFVd3NDbUppXC90cjFkK2QxK2d0WTdDaWk4XC9XQXlLdjV1cUtpakN4SjMyN2tHcEZnPT0iLCJtYWMiOiIxMWI0NTU4OTA5MzQ0YTRjZWRkMDdmZGNlNzdkZGU4ZDRiYjlkZmQxODkyMGI3NGZkNjVjMTRiNGE3MDRmNzhkIn0=','2022-02-24 03:02:57','2022-02-24 03:02:57','USD'),('45b31f10-951e-11ec-961d-99c70fe961f7','jacobs.peggie','$2y$10$I2AAo5qpXGM/QJGj0mZr8O5O9gFeX2LNiu2xRiHkANX2F87EE2csi',NULL,'$2y$10$z4hEtYVa2ftKu2d/prUFJescRrNU470ImJ9rDudtFoP6JxwYrk8S.',NULL,NULL,0,'1QPESH',NULL,NULL,'test','eyJpdiI6IkRmQ1F1U1J1alZuZWkyb2FLNTVPTGc9PSIsInZhbHVlIjoiQWdCT3FjbFhRYVwvYkRxaEIrQjJpSE5TSVJGRGhrMExCMTB4R3NhN0NuVmpZWHlsXC9ST3luYVd1XC9uMTBlMEltalJQOVwvVE8xVXNRVDdYbDBZc2tNYUFZdlVQVjJSVUhwY05kNkd5QkQxOVNyWjR5ZEdaQVpxelZvTWJJS21zRTFFYk9TQWpBbzhDNlJNKzYrU2Rha2NTODZVY3crZDNoR0RkelZ1NW1hWGxPeDUzYlkwXC9jTW9FXC9Uc0F1QmZsbnJmOG1FZmd3RStpNUhJbXY2TDF1ako1WWNwTDAycXlQRkV1Q09Yc2JlZ2RWVDVKS0NFRERUVlN2VDFxYlJwWVp6XC9lQ1ZyVEljc040cUZJZmhkcFFPSHpoYmxlMVUrREtWR3k3RnNpNDdkWUU1UmxWOUMxZXBSYkVaYmZvSDZsazdGeVlINXJZNmZXODRPNGp0bWJNdHJpdz09IiwibWFjIjoiY2NkMzgwOTU5YWY3N2ZiODcyODllMTNiMDcxZjc2MzY3NjgyYzcwYmIzOGM5NjZmZDA0MDQ2OWIzZTMwNDE0MCJ9','eyJpdiI6IkFLaHBoZ2pWSVEyVStpMXZxZUpPR3c9PSIsInZhbHVlIjoiSHFcL1R1UzZ2N0pMejJvMk5na01UZW9NQyswRUNBMG9JSG1KcGFKRjJZNHRlSnYxdllEV3ppTFM5UmlTczdMdndvOGF0KzRCNEVuNDAwdExKVm80N25RZVFWTEJmUE9iWlR3XC9iYlBzQjJYM1VrcklQTGlcL2xlQkVidXdkd1BrZnJaNlRsc2tZS0VJVDFVa2VyYzRVSk9FanFWYkcxWDgrdHUybnlIdlkzdXhtek9iMkx0V3U0NkNJK0ZCU3k5bVMrREJUcUwrTlwvQXVxWWI0MzJBbWhDaWp1QjNvNkJoMXFtV2c0ZmtwWTArdkNlVjZ4NVJPb2NraDljZXZJVUtRbG15djdoaFwvYWc4dEdQQmIyNWNlUnV4MUEwXC9Xd2hqXC93b1lHY2ZsM0twN1IxWXA4cDMrMys2K2IrZmVkQ3dyaTZkYUczOG91bGJ2b2t0Q3hpUnY2SThtQT09IiwibWFjIjoiMDk1NDMzNzI3MGI2MDdiNjUxZjAwMzY3NmJjZTI4YWYxNjEyYzRkNjRkNDRhYzk5ZjgxYTkxY2UyMTBjMWFlMCJ9','2022-02-24 03:02:59','2022-02-24 03:02:59','USD'),('45e72aa0-951e-11ec-b3cc-9be1bb6debc6','eveline68','$2y$10$otFxgqUnIyH2hOJGTL.6n.onU9rCIjCYuxIFqYUEjVAL2ks6dk1WS',NULL,'$2y$10$wFYlyyBeNG830l24vgc/LOqZ6TZI7fxD.FRabcC8uuttAOO3LQgG.',NULL,NULL,0,'BCHTDL',NULL,NULL,'test','eyJpdiI6IllGZmpQNXRQeGc3VjVza0Q2WHRWaFE9PSIsInZhbHVlIjoiWlhCRlZYVVptXC9jMFpQazFOWUMrSlFiMnBySm5mYTgwdG9MMEU4QWZHTkpyRjdCajNkVEVBOEFZWVZWR3JxT1wvdmwxSWZZZXFFSm9UcjBDNGZIRnRNcEdtT0NZYVpBRE1oY2lGSTRiM093RE1UUzZobllvXC9nN1F4dTZlMzU1amY5eVQ5U0QySklQZVBrXC8wTVlIc3RqaWhHM01NWXB4ZmdPcHRPeldcL080SW9iQjk5OWllRWNQUHRMNHJKU0FpQ2pqXC93cERsWlpMZmhrdlFGcnJTYVwvTVpzYUEyTmZ4c3JDcDZRTVpEenlJS0psVElPZEV5R2xHUUF3Zng4RkxaQnMrZHpESWpvQ3ZnMTg0eGlPSk9Xa01uaFFyaitrTGcxNnRIZk9DdFFWSTVpSnNTb25oNG8xZWJLbWd5UUtOSkZtaDJyMVl2cW5YSXpvbzIyZFZIQWM2dz09IiwibWFjIjoiYjJkYjEyZWM4OWViZDMyYmRhNDNiYmExMTVkMThmMTc2ZDNhYjhkZWMzYjY0NDkwNDViYTZkYjNlNjJjMGY4ZSJ9','eyJpdiI6Ijd0bHhFXC9RUFJjUXlYb2NXMDFsQ2dBPT0iLCJ2YWx1ZSI6IjM4ZnB1ZW9cL0dyTXA2YzN0NkRqdjVQNjEzYmsrRUNNZktRMUJpU0RlQWxZNktkSVh5UVRzVWRwQkpFUlVwSDhjOEtHXC9PcDFMSitJU0pPT3p1eFZUeFh2ZTJcL0Q4UlZIWmRWelVpbXd1YkUwQnk3M0Z6eFc1MGpLdVVVc1k2aUNSN1NMUEVLbGdUdVNKMXFTYTlQeXkzTzN6NWIyXC8wVW5cL0NweHc2U0ZZS2FrYkU3NGVFZzlLbklMTzBJYU1TdVhVb2ZFa3RKdzJHeDFFSGNoYzNkSWR6WDR2c1g2bzJ5U3FoS3l3V0FMUU1uYjhQN3BPUjZDTkZsRzhldlUwYnhBc2lSUWFnc1psbVwvZTBjdmp0Y2dcL1BNYmxIV3NwZVZkUW9FR0xnZE1lNytZVHpaSHhBUkFSazhDRTRqOGJsM08wTUVTNmNlMmQwb0pxTWMzQ0JuYjIxaUE9PSIsIm1hYyI6IjhhNzRhNTRlYzlmODFiYjQ0NWFhZDQ2NDRhNjdmYjkwMWQzN2QxOTFlYmUyMDk4OTlkYTFmYWYxZmYxZDE0ZmYifQ==','2022-02-24 03:02:59','2022-02-24 03:02:59','USD'),('461d1920-951e-11ec-878b-ed0542616609','javon96','$2y$10$6AqiI9DSVux.iIf3UKMdPe7qGtjSHZYdlsMcuxgBDOz5TUWxHHd1S',NULL,'$2y$10$tCsckI8ztILRjRIx/rnnZ.xiVfJPPxiyU2slu8J72sL4u8Fc5CFhy',NULL,NULL,0,'7TKGDP',NULL,NULL,'test','eyJpdiI6IkZPYjZ5ODYxb0lpcEJFNU1mWHVJdUE9PSIsInZhbHVlIjoidlp5dlwvVDR1WnpJeVlOWHdyWFk4c1N4Rytham5XeGgrU2xvWGdXSVAwRlMxRE1HQnFCOGJGdkN1SFNnXC96Ujk3ZnAza25mdUF1U0NScFd0UVR6TUZNeHpXdHlZVVh3bFRINmM1REJSWjByXC8wVEd4MGFJb3ZKRHI2bWgzaWxXXC9tckdNeHJ3RWZWa3Yybks4UUk0SW9qRUk5T0ExRE11bDdCSkU4NDRlRzdGR0VNbE9hcHFldTRhRmlBR1MyZ1wvcDBpS3pUalZXd3ZkZXkrZk9Gd3M4MGdZRWJ2d1RQcEtvT0xrVk1pUTI0YWhzcm1wa3RKakJqcWNuWXh5RXhaVUI5aXk4NjhrVklkNUtaa25RWUY0UUh1Tk5qeFJQR1duZE5LNWFmSmxnWlROVjBZbVRxZ0E3SUZkMHhuT01cL3BpTzVGQWxrMGxpYnZIVzhsMzB4Q0xVaXJ1NXFMdGEwcWVGdjVRbVwvNTYyQTZCOD0iLCJtYWMiOiI0NTJhOTFhN2NiMTIwNDEwMDVlMDQxZTBlZTdmNjE3NjdjOWE1OWI4ZDY3Y2JhZWNiYjg5ZmE2OTg4MDBkNDEzIn0=','eyJpdiI6ImxcL0QzbzY1dk1EOXRhOWJrc1BmNTdnPT0iLCJ2YWx1ZSI6Ikl5bHdKcmV4RWFqK3VXUEtzWU56YWxLUHdTZUcrRkNiNHJyaGRETXJZdGI1VmRUQk9ObHNtZnZYT0lIUndvRTVrRjBMbzBaNFR5QVVOSUtCOHpvemptaHlCYzBJaUtoQWNzY3R2d3VxM1pnRE15b2lhS1E1QXNnTjc2MGp3TUxyZTZvVng3NjlxSDhNVTdSU1FjZXRZVFI1SkVrTGQyU0liSlFkQUtYVWlTNnVFWU5tamFFZFRYU1dSYjVlZmNQcWJqNHcxWjVEV1AyU0gxUTZSMzBsbGMwN291YjFwNHNLaitHNzlncnVadWhTT2FiZ0YxcU5CXC9pUlVTQ1pacmNKbDlXN1h0NDFpSVpRdWlYUUM2NEN4Q3BxVmp6XC96UDFUeEF1XC96Q1BsQ3Z2SStiUmpKNzlsVDB2NUhFbmxkNmQwOFdWeGNxdUNGcXBodG04WWNhY01Gdz09IiwibWFjIjoiZjFjZGYwZWVjNDM5MzUzMTc5MWFhMjFjOTA3YThiNThiZDdmODI3ZmNjNzIzNmJkZDIxNDhjNmEwNTkzNjhkNSJ9','2022-02-24 03:02:59','2022-02-24 03:02:59','USD'),('464b9350-951e-11ec-ab90-b5473d756fe2','hammes.eulalia','$2y$10$5ENvySUWdfFF3q3LrUNVxu1ht5E5d8OAiEngEDYRVCcImn3EQH4Se',NULL,'$2y$10$qygB0MRhellIh4ff9jOZ5.dcE9yMnEkygST3ksMaGOrJmtUEiWf.2',NULL,NULL,0,'1BWIIZ',NULL,NULL,'test','eyJpdiI6ImZLNVk1aE1KN0pYMFZZMDdNMXhcL0pBPT0iLCJ2YWx1ZSI6IjQ4QTAzVVZVSUlHSEgwK0tyMlE2ODkwUnZsTGlVYUdHUTJrejlETFZRN0pwc1pURFwvMkhmd1NwVmdiSXdlSFZBWnIyZnJHUzM3b1VBYlQzUDRtR1hmVG5wbHZiaFExS2lkXC9icndEc1ljcUVxVEtQZ2YyK3AzQ2pPSEllRzB5T2Z0TG5mT0RVZThpMEVRRmJHWnVrUzRJcEVZb0Qwc3lBakpYSU9wNjFHVDJhVzB0dVpYRmdUcjQ2bVluWWNOTVlYc1FOQUIraW1UbjdYNGZvUHVkTmlQRGQxNDhHTW9tUVR6M1dSU254OVMzOHcyZFJZTEdDMlpCSWs3ZVU2cWNRZThvTmhpMGZGUkVRb2d6eURIbWxEQm82K2RJUmU2Y1l0Z1lMUUJwZWdqTmJQM2JJcTloSnRJeTNvRUllMEJmcGVXaURMOHdnVFwveVNLb3p6U1BNajBQZz09IiwibWFjIjoiMjU2M2YwMDdiMTAwNjdiMmI0NjVhMzIxZWM4MmQxODRiMjExNGViNjVhOTI3YTU1Mzc2YmRkOTA4YTcyYjM0NSJ9','eyJpdiI6IkZPclArZW9TODllSUl6bVk3WVFzMFE9PSIsInZhbHVlIjoic0xUM014Q1wvN2ZUOVIxcHUxcm9XYmtzMDBoSG5ybXZ4Rm84eU9RVTNES0VaOXR4TlpFUjdueWNtUTg1QjlIQ1g0NHN2NGlYMEppdzhhRUZ1N3lQT0p1aEF6WFlUVWdWNzFPYnhjTEw4VDhENjFUck5zU1FtNHhKR0VIajNFY1dZM0hZXC9NODNsUXo1NEhUcHh4alcwMmJoSHhqNWZISXNyazA1bDZoYTFSXC90NlRsZko4SlluZjJ2eWFqVkJnUG1HdTNidDNJeU15UVp2aFNud20ySEZ0S2c0VkMwYU00RW9hT1hDbXVQZVJXcnZBVXc4MitPQ3V6Y1BBRzJGbjdHbGhHZEtVS1pYOXBTXC9LaFwvTVwvOHdoaFJkb0JzUjI0ZVlnNVprR0dad285TnFHdTNNS2s4bHE2MFZ6SktCKzVib1ZzNEQ4ZXBHekVOR1wvaEJSNmtORU1EQT09IiwibWFjIjoiMTY0N2Q2MmRiODVmZGNjNjQxYTdiYzdiMDM3MDc5MmQzMjg4MzcxZDU3Mjg1OTAxYWFhNmU4MWQyYzY0NTdhMyJ9','2022-02-24 03:03:00','2022-02-24 03:03:00','USD'),('468583b0-951e-11ec-9d81-c7af7933134c','willa55','$2y$10$oAtCFxd2cJkTo7EpatSKeezeM17pYI6yTGHvG30L9ZrR0lqmvblaC',NULL,'$2y$10$DzlLLLa4IvuRcvwKCXHGguXZ3hc.NsAk9Kch1FhvicDzfws.CGQGC',NULL,NULL,0,'HZSEOZ',NULL,NULL,'test','eyJpdiI6IlNKRXRoTFFBSm1sQlU1bXgzN0UxeUE9PSIsInZhbHVlIjoiRStBQlpMZ0pWR2ozTFJ0cmY4bWJnVUdpUnJlRzU0UVhmVXJtUjRJMERPK0FBMzRKQm5vT0VZc0lqR2hMXC9XNENtNVFISkVNd0VKTlwvbThXZWZcL0VOdDRJSnJuOFJ4WVJEdjl3NVhNVEMyUkhSbjhGU0NHTTNQZDlUWnh3Zk1leWVGTm14VHE3UHFFZUxTb1pWcFdcL2hDZkhtWTB1aWdEeWdaMGRtTUVGZmYwODJtWk9ZTkV5dGJHWm0yOTFlQ3pBektaRStpY3FQOWVjZ21WeDdGdzFsVHFpbjI2bHJGUnNIalwvY200MjZ4YlU3RHd6Rk90RnBKQXhzUUZNemg0elgxMDFtTTg0K285RGpiXC9YQnB2OThWck5NekhkQlAwaGFVa3dQNTJaRW5kdjk5RWgwUlNQc2VhMFlEbitXT2VxT2NmRjNnU3dBOWdCMTkrNEFEcnB1OU1RPT0iLCJtYWMiOiI4N2MxMDU5YjA0NmI0YjM4NjNmNWNmNDVjYzczNDY1OTAzNTUyYTQ4MzgwNGUzMjI0YmZjODA5YzM2YzNhNWRiIn0=','eyJpdiI6InlEd1o2VWZPRHg1RTBITjdQYmdtZ0E9PSIsInZhbHVlIjoiUzhLVzBDM3hcL3Z1cjNDRlUwMjJINEhHMXBDNUVrbjRYMlVCY0FDTUF0SjZ2OE9FWlg3VkJmTzkxWWQ3VmtzZE5qcGllSTR5MjFNNUdrOThrTnpHUDJ4VW94OWNaTGhVcnRmQW1xR2pyYlN5N0t4STNUOTlpWGk4MXRBY3J1WDV5OUhld0dsdzlNZXBGN2dwSFZzdWRcL1hBenlHeWF6MXFrdkI1S0RKUCtNWFdpTllcLzlSQjZTc25YeFwvbms4c2J6RklXZkVvOTR0S0pNYmZnK2VWT2pRbGJHbXBpbGQwSFhkVGlMR3luWngyYlNINVhJb2pMNWhCaTBBclRDTXE1Umh5eUxvS3lSb0haYVNGd2dRTUoxc2NvVGticHFsaXRWUU1KSENwYnF1TDJRT2tJSVVrU0oxSkRUa29nUHFGMURMdXhKUUJSeDk1SnRvRUxxVnM5REFVZz09IiwibWFjIjoiOGJhZDk0YjNhZmY2ODcwNGU5MjBjNjJlZTRlODJkNGY4YjRiYzdhYTFlZjlkOWE0NmRiN2MzYzE1ODk0MWU1NyJ9','2022-02-24 03:03:00','2022-02-24 03:03:00','USD'),('46b6a8b0-951e-11ec-ab9b-95888b3cf5ab','xfriesen','$2y$10$XyXRuF2Lqt1TlYyQTjHRU.P7Ds/v6BKFArVAOV.x/gHfeyq8PlPey',NULL,'$2y$10$vmSzo89fKu2FtOs49mlAO.ZvOMFlf/RvSxMxI8cLMdnHGkwA..qlO',NULL,NULL,0,'UPWN4B',NULL,NULL,'test','eyJpdiI6IitvMjJSa25tTkVNSllvbktlTGlDOXc9PSIsInZhbHVlIjoiYzYzTEQ1cHpia3BFdlJ1YUJUa0VaZGYxMVpHNGF2Q3pRYUw2MnFxc3R4dHZtTFNIXC9CbmgrdjZzeGFNa0dYWlRDZnAxUDhnMHFKUTRTYXRUWUhyaEQ0Y3JtbVhVQk1cLzZ6SDJ5Qmt5UlwvZ3JkWGtNWW94aDh3QWlcL05rNWlRclY3Ym1WSFVhQVRXMFlSTXJUeWh3b3VCNkFWM200XC9tQlBFNHloVGtMcVhUaVNBbmVNaXlPMjJjeTlWOVU1WUFYWHQ4dnpvVUs2NnVodjlNcG5GbVQwVXY1a2lFQTFvK3BNejhDdzRGQ0RBbndvd1hXbkdFd1BLdk1WbUttOE02TzY5WVNWaVpPcXJjeWh5WTRES1JtQStvK2tOMUo4VW5tNEh2NzZueUtKdzZRWGZMYXR6UE45bWNEWVAwY1c4YlwvM1ZvS09jTVQ2bTJhK3lHWmNmSzV1STZBPT0iLCJtYWMiOiIwMWU3ZDA0NjU4ODMwMzIxNzkyZjNlOWQ1M2UyZmE3NjU5NGRjZjk1NDkzMjFlMjFlZGFjMjNiNmMxODExODc3In0=','eyJpdiI6ImplTFFvTjE5cVwveUZcL2ZhXC9pUGZDNXc9PSIsInZhbHVlIjoiRFRrSzBPNEhNVHBZam8rYmRnUWdRQkxCUUxsVGlKdWhBeFE3elBkZ1REQTBRVk9WS3E2N1JDOTRCSXB6b0FQQ2d0R2NYRE9URm5UcThoN1ljVHdhdmZhRkFMWWVBV0tlS3VneXpnSGlRc0R5WDE2VlBzcmE4Y2JcL3NZYmJkRmVoYXNFXC8yTFwvN0FkYUFmZXdMZENabzdnYnZuWE41ellweFgyZnR2cW1jNXdOa0xxWUlCWmNKY0JcL0FPOGRPT0hcL2Z4Z09McVdyZUdScHlBZ0FOajJ5OTRJYWtVbkxHRGMxOHlGZVdwZG9LRnNDdFlpd1ZTc1p6Q2pHSmZuVHVkN3hvVU5LeEdqNzlzZ3ZlYlprenFxQ2pyT1lwT3ZQNVB1SGlYN2pPdzdVeExiQUt1SGtwcG9mQ1FGa1ppN25reGxrclNQTVAyZ29pVml2KytoQlpYM3h3NEE9PSIsIm1hYyI6ImQ5YTEyODFmMGZjNGNlYzQ2N2FlYzQ3MDNmNWZkOWQyOTJiYTU4NjBkODE2MzI0ZGIyMDIxNjk5YmJkM2NmZTYifQ==','2022-02-24 03:03:00','2022-02-24 03:03:00','USD'),('4785e0d0-951e-11ec-81b5-8fb04fa7ba3e','keanu.crona','$2y$10$tERdQv9VausNrtIZXkSzAuICWs2.1lwuuvzDhfihC5FKNgr3fteK6',NULL,'$2y$10$4Z8AKkETiRWrau/xexwstuSOaQ1AbljIfbxt1lyF0DHaI8PiUGpru',NULL,NULL,0,'OSEK6X',NULL,NULL,'test','eyJpdiI6ImQ1V3FlNG4rVzVsSVZKNmwxam1LWGc9PSIsInZhbHVlIjoiUk5DSXJodHRFcFVHQk4zMCtKbmdyXC92SUQyT2ozNnMwK1p5K3Y4OEptR3A0MUdHQ1RFSUVBR1NHWjk4TlR2bVZES1B6QUVhSEVad3JEWUc1elpWWDhuNWxwUmRBWnF6XC9Ud2RtMkw5eTZZa2dORUpkc21ROWdYdjJMV2ZWN0tQalo4MFl4XC9SOTZFOW9tOHQwbUpiczRWMUxRbkFrZnFyWnZJTlFTZnlcL1pcL01DbkdGTzFPdkNPTHF5MnJSRHpmZktkZ28yaGZpY0dTK2R5UGx4RGl1M3U3M3A4Q3cyaDV0ZitzNEpxVGVSSzNKVXc3emRUYWk4Z0RUZWlpdE44NUpsYUdCZWNkbGtaTGJLTXZkVTFKR2ZBRkFiSWYxeHdGXC9LZCt1RHlsVExXeThwbGcyTVJGdDFlTjZQUEpINDNLdzZNWVkzQnd1VUJIczNHVHF1TjZhVGJhaEtxMkIzR25FejFnelo5Y2xKMm1RPSIsIm1hYyI6ImQxZTc0MDUzOTMyNGEzZTc1N2IyMWYxZWNlOTc2MmRlNmFiZjNlNzFhNjA1OWI2YmRmNDVhZGI3ODU4NDE2OGUifQ==','eyJpdiI6IkpJbnhVd2xrSE9xRU5abzFleUtGaEE9PSIsInZhbHVlIjoia2ExbXVuamVIUFNPa0wxMTFTR0NXd0FHelhWNndwMDliN2F4WGVXVkFFVVwvU05RUFVcL2xHRHNKdjlNaFwvUkJ1eFVzTHlsXC81SkFEYW42bVwvOVIyd2xaSkw0SUJyTkdrRkhxVlJlQStiQlZKTndJN1N4SjdSR3dvZmZrSmJ6NmdzenBUQU9uTFhONlJMaml6STB1UnI3NEViQm00a3J5aWtmZXFnNWk5RkxNeGhiNlZGUEt6ZTV0SkJcL05ra1YyeTN0OWY5NmpvMUJqM2luMVFoOFR6ZW5XM1NLaVlocEhLbkNiOUI3ck9sN3AybERmRkdOSjdcL1wvKzZic094ZEN1ckREcSthbWVKd1pIVVNvc1hMc0tjeVQ3aGZacWdSeVdCU0JoMDk3YUcrVmpPcEJiR3I0OVBUbUNRZEF1UVwvZVI3N2ticFdVUUt5WVBKYnBud0RjZlFubHhnPT0iLCJtYWMiOiIzYzcxZDdjMmZjNjFiY2JhOWJmYWJlYzE4OWQ5MmVkYzY4NGYxMWVhYzg4NmU4NTFmZWEyNjgxZmYxYzhkMTQ5In0=','2022-02-24 03:03:02','2022-02-24 03:03:02','USD'),('47b72a10-951e-11ec-ad20-37b39292acec','rosanna70','$2y$10$dfZSPQY6gbhwyJ0P.YLJY.Q7m9Ei/CrHmcdc2OH9c3G1Bu//FzDXi',NULL,'$2y$10$Q5CP1iD.iLmKxkGqh6CoMeLkpCBP74Qu1crNxjB/Ivow3hSYRzY/y',NULL,NULL,0,'A3EEAP',NULL,NULL,'test','eyJpdiI6IlJWZVZaemljWDA2bmh4NHFicW1NaGc9PSIsInZhbHVlIjoiYmFqXC9LV3VpUmdQVnJEOGEwOCtSM1plTnBWZlNtZmZPYTRoN2pqS1BURnU0alZ1ekwzQTJ0ZkhkamMxUlNSRXdLYjJGc1RoNHhERThxWjNBYVJodmcwU0NFc1wvUkFrcVYyc3VrK1Z1dm5peFlBcmhTYU00aGNJZlhkZ1F5VURJdTFHcHh5RFdVMjl3cytHbERrbll4NFN1VjBldUdOeHlreDM4VjB2ZkhReFB2dWhEblA3Y0lVbjFnVFhGbjlBXC9FYktjNnBwczEyc1YzdnVKRGNkWERxY21leGZ2NDVBdlNuYytKMEw3OEo3c0JOWEJ6MDR2ak5FWVRXZXFaV25UamFZcWNhdHlhSmF5THhHeTBrVkVwXC82TUl1MmJJcm1PSFpGZ2lIZHh6TitFUE5WTnlZalBPT01vSzNzbERlaVBndUcyUHp4ZE5sM0h4eXR6T2h5VWlRQT09IiwibWFjIjoiOTlkNmY3NDY4MDRiNDQ1OWMzM2ZlNGRkMWNjZjQzMmQ2OGRjYjlkZWExODYyMTc2ZmE4ODU4MTc2Y2QyMWEzMiJ9','eyJpdiI6IklvZmpmVUJpR1BXMzQxc1V0UHVYOUE9PSIsInZhbHVlIjoiTEhBMHQ2MWN0NlFKSTdhK2lEZmZ3TkJRKzBZckg2S2x1SjB0em1sOTYrcVhHN2tydmZqYUlPRXlYaUZTWUM0ZzBBUXBBYW8yTUU3YUR1WXdSU3RWbEljUjc3ZE0zbVJQTVNPbmh0aGRQZ1pNMjZuWU1EdERXbTk3R1dvMU9kV0QrR21yMVlcL2h3WE1qV2xZV09nYm5VQXN6Qml0S1NQXC9hSU5mMUw5eGl2WUpsS2ZRekdcL3ZPNkZ3U0h1Wit6TUNPNVVOSElWaE5RTDlHVXAwYVwvTU91VmN5d2Q3MXg3WnZkU3A1eSswQW5qVjNCeXhRSDRqeHBzSXkwSFV4c2tiTldzeVRYTU84T0FkUTdsN01HRmZsXC95dFk0OHhuUk4xRm9SWUJ6V21teTQyd3U5SEZ2b3BZSEd2aGw1T2pDbm1XUTN4Tmo5TmxvWDh2VWdaelMzK0hvSVE9PSIsIm1hYyI6ImQ4ODU3YmE2ODE2M2JhM2I4N2UzYzMzMTAzZTBlNTc4ZTcwMzBhMTkxMGNjNzhiNTM4YmRmZDJmMTZkZDA5NzUifQ==','2022-02-24 03:03:02','2022-02-24 03:03:02','USD'),('47ea83d0-951e-11ec-8062-81e4c366816d','mabel28','$2y$10$EgizpCDEFOf27z/p8sXMROteGX8BWzqsP77KEFCOIkQdNxwRTXoLi',NULL,'$2y$10$zot3eYJB5Rv6/GySlwpAvOI/v8Y/WeSfPbBPXHg2HRHOlY2W6xL0.',NULL,NULL,0,'6KUTKS',NULL,NULL,'test','eyJpdiI6IkZ6VXdSdDRJOXRBZ0lrUHBtYzZ4U2c9PSIsInZhbHVlIjoiT0lIRnB1NkljN0krb3FsK0piQUg1b0MyMjF4dFwvTGRhUjB5YTkrT2d6T2pOYU9BSjY2cnJVK2tId1NwbHF2Njc5dzlUaWNOcHdqZWpwaGRNMjBaV09lWERsOUdrR3NwdWh1N29xUUYzXC9zRlRvZytCaExvcnMyMUpoUFNBNGYreEppZnRaSEpNeHNQM1J4WnQyTTJcL3JUNzNZNExydURRUDltclVOc3A5U0NEWXRnamxsVWJHVXBQUWVKVkhyeThQeVJmdkp5cGxrYkZaUVRMM05ZRFAwbnMramlyZzBYSElGMCs3YkUxZDJ4MXZaUjkrMGJXaHZsc2F1d0EwRHF3Z0h3bmFPMVhhOGlJZDdxeFI3b2hyMzlTa0RoZlwvSm9OSThQWXl0YmUxb0MyMnUwTmlMS0hjS0NTUUN2Qk5FekhsRVdzanZESDNHTVI4MXdyVVlpZnVVdz09IiwibWFjIjoiYmQ0MWRhOWQ0ZGIzNWI4NzRkYjc3NzkwZjUyY2VhZGEyY2M0NjliNDY3OWVlNDBlZTY1ZjMyZDU1ZjYxMzM5ZiJ9','eyJpdiI6ImVRUlRESGt2KzRXaWFuUTJCeFpaYXc9PSIsInZhbHVlIjoid3pOb0JyKzVYOFRsVDhkY0ZkUmRcL3lMQUVyeFVwU2tmNUROV29yMlFqQnZ1WnIreFV2aDV5VnQ0VW5FVmdmQjg3aDVVamx6R2ttZ25IM0FFTkFyZFIxNE5LN2hYMW5MU2dWYjM0aERqbkVFS3I0WXJjYjBMQUEzZGQ4bGVyT3RYMlAwUTZyS2NpdXV1OVoweklRTXd3ZG80cHk5TU1UVmdoN3Y1N3E1bTdaUUorSXRLbUJ6b0NzVURLN2tIYTF3ekdOaVFcL0Y3UmdLZ2xNWFVnYW5ETDlqUHNXaWpncnpDakZlU2RTREVQdXBLTk1MK2xYajNEYzdSc1wvb1ZGbEFnQzB1WGxWWlRnM0huaStLM2hpNW03dzRKNGZ4cXNnWmVsRzFpVkFcL3ptXC9QNnMzZkxLUHBCb3JhZjExSU9FVjRJNEF4ektQaHZcLzAzNVFwR3BcL21mZFU0QT09IiwibWFjIjoiOGE3ZGYxNDk0ZTdlMjY3NWJkNmQ2YWM1MGE1Zjc3NTM3MDIwNWY3OTRjZDBiNjk1NTBjYzJhOTczYmJkNjZhNyJ9','2022-02-24 03:03:02','2022-02-24 03:03:02','USD'),('481e68f0-951e-11ec-a38d-2bfd27393d78','julien.gulgowski','$2y$10$jEOwnfJJ3A8mIZ4zh4Bq1.o.gP/km2U6OcPlKySVJ.cBRIm7Pp.vy',NULL,'$2y$10$mniI0xKmrrH4HqfJW1IzJeRfZWJ1ErXdmP57KxxLF8dlfpDcM.Hwe',NULL,NULL,0,'TWT4XE',NULL,NULL,'test','eyJpdiI6IlhoNEZkZERlSGhXcHlHNFlwZ3Z2aVE9PSIsInZhbHVlIjoiMUdNNlwveFlWcVB1WDdZR1haRjVFcWpXZzR2QVNZTnRPUXZ3bWsxUFUwRndoS1dWNFJwRHZRcThZcEdnQ2FZTUtCNkRBd0FWTTJLOHlBQ0xLNkRHOHFEMEZPNDc1RjVcL0dLTnFwT1BERDJWUlJkQVwvb3pMVHlHQmlPYU1kWExxOFZmNW1TbTIwMWZ5dnF3aGF2MG0xTjhTUmxBZEw3aE5qVCtBcVRVTkR6MGV2VGF3OUh0Y1dITlR1MDFJd0FacVwvQTBJUXk1RnNvcG9oTFwvK0RTQzQ0OTBrZ3lRNGN5K05FQkFiZkp5c0IrTTl4OERMYkI5enNVK1FiM2pPZTJiblZ0RHN2N25XNFpZTkpLV2RtMEdwSlFJenNDMnVHTkUzaFpicFR5elFqcWJRZGdycktMWUV2TFFNWHVISDBwXC9UVkgrSTg3RHNmdHBjdG9INE1RNGgwaHNBPT0iLCJtYWMiOiIyMmExYmNiMTg5M2UyNjViY2JhZGE2OTVjYTBkMDVjMTcwOTU4NDZhNzM2OGE2ZDExM2JjMGRlZmU4YjcwODBiIn0=','eyJpdiI6IjdTanN2b1JPU08yZXJoZWZJK3pZK2c9PSIsInZhbHVlIjoiV2pYYWIzWDR3amR4VkZDYmRuQ1hzalRobXRRSGF0Q1MxMzBFY091RlRONUIybk1ZQm1hU0RaZEZ4VVNUaXNjVEprZXJPSGw4cWxPenUzT3NVUnBMOEs1eG9OMnU4WG01RGZxWGttaVN3RisyY29yRmpaeDBjdk5VZzFJaW9wT1kwOUV6Tk5Ia2crNVdJWWF5Wk81SFlcLzRzYzlkUlpKVmJzWTlYc2crVFhNMHB0aElzZDY4ZXBJT3hGak93UnA1NUdNS2dmWnVhUmRCSWN3dXRMODhrMW92aWZ2K2oyOWNSZkhNZnFuWmZrYzVSKzQrRlp2WUY5WFVzMFJiTUJJQTROR1hkMmxTRWNqZVZiSTQzclwvMmVcL291MUVpcXlJaFwvOFVXTDNlN0szaVdlZjBta3o0aytyRjV1bnM0azZqdWF1Yk9tYnRBU0NacGZ1YzdGcnQrSzR4dz09IiwibWFjIjoiOTRhZTk5NjAzZjZkZTQ3N2U0YjQ2ZjAxMGIwMjc1OWQzNWY3ZmQzODQ4ZmRkNGVhODg3ZjEzN2UwYjRlNWRkMSJ9','2022-02-24 03:03:03','2022-02-24 03:03:03','USD'),('485245c0-951e-11ec-a53f-39560e0e7f14','alana09','$2y$10$eyL7YTrNaqTRf8ClBSdbXeTvrs4o5nuwIg85dQWLtmKlyHkRC8RzW',NULL,'$2y$10$3CsNJAHuzYG6AbCqqwbwtu.4edmr0wl1gNteNXx1AAQQJQmvzO80a',NULL,NULL,0,'X3NZRY',NULL,NULL,'test','eyJpdiI6Inhyb1JaOVZ3a3lld3ZaelFtdWxXQVE9PSIsInZhbHVlIjoiMDJ6K25RN0dQMTBpSUdiZ0NnS2tOQmpNODBQQW1oeU9RSVhVMVlEWkhnd3JXa3pvWkNxZytXNlRvVDlZMVVGcUNDd3JrclBIOStBZEZ3bHZyelwvS2FYTngycG9PUncwMWZ6OUZIbVIxcFJGMTNYY0hYbkI5K2pzVFdLazgxeTVrRHozVEdnZFNkZFR0NHlKXC9PMkdIbDNcLzRvWDViczhpRHcyWVZyME1uZm13S0dCbG5UMGlocTh3VnZzZ3g2anpRb2lpb0IrY2hnQVVlRjFNd08xc3g2dnc1YVorR3p4dGU2Q3hQXC94czR4cUlTSnFwS2JBb2RJK2VTaTFMN3JiMlJSa0VJZ3dpMWt1YmVZdmVTSjQ1bndlQzQ3b2dKT25UeDZMcUtUR3ZsRnl2ZEtcL0IybTBHSHBMdEVLdmhtWVdqT0FGZDZSdU9mY1UwczBOMHpKZ1RBYWc9PSIsIm1hYyI6IjhiM2RkZDAxNjMzMTliOWMyNjRmMGViMmQyYjNiOWUwMzdlNzRiMjE3OTY3MDliNzMxNWE1NzA3NzdkZjA1MTYifQ==','eyJpdiI6Imh6SlZRdGx2ek9tcWUwcDFoenZhdnc9PSIsInZhbHVlIjoiS0QwS3ZBYVwveU5OT0t3M2oyNlVrTnNsVVwvSllaRDJOXC9lVndTNm1OeThnNEhidmxqXC9Ca2xPYktGTmxFSGJVNVJFNHFiRFc4QXEzZnB4Qk9ZQXhpSTZwUXQ0M0NxK2JERUU5MkNjNThEZlNJc3cwY1I4XC9QWkZjMFk4UTFMNUdnVnBpOG1qc3hFUDNRSU5YdlV1R08zXC9XdFwvc3BLRVg4UEVzR09iZlc1bWNNVERHSHUzaFVJYldEbjZ4Y0p2alhCS3lDaEtIcDR3eTBlTTdYUkN2Y3RXMmV3UUtkTm9GRUw1T25razNTRTd3VHFvNEFXTVhwWHMzM2pPOTdKNTJaaW5JYmFkYWtTSUQwT0RlU04wOTNiRm1IblNMVlRHbk5uNko4emQ3UkRhS1oxNG1Qa3lESWlnMjZ3MjdiTWZQRHE0STlsQVhiYWpLUCtsMUl1NzIxVHdsdz09IiwibWFjIjoiNWFmMjEwZWM2MjFkZTQ4OTdmYmI1NjMxYjk5ZGIzN2IwNmZmYTMzYTExYzRiNTYwNTI0MDM0YzMwYmJhMGM1MyJ9','2022-02-24 03:03:03','2022-02-24 03:03:03','USD'),('48899f40-951e-11ec-928c-bd81155bcadb','mohammad45','$2y$10$ruPtwOslpk7aodq1pkjIsOdB.pVpgkpaMimh9LZvMngwOZxuPlAGe',NULL,'$2y$10$o3vbH7SXBFIlb5QETNkaPeqjsT0ZwQekmTs2EmhGPm2ZYjyRM2hTi',NULL,NULL,0,'S85SZY',NULL,NULL,'test','eyJpdiI6Iko3cTlxN0pNOUZoazFJeUpYNWJLTEE9PSIsInZhbHVlIjoibzRYaXp5TDVvd0dsclNTVExJXC9SN1duT0pKTEwzd2RYbVluWVFiVzJWdkZpbHVrbjlsb05nXC9QMHErR0VZSmhoUVZETDJXaDFQOTdIcTFFTkNBUUxXc3I1WVZKUmE4dDZkN1wvenA1Mkc3YmV6a05BVnRCdFFhTEdCYlwvRWVNNmZjbHErcHM1YmFvcytuXC9VR1J4YmVpcmF5WFpIWGxacE1YeTh0VENUV0lidnVPYnJUakNqUzJnY2RTK2tKXC9yb21aYjdGNm9zb0pQbDVwYmFjbVRpS0grWHV0cUtBUzVaUzlOYWpDcnFtWU9mNHQzU0JwbFlBOGxKaTJcL0tHUWNxRUE4cis4bTdMNlRKeTI2QkJRMkNSSkhZNlBMQWFyTGxmNkJcL3EyRmcxcTAwY3NpVThDbDlxTGlkWGFpXC9tZVdZRFJcL3o0VEw2eGgwV2dnR0xPdStLc3BBUT09IiwibWFjIjoiNmFkMDU3NDVmOWQyN2IxZGE3YjljYzczMTgzYjAzMWJlMzBiYjNlMGIxOThiNTVhNTU1MmY3MjJjOTY0MjE5MyJ9','eyJpdiI6IitPbVM1bFlFbmpncW5ZbGtBaHdZaEE9PSIsInZhbHVlIjoiczlyT3ZsaWdiZVJaalRvbFNobXZlZE5Xd0srS2VzMEpHbm1zSG4zdlBqVmJZYmxxaFwvazFDQ0V6anJBYWFEc1M1Yzh4OUF6Z0d4UzZPaDV3dEl3Z2QxeGxBYkRTQUQrNXVXeUJxQW5Hb1NyUytcL0FkU3VrVGlFM25MZEh6c29zdUU1ZDJzM1VDcWVERjdmVGF0NXh2bk5ncTJKWHlKeHFSbWI3Wng2SU9SM1NLT1VoV3lJWkVtT0JmekhVVjBcL1R0R3VCZ3h6Um1HK3RXcjhZMXhLRlwvTGFvbjdyWGRWWDRNcDl6aW5GcXV1cWRHbWtsMzY3MDNScERLN2o1dkNCQWtmS0pvSGZWSDNBakVCc1ZkeGdKKzlLRGgyQTJcL2twU3ZlWk10M3ZjdEVBN1ZCZUp5c1RPME1wSzlhWnZkTkpENXdiSk1obVh2S1VzSHhOVkNvdkxHakE9PSIsIm1hYyI6IjI4MDNmNmEzMDU4MDYzZDczNWQ2ZGJjMjgyNzVmYjc0MzZiZTQ4YzllYWE3YjFjZTUxYTQ1YTBiZGU4YmU4MjMifQ==','2022-02-24 03:03:04','2022-02-24 03:03:04','USD'),('48c9e3f0-951e-11ec-8777-67ddc9cdd705','krajcik.andreane','$2y$10$GqnnimX0GDladZ/GFJnXMuIk6jINBarXHHokc.FAk2WGOKl/qQsLC',NULL,'$2y$10$gGRiKuwBpQkuJfUGzhN.ZuIQXieNV0AWVsIswsgkjVo.TzZHoGeje',NULL,NULL,0,'OWRM42',NULL,NULL,'test','eyJpdiI6IjhrNVdaalgreHpLXC9aQk5TMExoSFZBPT0iLCJ2YWx1ZSI6IkVRSHFBTG55TFNuemtkT3ZcLzlKUTNSWFluRXZNYmtZNlNhTVFCWGprNmYrbDVLeGIydzAxZE80QmcrVjRZZHQxUVVOaUhpV3h1YjBWRngzZkliNDRzQ2hEZ3JNdUdJcUZPdkRjSXNndm81UjFGUm9oSkszeHlQK0dMNWpFWEgwSFwvT1N3bGtpU0hMU2hrMks4WFRJdjN2VnNTYkpoV2ZrVDVKZUhEaTV3c0c1NWw2aGdLYkhOSnh2Zk4zUDR0VHdnWlREVVRTTDNDejJhU2dyaE0wT28zMjg4eTlVSk9lNGp1bVVYVFEzcFNlWklVZTZEM2V1NER6bEg1NlQwMzlSVG5PWXhmaU5nMnJXWEJQRlpKcE1uQVwvMktVdzRsY0JGWWRzNE1ISFwvOTVLOHpDcVVQNXRSanRkUHFtXC9uRTlFZitueVhyZVwvRVwvV0d3cHB1ZkRMaFpEN3c9PSIsIm1hYyI6IjM2ZDU0ZWQ4ZWQ0NTliNDE0ZGUyYmVmNTg2N2NlZDM3YTJkY2EyNjkzMzQ2N2RjMGE4ODhkZjFlZDRjNmNiOGEifQ==','eyJpdiI6IlJEWXl1NUU0eTk1VDRmOURRTGVWeFE9PSIsInZhbHVlIjoiRzBlMVl6YjFwc1BPR2ViS1NiblRUOERtemFGYTd5NzZ3aGRVNE9vSTBWXC83Nm43VEU3eEFYT3h3SFMzMkFCZjZHT1hJSm1ONUFMQlwvN201S2NQYzBMOVY3T0JIRXpWXC9Ldk5VeGJrc0ViaHlcL3dEcVZiQm5KQkN4SWhxdEZrYnUwTU1yVmFPT29VK3FkKzh4R3NnVTdGejFub2hNbmRCMnQ1a0RKaDVrM3hna2xxdDVtWUl4NnMrTjFJbHFKclcxcWd4S3hDVDJ4a1E5SjdDUkRyaTRHdjJ2ZGo5Zng3SEJZT0pcL1krRkhkV0FLQ2RISDMwT1JIM05XcHV2UXdwY25kbExnM2JPVml2UEkwaXJKWHVtd0srTkpKcDBRQVpWQzFQRGVvaFBvc0w2QU5aXC9cL01nWXE2YmM4KzNHY2tySFdueHpLaEdReVprMlVDS1Zxend5NXEyZz09IiwibWFjIjoiMzk2OWJjYzAyMWY4N2JhOGVmNDRkOWM1MzU4YTBiZTBkMmQxNTM4MTNkZmFlOTY4ODdkYzljNjRhZGM3YjRjNCJ9','2022-02-24 03:03:04','2022-02-24 03:03:04','USD'),('48fb4cd0-951e-11ec-8ba6-f3fb63997f7d','rex30','$2y$10$4VrdzP4S71VQ2BvmO2JRfOuZ6I5h0cL1RdWy3T5K6KY1Is/baYjge',NULL,'$2y$10$230WBmKpRCrb.MddNAhx/eAFvTRE0SoCEsZD6VkFIJ8NT6upPB4Uu',NULL,NULL,0,'CZIOSG',NULL,NULL,'test','eyJpdiI6Iml4NFlLR1RQNjhQKzlrQzhUTVJNS3c9PSIsInZhbHVlIjoiVEhkVDJLQzlrSGxBRGJXOHlQYnVMNXlcL0lGd1ZnRHNiTEVUdUVaYVZsK2Rva1BXbTh2dHZ4T09YbExGbGF1U3dIaWY4QmlDOWh5Tjh4OHRGcmdmYkVcL3F2Z3JNa0dQRlo5cUgxSFRmUTJSWVJVc0Vxd0ZEZkhRZVdVUWs0RGt6dHJuSnRYTDhrM0QrYkp0bFJaRUowTm9BeVF3VWxhRmVmcU1hUXl6UmpodktGWW9RcHBiR1ZMSnVCN2RkQnRkd0hCQkxDVXM4SlQ2Z2tqamdHczR4aHhkTndPUmU5Mkk2ZkQ1VmF0OXlpYTRoT1hrRjZ4cWhGcUZKMU91Nm1DUHUwUUUrMzY0WWJldXdKaURqeWtudWRNNnRBTEZHdXMwM0NFM2Z3c1EzRTZGQmJDZzZhNURLbVAzb1wveGQ2Y0VHQ2pIMG5vOXFrXC9qdWZkOFRoNG84ZjF5Tk4ydGZmUG4yaUhUM2pUSjVxaFFSdz0iLCJtYWMiOiJlMTgzOWM1MWM5ZjE0YzRiM2FhNmM0Nzc2YjNlY2I5ZWYwMmUzZGU3OThjMTY5YzM3ZTU3YmZjYzVlNTBlNWRiIn0=','eyJpdiI6IjJZcFRmVTNWSXlzUDJmUkhCVDRYb1E9PSIsInZhbHVlIjoicDJETGNwMW1KS1h6Wk9jQnBKMzd0MFJUNmtiXC9YWkI4TGhsRVk1TWhtSlwvcHpNMnNNN1I4dkZzdHFmdElYTTFWTGpXZnA5MjdaUURKY3hpUVExMk4rekVBeHozR3c2UEZ2ZGtaWURCUnNES01VUmxveEY1Rlp6ZXR1RU1JK1JXR3dpc1Ywd0x6WmhcLzB2aVUwNVV0ZzV4dkh1dnJiSGJUaTVpa3pkU1JHdmh3WDhqYWNiTnl5c2tocUF2XC90MHgxNjdzb3crS2doeTg5S0gxMXBSaU5zRGd4ZTBhZVhcL3Z0OTY3S3UxYVpjdTVRMWpaQ0VDUzJrTzVJS0U0Y3hiR0pWdms5eStXUGNIdzI3N3lCUEdGWkZZNkhzbmRhUkxOVHlIU2NPcytDREdoYW9BZ1Z3b042QlVzQzJadjh2ck5ZUFExMEVSZVwvbFhWbXB1NVJRbkYxcFV3PT0iLCJtYWMiOiI1Mzc3OTdhZjI3MGQzMmQ4NTcxZmQ3NDZjNjM1YzlkZjc4NWRjZWZkODZkYWJiYzAwYWQwZmIxMDI1ZGFjZDFjIn0=','2022-02-24 03:03:04','2022-02-24 03:03:04','USD'),('4935dc10-951e-11ec-89bf-8936bb0c4c85','awillms','$2y$10$8vRCgmOR7G.dY5J2n1vWK.2tThSkwcNetuqJOLRvlplcQ5ALMdDV6',NULL,'$2y$10$vAPr0IzHoy.39ompAv5wyuMh9BV6m7TbdQWSZ98G6NoqkM8pWWe8O',NULL,NULL,0,'FMPIFB',NULL,NULL,'test','eyJpdiI6InNnK2ZEUVlkRG1ndzBiNjJnNU1maEE9PSIsInZhbHVlIjoiRVVBdnB1TkQwU3NoZ3dQbm54TmFUWGlOMk5QR1F5eDNscWYwMnhOTFYyZlJvNjBXRGtabXZlcTlLNFpnR1wvZmp3VmRqWVU0Znk2cGgxV3p5ZFYwajUra21iOVh0OVwvYVZkTnNESzZmY0pEaTI0blRob1hyUGlleW9XY2NpSHVcL3djZm9cL1wvZDVzQU5Ca2srQzV5MHFQT1VcL2tjR2h2K21VNE41cTRzXC8zcFZlMnFFeXhGODJFYmVNMzhFaENEd3Rjcm1MbFoxNmMySkl1blZZS0xYRVg2Qno4TnE1bGZGV3hSOHUrTmVlclJDTHZEbjFydkFWcVpMMVBGYW02RE5oaG96R3ZoOUNic1orK2xKUzNGMnpHQ0VWUEd1TEFxMTgyNTlkdVdESmhuOEpJZ3ZXcnRjNWorNms4QlV6QjdkSGo4VEcxYmVVV2ZZTkZ1Q1BrREpwWUlBdz09IiwibWFjIjoiMTk3MzZjNDNlYjU3Y2E0OGVmN2RhMWI5ODZiZjljMzQ3ODYzODE1MDUwZDFmZjMzMWM4N2UzNDk3OTExZTYyOSJ9','eyJpdiI6IlVkaFVna2w3dTloaWtNdkpjUUk4dnc9PSIsInZhbHVlIjoiWVJRU1JtaUhtVENOVG1VUmszeGVmcXpqeFRnM3ZWV1JiTWxCUklmdEFRZndYMEY3cTBPd0xPekFsdUVpMVowalQwWUZnZHdHQWZtOEF3U1BmenBsa3VSQ1VKMGtrQ2JkeDhMRUo4d0ZVXC9xclduVTN6bXBSNDBsYml6enNGcmRIRFQySFBtY21MZDA1WXFEYysrNHBwYlh4c044Nmd5elFlbXlnK1lwYWp4aXF6dUNWQzUrZ2txRVhvNjdQTnlWMkVHR1RPdXFDbUtFT2drRkplcTZMcktPWGt6eUNYKzBcL01MQXBSTlNWb2hZWVE4OHBhVWsxWndrR2JLdzFraWZtbTh1TnVtXC9Qbk1DdFwvWGVWQnJ3ZDA0K2FcLzVXa1lKV0J2WEV0aXNwbmF0ajhVM3FwSWZOdUZhbngrN0grOUkzNTVhRktLNWhxdFdWS3liN2JLcU1UbFE9PSIsIm1hYyI6IjU0YzFlOThhZjAyZDYzZTRhZjQ2YjZiNDA4YzliYzM2ZThlZjgxZGZhYTI3NDdiMGMyNWI3MjcyZjkxODcwNjkifQ==','2022-02-24 03:03:05','2022-02-24 03:03:05','USD'),('49663dc0-951e-11ec-b632-a9d69b001732','rconroy','$2y$10$cluK.RIl64gaqTSn/bfL7OgBiHza9/ufAui4dKRaqZjeLK/r2PLSO',NULL,'$2y$10$2e2THh.5UvGHZgd6rlkBr.rTEGHkxHqG89hkfL47KXzDuwsYxzlIK',NULL,NULL,0,'C2HRU0',NULL,NULL,'test','eyJpdiI6ImwrbnJQYkVCVDhJd25RXC95SFJDdDdnPT0iLCJ2YWx1ZSI6InJWR0NqMUhuZEdVeHo2SnpLanNaN1A5Nnp5U1l3aWpDWEVMVG1pN3E3U1dycWZxZ2tJTmR0VHlYelBpaEZlWFl0ZitzOURcL09uWFBsZTEyN0pIS0xSbk1RRGxOMHJmT2ZjWU93MExoSlZienQ2NlpEM0s4YUVhVTVISUIwMGJrUjJsbVFUU1Q1Q1lFUGlMSXNmaFhzWG1ENG5xaHVVOXNlXC9SbEFGTUdrZVQycEFRcGVTUGNrNjFuNUc3NFAzeGpSSWIxZmhUVDdJaE5BTjBcL2tHXC9EampkRXl2dENjVkxOajlCdENvbXFCbkI1RWhFMmt5bEJGT1htYlwvSlZ3RzJcL09JXC9BWDE2WDVTTmpcLzREQWJSTllRM0t1MmVtc2pwN0xPTitHYytkSGdHWFlxTmJFUURsUXRNS01yM2hmNDVxdW5EelpUUDhDTjExTitoNGNRZlA0aE53PT0iLCJtYWMiOiIzMWVkZWI2YTU4ZDY0YTlhODkyYzVkMzdiOWNkOGU4ZDQ1ZmRmOTA3OGZhMzRiYjhlNWEyMDlmMTQ0ZDNmMmY2In0=','eyJpdiI6InZMdDd0XC9UY0lZRWMxdDNcL1RPQ0pQUT09IiwidmFsdWUiOiJPRkdyVkM1XC9WTEVIbGtVZ2VzU1B3bjAyT2hoVkxHQVwvMDdmN3I2MDZLK1Nld0ZGU3VFeEJZdXBSTE1IYm9jK0hnU29YV2V6d0xlRGJ5YnlTU09xNTNnMEtWK3cyRXJmVkhKZjN5N2dwT0dYXC9iVnd5RGQ1alBsVks2U0JlQWNJblNqOGtOb2wwa083SzlqcWZFSHczeTdkdGJuVUx1b2ErWGY2Zk5rczlPbHdNaXB1M3NyNmttSk1MR0lmVmNrOVwvRFgxWThCUmdHeE9YUStTeEkrT0JlQ0tKUFh2eUF4TGdHa3R5TnBPYzdZMENIZmdNaXE4eGtYdTlJSkh6d1M3d3phRG5JMlRFSE9hNk5odml0VmorZjJQS21lampxUzhCMVNrOVhQK3FuOHVhbjl0Z0d3XC9qakUzb041ZzZtMGFjdzZ5NElacHpBTUN5eUtsZmtMWkNiQT09IiwibWFjIjoiYWE0ODhhMWE2NzFkZWUyY2ViNzUxZTIyOTlmMTFmMmRhMGE2ZWUyNWViMmE4ZTU4OGRiOWVhMWE1YTM3OWFmZCJ9','2022-02-24 03:03:05','2022-02-24 03:03:05','USD'),('49a32230-951e-11ec-ac78-ad43e3499b02','mac.robel','$2y$10$Md3s8kBy3aXiHkRJjzn8SuL98cAI9Mzs9/.dYNj0WgKVJyve3pLz.',NULL,'$2y$10$Mem7KygGqnWHVEWS/DBxG.zN3P.yfrI3HseIiFDtMvG6FBix7VhRG',NULL,NULL,0,'CEH7BH',NULL,NULL,'test','eyJpdiI6ImNhaW1ZbmpseTdzWnRHeWhkSUlhTHc9PSIsInZhbHVlIjoiaGQ3VHhHRUh5ZFBkYUgrTGZqakR6WTM0SlZPa1wvOGQ1ZHF1UHBOcXI5RVo3MGZVazllSEhwYlRia1V6SW9zXC9pYUE2ekRpd2h1XC9WTGtJeWlLYWlCdGxaVCt5NzJsQU82SElocmJndXJTS3JRUTNOUmkyNHNxVTBWQTl5TStTNWlZNnl4YjlWVjBGanZ4U0N4eUZ2MXRzYUI4VkJ4SnFXcE9lYm9RZTJwU3pZY3lVVnREemg2eEV4dDlFc004alJwc2JPN2orRHNGc2tcL1lxMTE5Z0VzNnNlWnEza1RWb3Z3NW96YkJaT1NGZ3VJSm9pYzd3NXA0SStmeVwvOXFQMzNtYVRIdXQzQm8wTnYyTWM2TGI1YkkrY3V5OXN6ZXcwMytVOVZhNlwvZVkxdXprdVNkYzQraFJhVXRLWWQzUnp3VEdtOFkxenJ4dnFRR1wvVFFRcXpjTVVtdz09IiwibWFjIjoiNmFmNTkyNGM3Y2YyYTI3ZTE0NDZlNTc5NWYxOGU1NjM1YzRhODc2MzgxMzBkZWQ5YjBiYjFhMTA0NDZlZGI5NSJ9','eyJpdiI6ImpwZEIrblY3MUNhdkk2dmFBQVdPM1E9PSIsInZhbHVlIjoiSFRnNTNRZzFjY3lJWGdQVzNqeDZcL1p0cmVvaXJlYW9NOFhkdWkrQ2xaa3prUUpZNEQ3MWxtRDVXYkRERjNPdW9iMDAzTjhQSnNJc09lMVFkNE00aUE1cG5IV29nNEZDSHFcL3hVYlIwSE9hcVJjWnZhNzNxSXE0c1BhbEU0blRlUFJYcVl4OVJtMm5odGhcLzVQQ2dvcG9zVUd0ejVPdSt3VDdUSHozVFhOUFdEV3VZUDczaXlNdnljT1ordDJKQmd0WmtXTkJWbDBXVXI4NVgrajlERmljNnViaGhzSWYzYmRHRDZTbWE5czFGZWd6Z3NiXC9tbU5UTjFCNDhqQ2hUeHJ5enIzcllpWGp1UzMwS3E3SFlWUEpSdVFkcklZbzduN3ZPY21jSGVDR25YWFhlVWc0SVBOQmlHS1d5R3RIMjdpT2FGcitmbGxYXC9odHVOUjNVY3hxMnc9PSIsIm1hYyI6ImE0MGQ0YWFlNWE3ZDBjZTNjNDdlMDJhZjMyODcyNGUyZGE2ZWJiZmI3OTczZTIyOTJjNTBlNmFhYjc0Y2M2ZDEifQ==','2022-02-24 03:03:05','2022-02-24 03:03:05','USD'),('4a7163b0-951e-11ec-950b-4d4ec6d46208','tchamplin','$2y$10$nhHBzQMt9PBRw/VSBvDPjelfbMjDjdaOY0iU/QYSHoWhCRLFVltZq',NULL,'$2y$10$vEtKRqUiPEj5drV/7KAUTOnvBb02MSLACgpf3w0VH6xl7Co87tP9W',NULL,NULL,0,'JWTSEZ',NULL,NULL,'test','eyJpdiI6IndzS0JHT0JFeFJpSnluM3h6MnZjUXc9PSIsInZhbHVlIjoiS2h0VlEyY1V2WFVJZldaTE5qcnVvc1VtaHc5Skw0MWFjWEF2MlwvU3VYUkowdHNvSGN2YkNBdytFUzVJSWJ0WFVqUjBTK1hBejFGNXB4dk45WEpQTlI4NGtxXC9hV05pQlRhTGpLRjRXUkNTeW56Qzd4cHR5WWRaMzRJVkhUdmNmN2lZcThsNk43Rmp2eFdsYUlEaTJkZDVjU3Uyc1wvaTZPcWNuWFdBMGp6eUVOQTQxOUVONE9KOEVFUmdUUk5lM294d1E1QlZ0dHc3NHVaR0twZmJWRDFpaWJoWm1BeXpkQmRFbEpScXdKV0lHXC9MY1hnQnhTUG0yYkZnS0FvbTA4WCtPcFRcL2FrWVF1SjdxaEJ5WUxsRnBCaVBJRG1veG1lOXhtNjNjWXRXSzFRcUtISjlycDFUVDZKSTE3aktkUnd1WkxqYkk5ZnRCWnBjclptWjIzbjNvRHc9PSIsIm1hYyI6ImYzNTM5ZDQ0OGZkZGFiNzgxM2U5N2Y5NTMxZDk4YjhlNzYxNjBlYjM5ZTMyOWUwNTE5NzUwZjUzOTE1MDFjZDAifQ==','eyJpdiI6InczTWZWa2pcL0Fyem14SmRXRzR1bDNRPT0iLCJ2YWx1ZSI6IkpIdmtrRHpQOTlEcXhnSGV6VVNLejVnWk9uRXVKSmxnWHJmU1EzNXRIQ05DQ2dHbFhueWVONjhMVHBLRE4zNDRGZmJZU3Y1bHk5YVo3UkNJS0hOTFhyUTdYcDNrUURDRU8wWU9OaWVNc0hXS1NiMXBsQ2xBNVBtQ3Z5SDJrTDhnSXFpcURvZmRPXC8xUDFMUDBwT3ZzN2NidkJ1N1dMZWl3K3NWbTJ3UXZCdWlhSlwvbDM0cDcrK1FteUJsZXpvb2VXUG9hM1BaRXN4QVM2RjNzNmp1K2h4WTFFczhtamFGeWhKY2pKczIwc0NTMlVYaFVpRU9nVHBZektKbFwvTzFkUmpFT0ZuVGZGeU5SZDF4akxQeWtYTmZMQXBSS1ZCQU5URlVra0NlZFJMc0VtYkE4dkxTY21WTFwvS3V6QXNwaVprZkZnQWZLUGVHaEZwd1JWd1lWMFBXT1E9PSIsIm1hYyI6ImE0Y2RlNWI0NjUwOWE0M2I5YTllZGViMzE1YzhhZmVhZDU4NmFmOTg3YjRlN2JjZmY5ZjM2ZDg2OWExMWMyZDMifQ==','2022-02-24 03:03:07','2022-02-24 03:03:07','USD'),('4aa7a2e0-951e-11ec-9c4e-7f42e1d47335','narciso20','$2y$10$HY4WLzUQQMXIh/IROVH9wu2iwauwpCzq8Ko2jIZwhdX74Me9Ev8aW',NULL,'$2y$10$l9sEt89perikXpaCBtZ46.vYyfcqgQPnig/rSa0kduY6SeAaintU.',NULL,NULL,0,'VXSRXY',NULL,NULL,'test','eyJpdiI6Ik85amhnaTZMd1wvOFU3XC93cVJVZ1Nhdz09IiwidmFsdWUiOiJwNlcwWFlQMDl3YkQ4RGV5cm5nWUdvSXlMNGJhRkxadTRsTFkrKzNLTnNnQkdtb2Y2YzhzMktUeGNzXC9wTUl0NFhjU1NPSGxBanIzM2dHQk93N2xRTm9uUVFZSkxEdFU1Z3BUSGp6RVVzelZXZ0J4eno4ZnFET3VtVzl0ODVoVGRpS01CRjJnZUwyY2FNSGNORkFpaWdlWENOS3hXVllJU1lyZ2N1T3dMbEZyMkxpdmVNQ3N3UjFPTk16Nm1FUlY2XC9JaW1zSEJUTFlUWnlQNldwSnVXQ01MVzY3dnBkQ2k5cG1Lam1WMGJBWTZmaElTWXV1UHJZMGhxb045YmxNV0pzSENLNkRFXC9QSW9TcFhYb0NTTGpaZXRGTk5oUExoNUFRbUM5b0lGVVFYOHB6dXVzdllwbUZETk5oZUtTRVZIbVdLSjV4REhocU9Da0dGRFwvYmhtWDBnPT0iLCJtYWMiOiIxYTZjODQ1YmI2NGMxNmQ2ZGNlODhjNWJjY2IzNDcyMWQ4YzZhMGRiMTZkNDA3YTVhNzFkYjBjODM3YmRhMjU3In0=','eyJpdiI6IndQbkl1UDlwallcL29ZUHdHNGxJeFlBPT0iLCJ2YWx1ZSI6ImwwRnlCVzVsRVNHUXI2TEE3ZURqTVFFaWVkcDhTbXZibk9WZThXRDRJaXE1YlpFelFpTmlVdXdZQVluWDdwU2d1YnlscDdkdEFCdzJaOHhQempQMDdUMG80M3pHa1JHZnp5ektsTFdUQW9iTmVyUUg1UGoxNmtMR2dEQmR2a3dyRDIyVU9iMXFOZGdWMUhXbTBRTWFaYmcrM0toR3M1VzhCdGxHZW0wMU1BaEVqVmY1ZUdITUtvOFVNYUhMbHRcLzcrRExFQ0toa0tCSTJPWkFvK0t6VDYzcVZ0bU1VcjNzTGRJYkFIS2lYbnlJanNIaWpmbXdWVDRHVEpNS3hJV0ZKcDBuVkJ3eFVlXC9UaE9rMzI5NzZcL2lYQ2Z1eitRK2NZQmlBNHVJU1wvU01od3dSYUdvWUFYSTQ3ejNoYmlheTFFMEdZWUVtdDZCemtEUm5LdUNTODhjS3c9PSIsIm1hYyI6IjE0MjllZmMxMjI5OGFiYTlkMjQ5Y2I4NDBlMDYyMmYyYjYxZmE4ZTliMjAwMzg3OTEyMzIzZDhhNGMxYWIzMjYifQ==','2022-02-24 03:03:07','2022-02-24 03:03:07','USD'),('4ad8fbe0-951e-11ec-b3bc-ed93e2b9242f','jheathcote','$2y$10$SbpRO2nx5ZrSfEdALdaGYO2k1.3PNrsbu0Hodp9X3nsEBuj8bvOde',NULL,'$2y$10$t9dzHGN93INhSs8OSMV//e6.oaDP6ZOTXorUFa3qxD2TkyEQQH0pq',NULL,NULL,0,'HCTCAM',NULL,NULL,'test','eyJpdiI6IlM4azBIMW5haUNvWWIyQWsxZlhYMEE9PSIsInZhbHVlIjoiXC9oaVJxR2hLSEl5TGEyOGZyNU96WXNvTml1MmdoeGhHdmpZckVqOElKWUh3b2wzMHE1MVhzVHI3UlZORjNva3ZCeGZySGVJcU9OdUdFa3NnVCtjRUpHSVBvRFM0R3FBcURIYzFtSkhsYTM4RGFjbzVXYThuN01POVoySmQxXC9scDJPenpnSHdnOUpicFRlWGc4ZDV1OTMxZlcrZVNpY1FaRlwvSUhTM1psZ2hcL0xcL24yQXNYazdjenE0VnBQVUVnSGpZY21qWFwvaE52WjlKWGtKdVcrWDlySWRZS3lQcnJWaWJTOTNncW1iRnlkXC8zT3lRNFVmMW1rY1BxcWZGR2FSbDFCaHFMTjJlaytram9NYzk4R0M5Q1FKcHJxVHVXaXRma0JXaE1LY0dyR3hLXC95M1lZejIrTVpPODhwakVDcnZUSDl3TzhMUDcwK2I5bmpHZ0h4S1hobXc9PSIsIm1hYyI6ImZkN2IzZDIyYjBkZTQwMmI5NjkxNGUwZmIwZWM0OGM2YWIyODc5N2I1ZmM5OWFhMzcxMjVhN2MxMjliNWJhYzEifQ==','eyJpdiI6IlhcL3JrV1Y1ZmQ4alwvd2RmOUdUTGZ1QT09IiwidmFsdWUiOiJqRGJ4YTQ3azFpdXBCbzdJYzR3ZjVFS3ZGMDBjT3B1QWdETFBGd3VDY3N5V3daSWMwRGhvMmhGQTdNbmdyUVlTdEI4M0g1VVRCdDJoWUh6c2FYZXF0T1NUaGRwYXh0cVhtaGE1MVJyQWV1bDdzWENVeEtyV25kaEwxSno5WlVhMlZSUENVWCs0NlpuT3ZYU3hUTWw0eGJFWWdMZTR5OEkxemdmd3pvYjNLXC9YbkhGT0R0R05jUWh4NEdJMTA0QkZjb3l1TFMzTUZhSzdMR3R4RHJsTVp0R2xkMzhkcld4Wm9xYlBBN1hIMEpXbFMrb254SUxkVmRnMzZ6R0FBMFVYVWpKTlZKcmx4ZTJKU0luRXpZNStqRnRUbWh4XC9ndUJQdUo0NmxQVnBOYXBnRUthVWk4N01yZFNIbjJMcnh0ZTA0NGRKQ2RYSGdIeExqaHo4cmg5VlllUT09IiwibWFjIjoiMjZhNzAwYWMyMDI3NWEyZjRmNmE0NDA2MjNlNGI1N2Q2ODAwNDNjZTBkNDVkNjM5NDgyMTE4MDdkYjg0ZTczNiJ9','2022-02-24 03:03:07','2022-02-24 03:03:07','USD'),('4b12f6f0-951e-11ec-8705-d9ba7db4951d','ray89','$2y$10$w3rl5BhzDUdflUGPleKllegiup8QhOZBXWWF7POyQ6cDmuZ6Uobju',NULL,'$2y$10$5prYNFznw.4y0ydPVuzpm.1RiIF8vSVtrxJhD/nZH41QEVkdJp3FK',NULL,NULL,0,'8KNUOM',NULL,NULL,'test','eyJpdiI6IjNxZzFZTXpwU2VjTHpcL1lSQkdqNG5nPT0iLCJ2YWx1ZSI6IkRkdCtxY3kxVWxHWG95UW9STG9RRjYxMURXUW9CcWplYUxuXC91SDZhZDV1OWk3eXBNalc0NEJBb2FSTjA1Mk9cLzNXWUNnRkRUYlwvdCs2bXhBRDlyXC9UUWJycWFXd1UrMjVwNUl5Y2MxM29zOElnMHpkb3p0M1h6YWRrTFJHMEIrMzRUK25zQVNMdFJCK1FDTWI0N2VkUUYrOGh6OHBUVDU4U2t5UEEyT1cybWVPODJiaGRxY0ZIMEFOd1JoZmlrQ2pZR1ZLQVNxanZZZkZRQVAzRXRCM0JjbHZyQVwveVpQclJTUzAySDlhZTBpcTg2bTBhbWQ4b25BS202SmpPWUVlZXRpbXZFVHQ0U1RoT0RsbkgraEoxRTBUU3l3UnlZTUlqOGRUaFh2Y3RFMnBZMnZXQXV1Q0h6OUdEcUs5YmpLdWY0blV3XC9uTVFKRmZ5S0JOaWRwc05qdz09IiwibWFjIjoiNzJlOWUxNTgzZjkxZjVhMzhlN2IzOWRjMTNjZmIyOTQwNGQzNDkwNzE1MjJhYWRiZjY3ZWQzNWQwYjI4MjljNyJ9','eyJpdiI6Im41aFlBd0hZQThKNHJGRk1neVRhcmc9PSIsInZhbHVlIjoiMElFVk15Q25melwvOVRwb0xKY2p0WVZ2MFJTdEl6NWFvSEs1THVoc0lZbHlxWXFOVzcxSjNlVlBrOFVUOG5zMkFOS05helFTRkQ1c3BOZ3VKSGVQTThtVitza0JYMXpjM2IwR25Yd2RLTEcwaWN1cWpcL08xaHA0a0Y5RWRTd2JMb0RPR1VZbmVWWmM3TDlvQ1NIYjVTS1VubXREdnI5aXRGSHhxY1poN1VFTHphVGV3MnJyOXd1em1kUGtvY3FYdGVvaHVrd3dMZXRFWTZYR1kycXJ1V2ZCUWxtSjA2RkVGXC9qdFVsRkN5K2VDTTNId3dXekhOWHc2R25TeHZabE02S1BHdzRWMEhhVE84ckdTa1NjMnJtN3YzZDRtWXFCeTRDM0VPSmdlcXE5R1wvaHBZS0VNR3NqK1ZGbHUzTU05dGlpUjNRZ1hsNGNwZ20rTDZmQ2tYVEV1QT09IiwibWFjIjoiMWNkN2Q3MTIzZjJlZjEwMDgwOWQ4ZTNlOWM5MzU4NWI2YmMxZWQ2OWRhMTA5YjU1YTExYzM3NTk0NTg5NDczNCJ9','2022-02-24 03:03:08','2022-02-24 03:03:08','USD'),('4b478110-951e-11ec-b143-3926d8bcf78e','jakubowski.osvaldo','$2y$10$b9Ta.49zcChsziDPVaKUBOHQLDkkWwnbQ.AxXfkZNgDBIZmbmjvBu',NULL,'$2y$10$E/eYRSuVNqC7wu88x5Vt4u39rABOqFTeTRwG2MUIzKOXM/uLN79RW',NULL,NULL,0,'YSMSVL',NULL,NULL,'test','eyJpdiI6IkRDV1c3cDZ0Z0Nsa2JSSmF2ZjJXNkE9PSIsInZhbHVlIjoia3VEdHluaDdBcFwvOUk1VFwvQkdrdlNocFdiNklzWFBKXC95NmRaTWVGMWFrd2dlWjJYUVhpeUJnWXBwRVdBMjJrYkZUTTNqRzA3NG9BT2g4MVVLVWtxYllhUmNcLzdGd1o2Zkxvdk5nMFRtSVwvdHNkN2lueGd3OFZwTFNjbVFWRDJpOXBzczY4dVlsbUg1OUE3ZkgxcFdJMjNJTWJkYmdGOWhIQWdPN24zVTJBQ0VnN1JVRGN5ckltd1BtaVFLbXpBSklcL0JPS3ZDR1hLMjRjNXhKek5OTnFqcWx2elRKSTFob0tpaERzcnhoVWFpdmp4QlBUbjdMQmcyaUtydklCbk5VV1NDaTNyeWVxN1J1R1FnY2tsVm80YXExb28rdjNuMXFzOU0yanY2ZmZ2WW10amcxTnhOaWxlTHpJNkNzM3Z1ODJQTzZEUVNyZGJ2ZURWMFBHbVZuQW93PT0iLCJtYWMiOiJiNTdhNzdiOTBmYTdkZjJjYWVhMmE1ODcwOTUyZmQ2YTRmYTBkMmVhYTAzOWUwZjAwZDQ5NTYwYTdiZDYzYTZlIn0=','eyJpdiI6IlByK1FheTkzdllNait4RVd2ZWJkbmc9PSIsInZhbHVlIjoiOW5vd0FoZElqNWNLakFLeFkwWWNoTHM5XC9DUHVwUCtCZHEzdk5teUJzMDhzT2J2QUlqXC9LRm0wazY2ZjdreEl6d1FUTDlIZno3VGRmNjdzUkxSZFUwNnRLRUZ5MnVxbENja3lmN3hPck9Dc2doVzAzOGhUZkJvdE1oWCtUWHBDNlRZbHpFMmM0WW9Ed1NpOVVrb2poN1ZpaGYrYjE5WjJhdUN2bzNxRlJMUUt5cENyVUtJRUhUa05ySVk3bWQ2blpjUGJFSFNNakozTUVZRDVZdkVOMVF0dVM3T3hZMGcyaW5IQjZGUlJuYkN5K2ZpdVwvUnY0XC9HeXB5azg5U2FFc0pOVG8xUHlUYUhaajZQYU1ZR1RUaWN4YVBVN01mN0V0MFJJV0dTTzJvcVdpcmFmS0lTSVYxNG5NcDRpUDU2QkdLZkQzTUpsYm1Rd21PUk5YXC9ueTBoYnc9PSIsIm1hYyI6ImI1YjdkZjAyZTUzM2YzYmE3NmZkMGVmNWRiNjk4ZTY0YzEyNTdhMmE0MTE2OWE0MDViOTZlMjJiZjEyNjMzZjMifQ==','2022-02-24 03:03:08','2022-02-24 03:03:08','USD'),('4b780ce0-951e-11ec-9dcb-b588e0746ddf','hdubuque','$2y$10$2ltegCy3.Um/aofef03l4O6JFjp8zoVq9MsioNXfULldgHxgUK8rC',NULL,'$2y$10$pL3iraHGzBBNTDVGMrkJROsjNGpfW/HY6wRODwrCDytmnpl3zzEyC',NULL,NULL,0,'FSDM58',NULL,NULL,'test','eyJpdiI6Im9PT1gyek9GUVZDSnNsN3p3TnI5NEE9PSIsInZhbHVlIjoiODhlOVFGa2I1b2xmRjh3MEZQRWsrK1pQS251dnp1aUpPSXZ4ZXpJcDVZRVk3YnJCc1dGWk9LWWdadFgxMjhteWlkWW0yb3NsXC8zcU9Fc1lMcktMTjlsNGNBY05CclNmd3RMbWdDblVGUmxpRG1SNXVJYkxveDB3azhVXC9uSEFSemJUYkRuSGx6a3lRWWVSM1EyVnhqQVlrUlhqaml1ZTVQbmlqUTNOQnd1dkp5c051TXAzSnJFdDA0UVFpMkxlanlOK0FCcVRHc1wvcEJZSzFMZ1BxbGJ0WExmNUZOMWlWWEV3V0tyMEE4Q0x6bWgwbmo0QU5rMzZnMWpuOUg1OWV4dDlQNEtiYzdHQmU5VytnQ3V1RnNSOU9BOE5nNHM1aGVBWGlBejU0QWJQN09rZmlCN001VmpDNDFXTEw2Q203ZEdCcFIrN3U1aDdscGVrbmp2RXZiYyt3PT0iLCJtYWMiOiI4Nzc4MWQzOWYzOTdjMmI4YWE5YzMwMzE0YTJmMTNjYzM4YmVkNjE2YTU3NTVjZTIwNDYxMjFmNDFjZDQyN2E4In0=','eyJpdiI6IkxVN1lDZFB2UHNhSEVYVUh5Vm9EUFE9PSIsInZhbHVlIjoiMENCY2RwYlFISkxIUEdwSERvZUNIaVRRVXoxWFVhTVA1UDhDTkROT2dqRUlKZGhmZ3NcLzE2WVUxNFZMY3d2bER5emNkMlV3QTRxNmhjNFZ2V1QreExXXC91WFwvdzBWelU1NWdrT28xeTc1cWhPRExtR1F0VHR0eWpYalNTaXlpVFBKeEpHWW9aSVRSa0s3WERaQXYwVkFDdm8rcUlKeDg3bVVQVW9SNTRQa3N0MktNcDRNTTdYSFU1c0RoNWt4VHJuenpMZHF6QnV4WFl5Y3QxTHI4M3hNYW5BUjNSditZS204a0ZEOHdyRzduWlczWm5KT0p3SG1BQ1JVZGNvbzFoVU11VkhZc1NnZStZbFRtNVg2eHJJWFU3cTYrOURmemxCcGhxcEVHNU5nZzRnV2dnTDFUN3JsZTJRbThTZTYrNEMwWHNicTF2ZkdWWUYxT29cL1lIOVRLZz09IiwibWFjIjoiNzMyMzk2MGQ3ZTExNTQxOGRmMWQyYWEzY2I5NzYxYWU0NzY0ZGE2ZWNiYmQ3MGQwNWNlNTg3YmYyODEyNmQ2NiJ9','2022-02-24 03:03:08','2022-02-24 03:03:08','USD'),('4bb3d6f0-951e-11ec-bba7-7702738e6051','aileen.conroy','$2y$10$AYQ6uomwb5R0Bt0cXy8eU.CM02ERNg0Hzi2eSXeZiXrtk00SMVZZy',NULL,'$2y$10$uigVNCz.6xqNEQ8t0bdpouMZAMoTwc1embipOxj2I8HdZyNJmw30O',NULL,NULL,0,'JFXBHQ',NULL,NULL,'test','eyJpdiI6IjJKYUVyUkNWKzdBUHFYMk50T2tvalE9PSIsInZhbHVlIjoiSjBjTnZHelF3eHdsMjBzOVJBRlpXTWkrUVlnMG82Y3NUdFZUMXg3SXcydWlcL2hMdkM0TkQ2eFN6SHlORWVadHRISkxiZkVBdlAyTTQ1YlwvTWlvY2NcL2o1Q1doRUlcL2hiZFJyaGR1ZXJ6SGxqbUkrYVIwWjhVQU1EY1laMWpJUUxjN3hqTTJVRGxmSkUycHh6VFVaaXNzbEpya3JpWUxHTndZNll6cWxNUGNNR2NxbTg4NmZ4dEgxSzdieGJjTnRSWmZ1VjB1bTVzdDh3RTZWMGxDVHArK0JHSW8rRks5cG9tZWh5QUJjOWd5M3A0SVV2ZFwvMWdJaDhya0dwZEhEdEdZa1MrVmdvSXg1TURpQnR5Nm1zSDc0Y2tKeGl2NUN2NHdsV0QweFRrMlR5NGpCV2owT3BuVCtrdlwvNFFQRVE4TStaWGlldDBYM1RVdjdhdGlCbDVLTW5nPT0iLCJtYWMiOiJiYjJmOGFkZjA3NjM0ZWFjMTc4YjMzMmZmYzU1ZGE4MDhlMDc1NjMwYzE1ZjMzY2ZjMjc1MjUxZjJhZmJiYWE3In0=','eyJpdiI6IlRqNWQ5TkRQcjhYQ3RkUVlxcnlYZXc9PSIsInZhbHVlIjoiMUJZVXRSWlpuMkdaT3YxZDB4UXE5bXNaUjZUK0RTa0ZLNFliazZ5S0hrOEhMNHFpaGNDUHYxNzcycVFTVEIzQXJyemxwbnNyaGlSd2hwNmpHWTNLK0dtZDdnOU9Bemt2YlNkcFBoSU5rcEs1T040T3JDUDNRaGQrQkpuTDY3NUZua2x6eWlHWXVDd21mYXlvUW14SDBTYWRXSGtDODNrVzFFM2dlR2JNUHpkR05hV2VJdnI5eTE3NER4TFd6NGEzcmNCbzIzaDMzbkhFaFhHbFVUMmZINGV2VG5WYWhOWGFpaE9CTUVRdkFhMTdkMHFxV2NFb2ptbFdvZmRpVERGWHc5dytmdFJYdWliajBOSjJITktzOGRVcjIyT09UbVFOM0l1Zmw0SUxzSXgreFJrXC90cDB3bWNGUE9naGVFTm9naWtDaDZ4SUVcL2o2QWc4V3YrMXYremc9PSIsIm1hYyI6ImJiYzg3NmI0YjNlYWVmYzE4MjcwNjgzYWM1ZDhkMjQ1YzdkY2EzODIyZDA1NGFmMzBlYWYxOWIwZWM2Mjc2MTkifQ==','2022-02-24 03:03:09','2022-02-24 03:03:09','USD'),('4bf66f00-951e-11ec-b407-a1ddac024e25','russel.elnora','$2y$10$agTlJSwWU4Lma3UmODoEFOLtF4ry/aCmr6ezCrNDHdeuITcXuwFKa',NULL,'$2y$10$JoYfkamt4i2hwoIO2k0KlO0GOAKAnOM5m6kWF75L8OLtUTR17tfja',NULL,NULL,0,'OUOS6L',NULL,NULL,'test','eyJpdiI6IktWRUFwZnZqR2hLNDVGSUVXVVcrQmc9PSIsInZhbHVlIjoiaVpkRTlJQlhZbDh6Mit1YTRDMnFyK0JvT0pUYTd1NjJMWTVTdXgwckEzN1JSVmZ0akhCbDV2YWh0Y3NRVmpnQm5tdTBoU1lxWkw4SmpZdEdkY2ViZ0o2eHlSdXRWVVA1Z2pkYTVjbDlsRDVqcmJncGlmcGtBWmtmN3NnZkdjcEU0M2lyUkdEbjlIYlVDUDNTT0JTbmRPd3YxOXFkOUJiTEJTelRJSnhcL1hBQXpXOUVkZ3pCMElKK2xmZ0h5S1wvT2VEMmNENU5Uc1FDbHNuYXJMdjR0WndhR2hOalBDblBZcWVTMVJEd0VUcnNkelRsc0ZiUkw2amltQTg2UWFXWEhrRkZxcCtzOFlLc1hHRGRjaTRMQnArKyt2RnFVWVN2YTI4eFRUQ2tXbVFWUXBcL0dVM3A4SUNcLzVWY1BcL2FrWHFHZmF3UXlRK0g4eTVRTkhcL29hZHByNmdnPT0iLCJtYWMiOiIxYmU3NDIzMWIxZjBjY2Y3NGM1NTVjNWRjZTNlNTM1YmJiNGFjYmUyM2RkYzUyZTdjMWY2NTI4MTAxNzE1YmFkIn0=','eyJpdiI6IlFyOWo5T3pJUlJ2bjk2ekloZWhZY1E9PSIsInZhbHVlIjoiRzJweU40Rk52akJoZ01RZ05LdnZsXC84K2RCNkgzQ05jMWRQZGZpQVJod0lKRHRJMUczd2swXC9SRHorb1NreTdhYkt5NXo5ZzhyQXhEXC9MR09Pc3FiQWtzNElOWWZMRjh1UFNTeFE0TmRwbGxUdmJYbFJpSmhnOHU0RUFjdXhncUpFaGcya1lzRCt4aDIxanJleHVSbEdFQjJFUHJsR3RrOXV0bXZHdWYwUkNsa25hZjB6MENjOTR6c2FSaGkrYUpSQXZ2dXkxY2g3bWE4VHpYd09SMTlzbWJraXBLQWNzYzJaY2x2UXR4Vk1VUnQxOVNpM1NmVThDaTRPY29XbktaRGVpVHU2ejl3SGp6VDhkY1FSZnJcL3k4VUgxc05uS3NKS1MyVHlcL0ZYZXd3ajZEcFZOVHlEeGdwWkNyampmR1hZcjF3bTYyamNadGppWjlXWEhnWW9kS3c9PSIsIm1hYyI6ImQ1OGY2YzdjYjJmNzdhNDdiNTljNDkyYWQ2ZWRkODk5OWU2Njk2YmU5YTQ3Y2Y1M2UwYmY1NWU3MTdlNTU1Y2IifQ==','2022-02-24 03:03:09','2022-02-24 03:03:09','USD'),('4c2c0100-951e-11ec-8950-ed7a8a6a931e','amya98','$2y$10$FX2exz47qg2f0TKPhzWSMe3ES1qC/uT7EWIGOSX/Vz/fnFlAnVayi',NULL,'$2y$10$.3QWq.v83PJKZ7V6X7BgVuWBnlspgAT9bh1G3ho2AlENkSegPSsGG',NULL,NULL,0,'SMYIIZ',NULL,NULL,'test','eyJpdiI6InNvSFUzN3B6UGhHY2hTNjFxXC9ObGNnPT0iLCJ2YWx1ZSI6Imx2Z0I2N3BYdjlBQ1JqV005bjhmZXoyNGtBaDV0aDRXUDhicTYwT0RaQ3V4S2FPVHNzaGxldEJEdzhwWVwvTkZ2MzJzMEF0OWFnUTNCanhPSkxjSUcxQ2NHUTMwNUphZ25Tc0wwTzV2b2pNUzg0T0V2S1FMSzh0dWlTelwvaXVvU0ltWnJUd3ZZREdPdHB1YW5wbitUaTZpOFNCVzRJRm1RdkxSNGtldStRR2xIR1dVZHFadlhzcmFyenRJVzVWT1cwVjV4N3VWdkYzU056bFJEUEFicGhuNWQ4TVwvS0pIc3pXbXZvOFJ0T3hpZ0xsOCtcL3FVVHVEQzBiVTVtYzBnKzFIUXdVazEzd2pBakEzekxubzZ1RzBtdU5YT3ltRm1OZ1IrMDBKS3ZXZXdwb2hKbzF4TkFjYkRBTGRUV2VSUUxNTVlYbzRkWnVKSXZKZnZhckJjUTROQlE9PSIsIm1hYyI6ImU3ZDJlYTNkNzA3ODEwYWQzMWM4NDBkMTNhN2E5NmUyY2E2YTYyOWI4MzUzZTI4MTg3M2U3MjQ4NTRhNjg5YTgifQ==','eyJpdiI6InkycUh6dzFkSnNjcFJyaHNiWmpNUlE9PSIsInZhbHVlIjoiY2FzWTZXWGlcL3BUbXlJTWU5bWtJRVVtUTF5QWplVDJYRVhuU1czQ3YxbUZKXC92c0VFUGdHcVg3T0YzcWo5a1ZaOXZuemtRMmExSkI3OTJtczltQndiODh4MnBnSFwvNHNpV1pKRHNKWk0zTVVEeUk3ZEZzWnNIVHg0ZTZ2b2c4ZWFpak00RVl3Z0dJeHdGTVg0QThodDJQMkhSQUVqTlhpWWpOOE9GUXRKeHJyY0RGSkpQZjVZT2FmcWZDSEwyaHZpUHNQcXNCVWp6SzZ4a0VYSmdqXC9BeFwvZkFrMHdpN25VOVhDQUlldDNlWkRUaDlhQ3E0YTRUazdNc2Rvemp6YjNPbTcycTVUNUNPSHRcLzg3a2dOa1FCdGRxM0o1byt6djlzMWp6UEVmU0VXbmw1M083cGJWTDllMXkyZ0VDZlJBd1gzUlV6UTRlNWFvS1RFT0MrUytIRytBPT0iLCJtYWMiOiI2ZGNiMTk5ZjA5MjM5YTZjMzE5MTIwNmNiN2ZiODRhNThmYjc4MmEzNGI3MzM0MmQ5MmE0ZTljZWJlYmI2YzUzIn0=','2022-02-24 03:03:10','2022-02-24 03:03:10','USD'),('4cf4a490-951e-11ec-964b-ff11567f12e6','hortense57','$2y$10$6i8R0MD9ROoUvYLJkuIA/utBn1EcwuR7Gf8OREWfBABHiScUhcCqG',NULL,'$2y$10$IwaztPaoSR3mdAEibiCzFORycDQwkezhJNmwXd6z.nS9Cr8T3goYG',NULL,NULL,0,'QZOOF7',NULL,NULL,'test','eyJpdiI6Ik9uUm1OTnFkTlhOWmpFWnpBNlR3Y1E9PSIsInZhbHVlIjoiT3ZaSHpvZ29Fa1VESUROSmJiXC9PQXI0U0prSVBQdHBCNXM4eXhZMzV5UkMwaVV6YTdBQ1ZQV1J0M2F5MTF6N0hNQkpkaXZGc0dJWFRWTmNXbmVVV1h4ZDBZd3kwUWFUckNNa2dCR2QyS2doNkZsUHNWbDFOaUlERU9uZmtHd1NwTFEyNnpwaWdRVTNHaUdXRE83WTVxQjlBcEtBQWZmRXJROGxnOHp2YmlocHp5R2VcL0NBMk8reGdyU2luSVVpMmtqdkIyempnaWVpYTV0NjFmcHdxcGlKcEw2ang3TVpycnNvVlFNdzVRY0s4UFJLYkV1RFZNaUpkZU9XcGsrc3I4VHo1enpCZjVcL0JqKzcrdm94akY3UzBVY2lvaE1IcVk2WlFxTm1WTU1CTlVIanB0XC9JNkx1UlVoMk5XSXVFRjlLOVc1ZlVyRzlFQk9QVEo1Z0pLY1E2dz09IiwibWFjIjoiNjdkMTIxNDkzNDRmNWZhMzYyZWQ3ODBjNzA5NDYxMTFlMGI2ZTY5YjkwZjk4YjQwMDBiMjNkNmZhODI4MGNlYSJ9','eyJpdiI6InlnZ216RU9RR1pFd3Z2SjFCQ3RRN3c9PSIsInZhbHVlIjoiK0k4cUtEVjlsZ0s2eVlwUEQzbnhHa0lyRHp1ZHR6VlJ3UGxXM0dGN2NuODV6bzg0NWVZQVhROWJ5dW5pY0t1c2FPQzIydnJtXC95Um9rM3FqWVFIK2VKUFh4dXhaZlFBXC8zS3VFMFgrUGxrTXJVdnFMazc5TWhZYzBHRERGelA3a2x0R3FDZGl5SFNGYndvZGNvbkxyckFHZWpvYmFtR25pUmljYVZ1Uks4ZkZna1N4dE5VMm50Nm9sU1hcL21jaUhwblZQbENZWTVkNDRFTnpIell0Z3JQS2UxNmZrRitwK2hqVUptR2RUXC9qT2d1U2VJS1k1djdXOWl4SXFYcmhJYmVFNzlwWE52NFVCOHVqYU5RODR5cll1R0R3bk9BRVJYQjNrZzlXUHEyQ3hrNmxjeUtGQVR1RkFLcEw0MjdUUjV2blF0SkN2cjZHTG9kMU91Nms5cnA5dz09IiwibWFjIjoiZWYwZDFjYjc0Y2JjNmU3N2ZmZjQyZmI3YjM2OTY4MWZmODI4NGFiNzdjMzBkYzhiZjk5ZWZlMGVkZjcxN2I5ZiJ9','2022-02-24 03:03:11','2022-02-24 03:03:11','USD'),('4d2f7950-951e-11ec-b356-5b2548a6d0ec','lisandro.wehner','$2y$10$38PDXf5l66MxlDAY6l6T9eIBomv4ROpHVyQtYZUJ8UYfR.Hn1QY9C',NULL,'$2y$10$/MkOJOhYWP9P0nwCFwvgX.swuU4OPCJY9esUK5lLPvcqCMWcsAZb2',NULL,NULL,0,'ZVOTGX',NULL,NULL,'test','eyJpdiI6InBOdjRhUjNYM1NLbG9CTkFVQ2xFeHc9PSIsInZhbHVlIjoiUmpvTTBSeHRiNmJpTTZKTzEwaGZcL25wMUloVlZ2NkJcL000VlNFdnhkTkdURTh4Nkl5UmY1NDlvT0RoTFhpbFB5QnhUOVlDRmcxalVUVGdjdnBNcEIzNnFXWDYyQk5tbEFNcGFRTkRRdmlEZGh0QjhNWitnS1duQnpoK2F2SGNzRkJ2ekdRd3AyZTNLRGx3N1dpR1VTc05hUGF1TjZJcjZhbDZOY3RxZzBtUk50Z3BSYXhVb2h6Z2J4MDRMZTVpcTlWSm9iczA2QnlLU1pJTVNpY3RHVzVHTFwvMmxDUVwvZzkxSlJcL1d3UDVvNU9IeFpscVVlMnFaTWVsdXlCWTM3XC85ZUZtQmdteDYwNVhDUVcrOFRFYmVYeGlVY3I0Uks5WTlTQ25RNmI0OElKUm5vU2VkaHA0RzZEY3dCZGlcL1ZDR3VhbzYxb3ZEZm5scm5nVkxoWFJoN0o5UT09IiwibWFjIjoiNjljNWMyODViYTcxM2RhYWEwNGYwMGI4MDAxZDI5MjhmMmZiZWI1ZDcwMzc1ZjNiZGViNDFiNjBkOWZjZGRjYiJ9','eyJpdiI6IlNBZW92Wld5K29GUVJ3cHFnbHJpQ1E9PSIsInZhbHVlIjoidGU1ZjcwVEhXMDluXC9aTEcwMjYrR2xUUHJhekoxTURONXlzRUtFcTF1cWMzeUFwVHRWYmFzWFlHdDRWSjBUR2s3SDJSTTdiU2I4cFZhdW1qWnZBTEZyYW12QVwvQWQ2QnU4QkYyMFNcL0lVaVhoQzdXT2pDdnJ1NVwvS010akVKcm1Qa0NSUDYzczZqdjNDdm1IWW5VZ3pQWGNGM0w2Wlk5TlwvS0pDTDNURVZ1WEt3NVhXUitkdm1PcGNaWG9jb1wvK3NiMURaaW94TkNSZldtTnBlZ3lRb1B6TnFDRHBKSDlEM28zUlNZZFdIWGErVmdRTWk3ODZwZ1ROcXlPSk03eHBvSzJucHdnVmVONHUycldSeTNiaUN1dWFIOU5LTndMNm1leFVoMFRnQkF4RTlTYm10NTFkNmdHbmgrVmFLc0lMK0Z4NzJhZDFxZ29BeW5xRjNIY0dXUm5BPT0iLCJtYWMiOiI5Njk2NTkzMWEzMTdkMjA1YTdhZGE5Y2YyYjU2OWIwYzdlYzVlYjdkNzUwNDE3Y2M5MjZjNmRlYTk3OWY0Yzk0In0=','2022-02-24 03:03:11','2022-02-24 03:03:11','USD'),('4d67f790-951e-11ec-a57d-17339bdd9963','blangosh','$2y$10$iB1qg4Fc8oMUmuqYeWqXvOZt7U.EnoUjhTcn5GlAIQgDa.7UXhuKu',NULL,'$2y$10$xOrZZxJEA01bR6hWpC/YB.Ue8rDntEO5L6p096OUIZ5.eBkp/H6SO',NULL,NULL,0,'Q9RSMU',NULL,NULL,'test','eyJpdiI6IkkwYWxhVGhQOFhMUXM2M3VEYk1haFE9PSIsInZhbHVlIjoiZzlFaW1NejFYTEltbE1mZ2JIVFJGZkJhcHN3WXJcL0VJYzAreWtWN2doV2ptVVJcL1VEdWJDdk5Hd2NvUDF1Q1pZU25aK1ZoUEorYUJlMHp6Z0F1TXA5Q0NHNys4cHhoSFwvUnh4RDhtdDAxeXN1eXd0d1lFOERxZmRjYW9aeDJzSFpnXC9NTHVIaEMzbVwvZUM3K25qNEtab3BiRFwva1wvN25oMVg1SEhrb1BPZVB2ZVpMUDBkSlZZT3hJc2FvK1ltS0JMczRVUkVEWGpXNFlIWk14ajgyK211STFEaDdGVERrdDVxR3hHWkJlMFZYeU5rUk44ellsUkp2WVBqdzBxT1U0bXUxTmw1VVE0OGpqOGl3aE5ubGN1NnJLWWtVVWNocnZoOHhYZjREXC92dFRaNkk2RnRHSHlHSmxtdmZ6UVNad2pGWUh2aFRQaWZ4UExxa3BJaFwvbG4xMHRnPT0iLCJtYWMiOiIwMmEwYmY1OTViZGZlMTYzYWFjYTI0MmFhYjNkMDY4ODc5ODJkMTUzN2FmNWNkZGY1ZDk2ZTYzYzRlMGI5YTQwIn0=','eyJpdiI6IlZ1T29Wd2U3STc0WE4zY1Jnanc3UEE9PSIsInZhbHVlIjoiTXpTUFlPTHVMeERyam9NZXJLbTlCeXBTaDlsbnlsUjh6eGJWXC9qZ3c5bWxuOTEzR25NS0tWK1JhZVB0WFwvRTVXbTUxXC9QdUVxbWFWTllxVzVwWTR4SWJ5K3dSRzRcLzZSQ1FRWTJzTFZ2c1IwU3FlR0IzYmlLNWRcL0ZpXC9jV3FIUElTS1VNN25GWVk4XC9UNTBXZFpmRVdpU3RXaUdqQmVVTnpJd3FQdlBkR25WMzk3OElMMVp2ZEhTeEF3aFFzY2l2eFdCTjRNQWdMY1RuU3dhS2JqNnlENzdMUHFZa3RDKzFJVFlsMDg1SmFaYkFjWXNkK0dmbXlUaytRXC90UFBnZml2V2EyQ01YdjNNeSs2XC9kbDg5anFjaXpoXC9CK3ljaHdBSUpjQzRFUXdhV2RTdnZ4TDZ5QU94RHRXdk5oWTA5S3lHZUFCWm00NWxMSUdUVnBZdVQ1VG5Wdz09IiwibWFjIjoiYWZhMjA4ZTkyNzQzNmJiNWU2ZGExNjFhODZjN2ZkNTgyY2UzNTMzZWVjNDQ2YzRlMjVjZmVjNjQ5ZDI5ZTA2ZCJ9','2022-02-24 03:03:12','2022-02-24 03:03:12','USD'),('4d983f10-951e-11ec-b6d5-610b6400b1bc','fhoppe','$2y$10$dqcIQmkv7ljtHvpU2MU9ruJNu6fciqvRbRnmRLdq7k.qerIpUmu.G',NULL,'$2y$10$089Lbfdvk2RLzlMhLtj7ju.OiCiDivTprMMbWAT8mlaEBGiOA/zRW',NULL,NULL,0,'C2W9AV',NULL,NULL,'test','eyJpdiI6Inh4NitzbFNDaWZXKzAwMkhVd3F4SUE9PSIsInZhbHVlIjoiekE5SHBSMHRkUkduSTNOeVwvXC94Tk5XdEo5Sjl3Um1qaStnRHR3dWJjRExCMUpuUDJKNlFoeDdrS0hDSzM1SkFWZjhoVHo4UWQ1N1hZaStLa0FMZm9kUHlKUCtMTDJnUXk5aU9SK2V2QWFYdW1BWXorK2dDbVwvK20wbFZ2STkwXC91YVVJNzMzMm42STgwUFdFUklRcG8zV0llWVwvenpXWFBFOWpxSzZiVk1Sa0k3blJhZTY1YWw1WkZYRTZDRWVXd2h0NXBjUDlmZ0F6cnZLRDNYSDFjNVd1QWl0a0JSU1ZIVjBKNUJkNWdjaVpRTlQ0NWpST2I1SDJ0YWN2OGtyMzAwZUdIMEVGVHNCOFZ0QWZNV0JGdG5hUlNjNHZEOGNDZVg0b2pQUHd4Rzh3SG1sbEdpRTMrd1ltT0FGZUJ0ak0yY2hMVElUNk4xcFwvUEVIRGQrUk1cL0wwQT09IiwibWFjIjoiNmEwYjMxNmQ1MmExMzZkNDc2YmY3MDI3NmM2YmZlYTllZTJmOTBlMGE2OTFkZWUwNWUyNTc1NTgxMGU3MTNhMCJ9','eyJpdiI6Imo2U25jdmR1blNTVEJnQjBmXC8zRUNBPT0iLCJ2YWx1ZSI6InlHRFZVXC9YOE1pcTNwZmwyNWo5anUzXC92TXUxQVhQRlBBXC9sb0dDQWdMQTNkNkdpYVdyVW9ua3l1WE13VFwvMlljZjl6Yk1jdE9uS0JMWXNQV3VMNzNab000TzRpSCtMb2dcL29JYzdBSnlxZnRNQW5CZFJraGNZNzJsdXpUUEltU3RaYmlRZlluQnAzenpYcHBCRk1wVjNsbGpTU21ibEF1aEVFc1JDV3hOdVNnUnUrUTBxdkRIM2ROZCsrR1JNb2RHTzN2MTFGOE5WblB6OStTNFhOdW14V0twTzJVbStpVGY2V1NEdVRTSEdvY2FnTEpZK2F6aGJXNnE0Zzl0UE5GTGIxUXExdHkxOE9JYjFoR051cUhXNXQzR3BkSXZLaEp5RXIzN25YOG94N0FUZjFNcHFBRXJZQ09kUzdKYWkzYjBzVSs5ZUFJWEtqRG1oWWpHeDZZM0RRPT0iLCJtYWMiOiJhM2NmOWI1ZjdjZmZhY2M5MDdjNWY3Yjc4NGQxYmZjZDAwNjFiMTlkMjg3MjIzM2Y1Nzg0ZWY5YTAxNmI1N2RlIn0=','2022-02-24 03:03:12','2022-02-24 03:03:12','USD'),('4dc872e0-951e-11ec-959e-cb6403ae8cb4','ashley90','$2y$10$zZUVcR2klP9Z.9NxOVCyq.MNriazGFS0C6FgZSI6haDDT.NMNtzGq',NULL,'$2y$10$7W6rjR82QOuZzexPPxt6j.yjfOzoYv2/lZRXPtbnOm423k/iQ1gge',NULL,NULL,0,'BWXAVY',NULL,NULL,'test','eyJpdiI6InJQYVVFYlpDMkIxTXRiR0RZTzJYYnc9PSIsInZhbHVlIjoiaWxrc3hld0l0RzBxTStBXC9Vd3RIUzBkYzBOVzFEVjJOcG8wU1RaRENrcEU5d2hGcGhzQzloNkhPRUhwRlJqN3o4TXh4UzMrclwvQ1FPYVlYSTJQMEc3ZjEwK0hRa2E0TVppK08rbGdcL0VqYk0yRFF6ejBMZSszWEt6V3hyc3R2aE9BQUNPc1dGbW11a2lcL05IaW1ad2tUSDBnZmxzanIzSFdNaUh6amx1TCtMNmZXTWZFSU9kTU1LSW1yWVE4VDZYRTFKY2JSaHlET21qYk1US0FFWVpXSjBZRWdxQzhqcWhDUXduREM5Tnh5MzVqUDN5WWxmOU9GWHJ3Sm1ZUkNFRnNFSnR2Rm84YXJ3YUlDeXRVU1JCUDBuaWpSTnpIVE4xZ05CUnBpRzFrVzRtSG53Tm5SNVRyQ0R2am1yYTAwd2IwMXl2RlJaemRYZFRtc1RFeit6OW4zQT09IiwibWFjIjoiODZhNTk5MmQyNDdmNTA0YTYzOTJhNTgwZmU5YmYxMmU3NDkxYjliMzU5MDAzOThkZThmYTgwZThiMjIyYjhjYSJ9','eyJpdiI6Imc5Q1lIZkEyU1wveitQWkZsMHVEb2d3PT0iLCJ2YWx1ZSI6Im5lWkdSMmJ4VTNHbitzcDYzckl0UERqRkhtYXdDejFSOFFmVEFYdFNXS2lUOUdDVmdsYVwvdmVKXC9tejJDS0lyWHJoWThTWFNyTis5VzZSTUJCRnB2Q3A2MTE0RVpEY0VucmpFSVlVVW5pR0FUaVJ2bUdreVordUR2aHVlRTFkXC84SHhvYjhUV0hka2JYMnRsZ2ZzM1NhSjdXZ2FoQ0xyQTJyT2M4NjFRWVB6MnRVa1RCRnp5bGVrXC85SUtPeUc5bm5oVytwclpsS0JGV245d2hqbjR2am84SFNVRnJVQlJHMVBhekhhUU1YaG1VNER4OVlBWlBGTHE1SEhjWVwvNXN4N2Jza2FQYlVHbitJZStRbSsxclpVbVlOZVwvMmJmSW5oblhEVmlcLzQ4ajhGcDJ6OWtFWmhcLzNYZHFNclNDdmErNjFZZ1RZUWFDY2Y5Mmc0TzJyaXNcL0RlQT09IiwibWFjIjoiZGYxZWQxMzhmYTcxZTQ0ZjhkMjI1MDBmYWNjMTA3ODZiOWJhYzZjM2EzM2IzYjcyMTIxZjZlZjlmOTlhNDVhZCJ9','2022-02-24 03:03:12','2022-02-24 03:03:12','USD'),('4dff0fe0-951e-11ec-aeaf-394377d63aee','buckridge.marilou','$2y$10$YqVIocQXsUIR4u6oX183BeV2Vi9arfkH8Uan3lUSK4cx6KUaSP5ce',NULL,'$2y$10$ZvNqx4cbKuoYeBXkS60CP.jkQFJLbWqHLJ0GL3eRnryR3gesTwoPS',NULL,NULL,0,'BTP6ZK',NULL,NULL,'test','eyJpdiI6InQrUFIzREZQRXg4YUlSWHlqeVZLVGc9PSIsInZhbHVlIjoiMWZzeGpjdEdiOEROTlZodlV2d2VIQlExMmVWT0tFU1pqY25RQWg5ZFwvazZrK1l5TmJORlVicVwvbUYyN2ZDSnZhRFB6cXJoSEFIZ2NDRFwvZ3pwQlJqeEx5Zis2MlFwcXExODl6NVF4YTVDOFdPNk93XC9pRDR3ODhxMmxOa2ppMnZFR2lYQVc4Y3IxT3oxKzUrTmFKaUF2ME5BcEliQVVTSmRaWG5DQ3dxUnpCRVg1RExOMXNDa241elVWRzFWMnpjWVhURjRNbEtDVGhNcEhJYlhlbzZad1I2cGhqdm9udlNzOUZ2YVFOWU9jWDJ0YUcrdzBVQmE0aXd3MStEd3ZNMTZsdkxcL2ZhOHpOQlQyRUlQRVhxTVEzbFNLMjBlZ3o2SmRPUFVjbVdyNmpTWGd4V3E0OGl3ZW8zRE5VUmN5MEp1V212ODNURGxxNHBmak03Q2dhZm13Zmc9PSIsIm1hYyI6IjgyMGEwYzFiOTg5NzI0MDQyZDY1MTM5NDdkMmVhZDEzZDViNWZkMzAxMjcwODYyMzBhOTc3NDFiZTUwOTcyZjYifQ==','eyJpdiI6IkYrMXhFTm5LTkZFblNaWkhcL1JnUUVBPT0iLCJ2YWx1ZSI6IlNCR1FNN3hmTEZoSkdqWmh1WnY4TWxOT3hrSFJOVW5wd0ZlVlIwekxcL3crN0NHbTNpMys2OUJzU2REYmJHbktINnJ0TUt3SnlRWkwzSDZlK1pTRitOc3lZQzZ2Sm9nMDBjNWtBcGVjbm9mVFpONHI3R1M5OHAwd05RRmRwRUxxT3AwT0dQSTVpVGs1Y01TdHNocDBNbGV0NDZVYTBuK0RwVHNpR1Z4Q3d0VkJSZHZER3d4K0pBN21xNHYwWEJyUitxVmZSd1N5RWx2YktLNndwMElGWjdqcVRsM2p1OHc0cmRVOEhGSGw2QnZSK1ppVUhcL2ZZZHBncjE3aHdsVnY3cERJdVVQeWJ1UmQzUUZkcnp3VENFaHI5RGU3ZTJJaVdlbmE3bU5PS05UTlwvZXp6a0Fma3hQVllWSTBMVHE0cTczUEg3VFJNdThUNGh3TEROZXI3S1hPdz09IiwibWFjIjoiN2JhZGQ1ZDdhYWFjN2UxNTMyNTNiMmIxM2EzOTMwNjlhMTczODk3NjM5YTM1YjQ4MDQ2Yzk3NWNiYWY0NWQ5MyJ9','2022-02-24 03:03:13','2022-02-24 03:03:13','USD'),('4e2ea4f0-951e-11ec-b2ce-eb35ff36a0df','freda78','$2y$10$EBwcBVFSCE3k/F04MvTNeeopvUt.VCgbAfE4IMasNs.eqxualFavO',NULL,'$2y$10$bYKg14gKcEAZVsnEWBRuQu9UZWrSsBXr1WUhA7gR3EwrUWHOp2zF2',NULL,NULL,0,'WICGQH',NULL,NULL,'test','eyJpdiI6ImQ0ZVwvSFcxeHkyOU5aeko2aUdid2NBPT0iLCJ2YWx1ZSI6IndOZXFXaFBTdGI2bGFlN0dVUXVmS2pCSjV2SVFGaGpadVFQcUFvK2Y1cjRxUzB5dys1Y0FkSW91NWpRUmYxS1wvR2cyNUU1U3JlbHBuVk9DcWd4czEydUg3eHNiXC82d1RESFdYT1JtXC9qS2FjUzBzMFMzWnVNSzROZW5IcVZWYUJ3QU9nQm5pR0hKemJDS0lBZ0FmaUlHdXdGZEZwa3pkemZvMElyZW4wdnZLckh1SUNxaWZGU2w2SWRyUEhQVG5RbVVrMTJKWXluMnpFS3RCYmY0VHlVTWFVT0FqYTRXMFhCeTVJXC9GVkJRVlc4c2U2T1lxWk9WNVhTVGdKWDJ1RlljOEoydWtnbDVsc3htODcrNnZCdk04RFAyNmVOTVUxZWI2Q0xydkZBNHRhU21YYTZxQyt2aVRLK3dYUm1nZ25ZbWRCWk0zWm1wUXM0eVVFdytpK0V0T2c9PSIsIm1hYyI6ImE5Njg5ZThiZDMyYmZiOTg3NGI0NTcxODQ5MTIzZDk1YWMxZjkwMzA1MTBmOWQ0MDI2NDY4NGVmM2JhNDU1OWQifQ==','eyJpdiI6IkNDSUgrSzhaVFZVWmFteFh6UWtqT3c9PSIsInZhbHVlIjoiK2szSHJWV01nM1FoY0h6c0h2WW9kVFBwYVdTeDRqTytWcnFmcWl6MjJPbkRzcDRWYTJJZWFUaW9ZNkkwaHdPaHZDVVA3bDlFbjJqSmtKaEJLZFE0eENUXC9Hc3hYc3JBNkRBWmJFZHZkWlRcL3RPSjJvRXVjSUJGUjMyb3Q4QjV6MXBrUENjeWxvQ1NWWDFYSm9kY0pXajBtNW5ldzhnVklLN3RpSVhZVG9FbWpodXdxbmE4eG5NdXBjcHNXMlwvbGdcL2ZMTVdJWlFKN04rbVJKcThRWGhvSzROVGtRVEtWSVdudW5xY3FJdjluXC9iekhGUEpNUXVobzBPZ2JuRWI5U2cwYTM0REF4XC9Fc1wvb1g2QVRyTkJ3NEhHNmVib0hFbTBIY2VMZzYyRUFTandieDVvWGhWVTY2UWlDNFRKZHRVQ3Y5eGZEaGJld2N6bVR4WWoxUldKYzc5QT09IiwibWFjIjoiNmMyMjNiM2VlOGY3ZjE3NzUxMmIzMTQzNDgxN2RjZWY3ZTE2ODc5M2VmMTRjZDkxNzk1NWQxODMyZDk4ZTYxZiJ9','2022-02-24 03:03:13','2022-02-24 03:03:13','USD'),('4e685ea0-951e-11ec-b692-93b4fc060863','araceli95','$2y$10$fqUtoIA1VGvbBiBJneb6xuYWNVAuFuVpPZcDt.5CVg2o/twNp/X7O',NULL,'$2y$10$iQeqedU9ts9bcgrYf7BwMuf/lvgMZm9M..ieeG4JY6oM3uDV2i1iu',NULL,NULL,0,'V38XAG',NULL,NULL,'test','eyJpdiI6IjRFVnpEbnhWc1doaFB2SGh2UHZ6MUE9PSIsInZhbHVlIjoiVjB1NXBzYkk3WFlGR05IdlZmUjJJZHNaRUh0d3g0ZzA0Z1VBdXNRQ0QzdkdwUTY4MTVkaG1jN0M3aUZqeGZybUVzNmlvWlJSRDkzVGJhVzNENTFjU0tEYVF6RWtla1lmUjhZYm9IeFhuaWVrZjVyeXg2cDltdnNTRmRYUjRQcjdRcXR5XC9CWk40UWpEZU1aTjJQNDNZdzByYTFCVzdROWgxV3RPcFJySmtTRE0xXC9CSHNqN3pYSEVDbFloWE9pTEJ2MFUwcXY0cTF0Vzk2Mng1XC9wMzczeVpqNjBDdlNEMEFEU3RRS2hFYjhLS3Q2NHNmZE1RcTNGWGZDVGZRQVh3OGdYdWEyNDhXS3ppcmZYS0NkdXFDTGJJOVIxVW1CY1lJTlpoNjdiNSs3NVVVbzViQ0crZ2JGVXdQbGhFcXgrUkQzYzY3OGRGQ1lIUDFXcmFLNGxGY21RPT0iLCJtYWMiOiI2OGFjM2QxY2EyNDVmOTIzMmU0NzNiNjU5ZDUzYTQ2YjViNzBmNjQ3OWJkMTQyOGM1YWMzYzQwYWZjNzA1Y2I2In0=','eyJpdiI6ImsrbGdReEltOXlZMGZxcmtzdXlSZmc9PSIsInZhbHVlIjoiZERiTDNOMzA4cFNRTE1NSm5MazFTZkRPclh4T1V0K1Jkbzlyc1BIZ1RcL0E0c1wvcWpnUUZaVmJ6SWJLTmh6ejVBTU5LbzA1Q1VScUhUbkQyckpNOE00MGtzQmV5NWptTzdPWFZKYktQTVg4YkZKOGc0ZFY4SUhaNjBvc3JCNks0dkVHeVFZNTdPXC9KQUVPSDR6bGdTRll6RklzM0MrQjIzWkhNYjdtXC82b09WNmhiSWtKbHNQRVNZejhGdGdnREUyNGJoWEtyNEdOYktlNTQxbzJ2SFFGS1dtWWtaRVd6MWRQZng0K3UxMkdwVzhDcFhkcTdZYk5wMzJUNWZQQ2h1ZDBkakJkbTZsRXptQ2p5ejUwOVwvZmFvajY1UWhQV3pRZ2dCcG1QMzZuTm94MTdcL1VQSjdHM0FSczE1YkZ0UGJpeThEdUFMdXZyZW5qaTRJZE9xandoaDBRPT0iLCJtYWMiOiJjZjZiYmRiZDk5N2YwZWRiMDk5NmFlZTI1YjliMGI5NjIwOTRlNmQ0YWRlMzE5ZDIyOGIxNzgzNjAwYWVkYmYwIn0=','2022-02-24 03:03:13','2022-02-24 03:03:13','USD'),('4e9a11a0-951e-11ec-b16f-25d30f51947d','schneider.remington','$2y$10$6Cz3hYo0HO.gsJBAosftyenC2mT/KtTtbm8LZx4eRg.UbvNggnY2u',NULL,'$2y$10$iqo3eOJJNcVFuf8DujWtauuy/Ip28IMsdTWFMFCqHhhuLhQ2H4W3e',NULL,NULL,0,'IGQYYP',NULL,NULL,'test','eyJpdiI6ImdXRSt4dktmVWVDQkI1SGZcL2NmbU5BPT0iLCJ2YWx1ZSI6IjN6bDQ3OUhSWWhiWXhDNno0dzJvUm1Kc0Rwd216YlFXd2NxNWJmRU9PbGNsWmVtTkZRN2NaSjhcL0d1VzdPY3h2cVlXRFJVQTFkdDdxSWZWVHp5KzJxVUNLNnN6SWcrbUpPRTNKK2FBTlNUQ0pXYktWSTR6ZDdiNjhzdERxRVBsNzBkbVBMc0F1amVGQ3BZM3owQW1aMEx3UThOdEREUUhqVkVEbk1aazlzUXY3Q0VKRmFKV0lOV095WG1aVGQyUnVKN3c1eExBWlBqYmhteXRzSDVBZ3Y2SHp6NmhiXC9cL0hjdUFVeVlLOEhpM25hT0dOQVQrbWVyVzdUOUs4a1F3cGkyclF3UFBLMUpiM29TTGFCd3NqSk43cUZONDBSdlNaWE1UY0RpRGxwRUpaNDcrM0dhZEhwYnVxV3ViWU8xRG5xbVdSaUZzZ0tuWEVxYjA4VEp2eGxiQT09IiwibWFjIjoiMDRiZThiZGI4MzdjNWU5MGNiMTUxMWJiZGQxYWJhMjM4YmYwN2Y3ZWE2YmUyNmM3NjhlNDY4ODBiZTdlNTI4YiJ9','eyJpdiI6Ind1VGswazRUUkFyUEIxZmRON05Uamc9PSIsInZhbHVlIjoidGR2VFdIY0NvdU1iSGc2aGVyWk9wZlErMEJnZTFZQkJ2TktDb25YXC82XC85XC9WejFvMFwvU0ExU3IxRTlEdFdBZk5VSmZHeXV1TnNIZW03cEx6cVpWVlQ3aDBZRVBkbmRqOXlWa1UyTHBGQ2I2cmc5OGpMbDNWenBFaG5HUjdVdE4zcVBNTGZON29SMkFWZWFGa3hlTWVnbituRTZSVUo0WjU4NFNFUmQrcHNteEVRU3QrYUlJMkt0NGtIaWFzYVpHc3NTcitLY08wSzllYVN1SWlQXC9US3B0V3ArNkhpa1A4QWxMYnp6R01vR2ZUNkJMc2hcLzVPblFOTWM4Zk5QTExINXR4VHlHeTQ1M2lGV1NPMXhDRUEyV2p1RUpFWHlhVVh1ZkxjM21MODE1alJnR3E1OHdvcDdZdlptTHRwdUtqTzNcL0ZSVGV0a1BmV2JvaW9HMHRBN1wvbVE9PSIsIm1hYyI6ImY2MTg0M2U3ZTIzNzcxZmIxNTM5NjJlOTFiNjYyNDU5MzFjYmQ3NGI3MmI4MGNkMDA2NGQxOTJiMTQ4ZTBjZGIifQ==','2022-02-24 03:03:14','2022-02-24 03:03:14','USD'),('4ec96740-951e-11ec-908a-dfb4c6cda93a','glen33','$2y$10$4kqeYCtOz7KIyqDTotCG.uwaEjSdmVTFwPS10Z0S3bbeo4eFG9RPe',NULL,'$2y$10$S6QycjYmjUPI2hhA6D6wm.HnkK5QHY9DEFxxm1k1SrSYWfLiU7SxG',NULL,NULL,0,'IDHONQ',NULL,NULL,'test','eyJpdiI6IkJkMGNwMHBXNWRva3VCZVg3MWVDRGc9PSIsInZhbHVlIjoiV2MzSnpuMWN5YkJYY0Q2YjltbzAwUkpYeHllZzhUbmhaS0hvdTlqSnNBeWViNnJIR2x4eFkzbzB0M0VwM1EwVGxOUDJRYzloVnhBaWFXUGd2bGlBZU51dHhoa2FWdERUNzVPQlg3TU8rSzJQRjd0THg0ODJnZWxScjlmMGxTc09nSHhKXC9zS2xwZ2c4cWFmckkyaTVLeW01U3VOalBEWDkwWWhNZ2V2eFZZM2Q5S2pnY3lOWE9oRExoc0Nzd1pHNjBQMEtjUjY5MVhvMzRMNnNFVTg0QWFqUTVNUmh5VjA5QVZGSTZxQUZIMEoyendORGlORGFDT21yYmlaRzBhT0FcL1ZURUlXQTdXN3g4TzlnY242SkhkYTh0NHcyS0I5RkltWUFzY2E4TmhlUlNMcXdcL2dpcFV1QUZZSksrQUhlYkRHYjNGSWgzSXYzNXRGc3kyaXZGTGZ3PT0iLCJtYWMiOiJiZGY5MTZmNDg5ZTljOWQ4Nzc2NmRlMDkwYzMyZGNkNjMxM2FjNTJmYzIyOGU2NDI4Zjk3YTM0OTRhNjkzNjA5In0=','eyJpdiI6IlEySitjanFVRExiMUtSUWpOR0ZnT2c9PSIsInZhbHVlIjoiZlh6dzFrRnpDVXBBcXBJclEyVXlhNVlobnY0aFJqcVE2S2dud3ZsNnZCSDl0YUlOUVNoMFV1RTNSWXBZaEJ0SnJyYXFiXC8wMnJUOHNNR0IwUm91MnU4bGhacmh3T2phZnBTWmRXU2VoTnNmczVBRWtRUzdJMzdKV0pBVDVDaWJUZ1FcLzdxT2ZWWFhOTWdpeElkM0VXQmxDZTRMeUdTRlQ1ZnAwZGxRTE5sRDJ1VGxiKzdQNnUrUzJJeE9Ja0ZZZGxhK3JXOVREQVY3azltNWZnMFg5RFRNbU1MVHd0eml3RkRWMDA1Mkg3cUlFQXFhXC9IdDVZV2lGNDZ4NlwvOG13UTNLdVl6SXdSVDlwWUJyVGxjWWhPbTRjSFhXWlhlb3RiRTA5cU1BdGZVdStSWVJPS2VSbUlYbStKRVwvckF4MTRIOHhFWjBvSTBBeHBqM3ZvMTRaRFwvUFwvUT09IiwibWFjIjoiNTg1ODU1OWVjODg2YzI5NTFkNTg2ZWNmYWJmMDNkNjE4NjJhYjNlZTM3NWUwYjIzMTcxOWUxNjkxNjk2NzlmNCJ9','2022-02-24 03:03:14','2022-02-24 03:03:14','USD'),('4efaa190-951e-11ec-93a2-af79d7132f64','koelpin.nash','$2y$10$b4TQxYOwdl12Dr/DGX66CuKcZo0uW30tpYkeCR4Hd6Aaonj3iSv1y',NULL,'$2y$10$qIBtrw6hnL6adpePXGB8He1/ReN.xizyedZAfKlGLasvZhMHQ9/KK',NULL,NULL,0,'XL3BDA',NULL,NULL,'test','eyJpdiI6ImVRbVJiaW9hMVBuMUpoVE1KaCtrYkE9PSIsInZhbHVlIjoiRGNwK09WR1NFV1RqbTh0ejlJaUJRODFPUGtcL28yTlJweU9rblFLTUtsQUcwMVdPVFBcL01qQUhqbHE5RVI0eGw1TTk2eTlhdmR6c3VTN0hcL0VaRVBFNmhaM29RVW1sRXJUWE54RUNWc09CRWllWEIrMmNGSTNjbFl4amNzY0ZYcldPZ0EyNGxxN1wvZVB0aG1BSmdIY2dxeHNvVlBZa1NZWDM2cktwN2dGZ0lxeFF0V2VUbzdtWjVZeHhiUStrS0w2ZjdsRktPQnZDazd0OEt1KzFjTkkyalZyblRSQjJ1ckdBVlwvMXowaHI0QjJ2ZWRvXC9EYUhkbnJzdGljbnJIRUg2a3RqSzdCVTdRQXNIZ25LQUplRENzVE9ZVmFTcW9tc01lVE9LNGdOa2lQNGx1dE9Tc0pHVEhhYjNmM2ZDREpVZFNEbElRQytEcnBGWUhzZ2s4XC9Nb0g0dz09IiwibWFjIjoiMzBjYmRiYTYwMzE2MjQ4MzlhMDA0Yzk2MDNjZDg2N2E2MDJiMmQ5NTc4MzJjMmY1MmM2ZmFiMjY0NTJlZmUyNSJ9','eyJpdiI6IjBaa2l3c1Ntem5Xd2lRMkJLSTZoOXc9PSIsInZhbHVlIjoiQ0hBWG9LMjFwUjFBRjE1dUpYbGNSejBMRGZwaHF5YWZJdDlYeW1RR0t2SUpJTjU3S0NZVkhOblV1TGlmVHF2blBjMGpnSUxIZXJoZWxWcldZQmY2aU1JTGpcL2dFYlFrRngra1UrVTBubFBXNU5vVEhVaFNYb2RGZ051cFVqOEtRNnh1OTA5NWE5elBNa2tiWXUzcDB2cWpLcVNsSTE5WmFHalRaUThBa1wvSXl3Q0dYbWFCTWtsdFwvdTh1VG13MnZSemNPbnpcL2oyR0Frdkxzdmx0QXpjeUhUN2IwdTVvS0xramZ0endPZmR0Smw0cHNIXC80YWFtNU5RSjBSODU2ZmlkcGltMkY5U2JDYzFmQ3NqeENcL0dQaGsxazN4VWxLOEltc1JQTkplZkJzczE1YUV4VTN2Y2VpV1AwcVdrUVVkUDZPaWI2bXRWRTlBRExTWERmK2NGaDFnPT0iLCJtYWMiOiIyNjMxN2M4NTAzYmFmMWUwMzM0YjU2ZmEzODNhMzE5NTI4M2IyNGJkZTc2NjNkMDA3MjQ3ZWY1OTE4NDk4NjkyIn0=','2022-02-24 03:03:14','2022-02-24 03:03:14','USD'),('4f301be0-951e-11ec-8a5b-2564775714a6','lavada55','$2y$10$F8yie6ezqA8MGAXi14gwj..FaZKyq4ej.W/VdFXflqJQ5e5YY7Pb.',NULL,'$2y$10$tsXqv0u7srHd0zUuQ20xe.gV4VoEhdkygCeZwY82aY4XqzNf5OKHe',NULL,NULL,0,'YKSYWZ',NULL,NULL,'test','eyJpdiI6IjdJa1EwTTNqbGtpZkZsR2pGa0k3SWc9PSIsInZhbHVlIjoicUlSanVZUnEzckpjOEtvYnM0Tkt3SFBaaHBUb0lxOFwvXC9zWDdCOVUzVHZsS1VYUXR4aldKNHJ2TzhyNTR1TlpjbnFkQzV3OEZIXC9jM3ExaGR4VFVIc3UxNzZOT1JHeVBQcjRjaEdRZWxlSllMQjdcL0hLRWVVbDZSXC9zS0NzaUdzWkg3MitxdmVHaFFPRGtcL09UOGpSRnN6V3VkbEdDU1RDYlM1SisrVytnWUNPM2lvWUs1TW1hRjY0VWlvMlNMY3c3S29kXC9MZnVQb0RUS3pGQzhDbE9xVzdxQTBRK1RXMWlUbXRLQkpjRnNMXC80emVPallFMHQ0NVdUS256KzZLbzVLRWhicDlRb2Rid3ZWT0xJZFRIaG92RHBxYnE0NE5henFFYlI2V1lIeEtnSGptVXQrVkpnTkJEY3VVWXJEbk5SUEdldTBcL01MaDM0cXVBXC9aTEI4UDU1dz09IiwibWFjIjoiMzNhYmNmY2MyMjE0Njg2MGJjODRhN2Q3OGZhYTNiMDNlOGYzYzEyNmE2NWY2MTg0ZWY0ZjlkZTA0MTEyOTk0NyJ9','eyJpdiI6IkNLRGdWVU8yVmx6ZGNheGowdTJxdVE9PSIsInZhbHVlIjoiWGJaU1pVNEcxUkNOOGJIdHZqMWRMdmh3S2RhS3NNeUczRUowNDlnbVwvcSthMkpOdTh0ODhpXC8zRmJwXC9tXC95UnJqcTVBN2Nmem15VXlcL3dTVXJEUW5BZXhcLzNCNTh1UEl3SWpabUpcL0tqc29sVmNjN0k3YWJLaHlNUGNBblEyYWhmQVFxV2xuUWMzdW1SQVNObE51QUxFQ0xFd0lBc0NUd0l0Rjc2XC9sOWE1VFFKNlhwXC9hY0E3NisrXC9GRmh6WlNpMGxrRTFSUFg5OFhIbXJ0aCs0Mk14a1d0Q010SDIwTkdlUW9RUkdMb1VCWW1taWsxMTdCQkIwdGxwQXBVSmNyd1YzVU5sb3AwUlByWXJBSUdBQnVcL2dSSG12K1cwUTB0YVNjRVBlXC84WWY4TjV3MENVVDR1SnNXTnJtUkVKVzI0ZkU1R1M5c2NPVTlENTB3SXZCRHFKUlJ3PT0iLCJtYWMiOiI2NTg0OGYyZmIzMzIwYjc0MzE2NDNlNzliNTFmZDk1NzU1NTk3MDJhNGQyOWU0NzNjZWY4NmRkMGQzZTRhNzJlIn0=','2022-02-24 03:03:15','2022-02-24 03:03:15','USD'),('4f5ff180-951e-11ec-b01c-7749d6c78b0b','alek60','$2y$10$Rm6KiBjslf9fVyvDxgBb6uZtVGfjl4.RPQFG96HljNTwlntylbsRy',NULL,'$2y$10$OLQlIgyMW2TUR2CCMAwHIO93RPcSP69V/QhJXyEpU.RJZWU0ftTwe',NULL,NULL,0,'MOA6C0',NULL,NULL,'test','eyJpdiI6IktlbDdtcko5aFwvVzNJMXl0a2RQQWtnPT0iLCJ2YWx1ZSI6ImRJM2RZNHhncGxUbG9UR2lrYms2eDFsbElUQmVXUFZjbWFTQlRIRHR4MVQxY3dNM0NcL29BeExwNE9zb3V4KzlqZ29mRmRhNVNMS3ZZMzA5WU9LWXdzc0VrcmVuclBINTRqdDhRRGFPa3BDUVNDQWMza3A2cndRdkt3RVYzVVwvUk1zenhScllZcjhJN2YxSXlFT20wamYyNGNxdEozWlhCbHlrdTVrOWFySDNtVjlseE5kRk90S1wvaTdoNDRBdHZIeWh2QUZmTzE5MGt1Ym9JblFhQUJ0Q1NiUU1hRmtjbGtvb01sSERoT3gySlNYZk90YUxFR1Fna3dGYlpvSndUN0ZRc1NTV1BCYUZTWWgwVU5hZEdGdk5tTG1CeUVabUVGU2RHOWI1QmtveGxqczhsNTFhUWxXbmxYTFdxaHpMZmNKZUkrMENFcTVcLzVncjZnajZYZGIzbUE9PSIsIm1hYyI6ImQ3NTFiODNjNDYzMmUzYjExNTU1ODIyMThlN2E2MzRmM2Q5NTlhYTQ1N2Q0MTYwNjk2ZjRiMjE2MDM2ZGRmNDMifQ==','eyJpdiI6IkRUVFVFWDl0SmM5NVwvVHdqN2h4aWZnPT0iLCJ2YWx1ZSI6IkM1R1dlT1YzMXpTYXJVMmlCM3ZFTGpxdE1LeFEzd09JWG5IeW1lc0x4YWNLOWxERVZSWmYxR2FSbXJFaUpWYXkrR2EzSnhMTTgrVTNNRjdDTVJuQTcxVXhCa3pObTdvNU0yYnhndjZIVU5ISjgyeW9kRHNTc2IxYm1KaFV5STBnaVJTWExjVndHNGVKeCtCMFA4WEdabkJqREdab3p1ckxSNzl1Vkt3d2RzSFNLSU40UVRPUk9CdTNwMjJzd1BZc0Z4XC9vWGlVWE1SRk9vRGxhdVdoUWllR0NzR0F4ZUpvRFJ6WHl5TGhqSDBcL1E0bWlHTWE0bmhPWEJ3ODlQcVp0aUF4b3NKWjRRdEdXd2U0VCswNmdnbk9oUkJQS203cUxCdzEwRXNJZWNkV2xmbEdnekxHSFZCYWI0Y1BmQ2NRTGhSZEVwYTNEK004Zzl5QmJFM21ybHp3PT0iLCJtYWMiOiI5Nzk1ZmY5YzU3OTQ0YjRhZTIzZTJlMTBmNGIwMGE3NjU0ZTk5MzBlNWJkMWY4NzlhM2YzMWYzN2I0MGQ5MTdmIn0=','2022-02-24 03:03:15','2022-02-24 03:03:15','USD'),('4f910f50-951e-11ec-9981-39deebb65fa0','joshuah.stiedemann','$2y$10$sthRxD.J4SFXI7RJeMfiyuY6Kkn5NdtFUF/5PKMFxkF1FBo9FH86i',NULL,'$2y$10$puw0Gtd80HXR3FnOBAsD9.amFpakdbiK.h89m.hPC8w.tPTRkm2au',NULL,NULL,0,'7ZFHQJ',NULL,NULL,'test','eyJpdiI6Ijltd1NZeG5vRHhBMHRMZFJFeHlJTWc9PSIsInZhbHVlIjoiZWd4SE5sK1BaR1ZpXC82dGVUd0pFTFBaTWFyaWhkQ1l4NGVTUGlGelcyUk1mb05CQ2NYdExuaGoyd1JDc3FsbGVOUUVWMzh1YjFmXC9PSGcyempFMG9LblRWa0gyV2xEM1pTUXhFQlRsTlFtcDlrMFdHemhoMmVPVXpuZGV3U3B1a0NNN0g4bGN4bjgzdmNBeEJKQlIyRDBOdHNzUzA4TUZ0SERtc1JtZGlPdCsrcGdsK0paODZVUFFtMzBoa2N2SFZWNDB6Mm1UVTRVZzB0MVZ2N0U5eFdaUmNxUkg3em0rT0VzT1NpOUE1UXF2SlkyXC8wUUdYeHNcL1l5N1ozdkNTa1pmWXZCdndBUWVJRUwxT2d5UlUyZHNNK1h6NnJEUjV6QkNNaUhrQ1lNWUkwTE9VU3dja0owMW9IVHoyUmMrMlBueEtFcUVCRGNaUVlramFoalFIMFhidz09IiwibWFjIjoiZjIyNTBiOGQwZWI1Yzk5OTFkMGU3MWQwZDNjNGUwNzY2ZWRmYTA2MjIyOGRhOTRjOWI5YThiZTI4MTg5N2U1ZCJ9','eyJpdiI6Imw5MnZPbzJPVXN1RDZXeUtoMGNrRlE9PSIsInZhbHVlIjoibFF3VnBlM0l3SXlqdXhSTFg0eTBcL3YyU2NrZCtUM2VlSmsxcW93aFd0dlBXcGxNbVloeTRNTXNadGIzb1NCRkhLN1BjSWNaNFY1V1NNc0Qzb3VuenVSdVpEbk9qZFBCalN0d2ZkS09KUTkwRVQ2aDRvZEU1YnF5VHBhN2hEUEpOa2lOanVvRnBcL3RRa25CXC9VYXBMNDh4Wm96cFJRb1c3U0dGYkxFazBVZ3JRdXhIMklTV2VXamNGTFc4enlLZkFObERWYVdHTldZUEMzcUZMbGxSQnBzZUZ6K0RIU1p3bG5UVEs2SHlSM29Nd0d1NDhabkRtdGQyXC9HVDZGN3VVQ25VQlBwbXF4eTZDR1RIbnVveFVaTzl6KzNUOE1ocWo1cjJOWnhVbTY3TnJcL0p0OHV5YzZWRGQ3RzRJZmp2Uk9SSDFcL2dqRnoya1VtSlM0SWxFUVJCYlVRPT0iLCJtYWMiOiI1ZDI5MWViMjE1NmM1OGRkMTE2NWUzNjZkMzdjN2NjZTEzODkxN2I2MGU5YzQ5NDYzMzg1ZTdhNTQ5N2ZlN2FmIn0=','2022-02-24 03:03:15','2022-02-24 03:03:15','USD'),('4fc16b50-951e-11ec-ae19-1b8af35c71ed','hrath','$2y$10$sbTsaP.MVV.UbpWNjze3FunG2msfvKUQSTVCr3dt5oyUSzUbPtRYm',NULL,'$2y$10$TCAdVTt4J6.fLI12vjI44.6MHrBONfspvzcol8lRXVin9CbEqotdi',NULL,NULL,0,'R35BJW',NULL,NULL,'test','eyJpdiI6IkF4R3Bib2lsbklHaWtBYStPUVkxeGc9PSIsInZhbHVlIjoiUFRcL2FmbVd6WEJRR1B3TnpYYXNXTURSRTZrV2JERnJcL29KTUpnU0VEdVNHazRBWWJtZk5aWFpHOFRkU3pndGNUc2h2RlgxRWZ5YmduRzEwOFdQenFlTGpuczduOUJBa0U2bEd0aW5GXC9xNzlyN1wvM0FTNVJIQWpsNERHeXJLYXVib0xHb25nTHVucW1memRlR01lUktiOE83dzFlWTljSytJemdJaUxRYTlVRExmY1FlV09nSkRhT0RcL0tBT2tKRDV0Mk8rcFByY1dhWnZCUkJMUnc5OTRWVWNZZDZFQmJwb2lBeWhGN3dlVG9COVhOaVF1aWV3MSthbytINTZpUjFIeFRSdm9aTVVZV1F2bUZaUU1SQmUrRk5Ea0o1NzVUTUdORkgyWDdoYkhXbFBpbWVLRzhLY1ExSkZZVTBEZ05TY1NKRUZHY2s2c3BabEl6OWZYaDN4OHc9PSIsIm1hYyI6ImUxMjE1ZDZjYThjNTYzYmE5ZjViODgzODYyYzc0N2VkMmNhMmQzYmQ4MTE2NTVhY2I3OTRlZjk3M2RhOWFhMmMifQ==','eyJpdiI6IkFoV3pleDRGbWozbGp2dlFnZFF5dFE9PSIsInZhbHVlIjoiRzE2c2RrUmNQUXhZaFwvMzMyVTlTeU9nVGc5SWJJQVpLSHI2WngrNm5aaXQ5bDBVUjZQV3E0UzFBRUVWTjQ0alN2Qjhla0VqWkpqbnBXU2ZFUWZHUWRId3VjNHFyTHMzWGgyZ3ErSGJwcGFXZmlEWWxYN1dFaTM5b3pUd3FhSU5qQUFheTRtVlVFU3VadUpJMnQyU0VDcTNqUFhqT1BnZnorYXJqcm9VQWlGTzhiaUFsb3ZoTkJGUmI1b3htTWhRcWpOYVRNYnIrVE5NRFdCWTA0Q1pBMHFFdjBZNmo2c0lCaHJhZ21Rd1Vwdzg3MEJQcGtSTTRcLzFqTlJnOHZOM1V3bDRjbHJ0dmswNGp2azlIR2I0N29UVGM5SE84SHkrZ21YUUhZQmJrM3R3bHVcL2hzV1BEVGo5NUM5RHlTbXorRytHQkxOVno3OUdmRVJVYml2RFwvNldOUT09IiwibWFjIjoiNjUzYWJkNjcyZDc3Nzk0ZjBiMzYxYTQyZjkwZTRhMmE4YTY5YTI2NTU4NzI1OTZiMTk2NTM3MDRhY2RlNjQxNSJ9','2022-02-24 03:03:16','2022-02-24 03:03:16','USD'),('80842030-9563-11ec-9b92-2d547317deac','fagboy77','$2y$10$laQMjZDfPBoADqwcYwKVWuxlMsUhDNSj.6jKZF49Mm6JygM4bqaQS',NULL,'$2y$10$FFaSnhn2OAcVrIsnZrQ0K.RANAHVy93gvcebyn3Gsy/lSsypE5qku',NULL,'2022-02-24 11:18:47',0,'5DD61U',NULL,NULL,NULL,'eyJpdiI6ImtkVEs0eTVmRWhxSlhWVkppaWZkYkE9PSIsInZhbHVlIjoiQ0hQOHVLOTZtWWhrMkozOXExamtSWll5dzQ2YkhEc2F2c1NGYVBaZHhNM2dFNmo3UFI5dHhGc1RpRFdEQmd1NHpIYXNEMDZNSzdtMU10QzdMb1oyXC8yMTc5MEFEd1ZnbE9rRGlMUUJ4YnVlTnZ1Wm1zNU1MZDcrREhOaVozdU1rZmo5SzZmenZHMFk1QWpIdFhUYWNkXC9mRXhrclpXXC92OG9NczRQT3Fwd2s2RlpYN2QwK2RmWUFMQ0RMcGhJNTJFbEZyV1JcLzVYWEhQdU4rdmlFV1JZTWwzZmlNS3c0SFl5UGVYOGFFYWpQVFZBTW9GTFwvMTdTenZSaDl2Sm8xbCtQVGRxWXJKVlRLQkwwNm8zU2xLRU5UWVJWb0k3V3VkT1oyK1k5cURXUXZ5dm9jMkxRUVhScUVxXC9xaFdRb20yUVZuTEVSOUpHWVhJU0s4Wnh3T2s3MENubmtCMXhvWk5RbDFyMUtqSEM5MXdFPSIsIm1hYyI6ImEzNzU1ZWVkMmJlNDc0YjIwMjFjOGU1NDJhNmU1MDYwNGRlZDFmNmJlZWZhYTI2YmViMDU2YjYzMGI3YjI1OWQifQ==','eyJpdiI6ImNtMVpQZEt6T21cL1ZHczZtSEVFODJnPT0iLCJ2YWx1ZSI6ImdFMHhuaHh0bU0rVUVBcHFNWmxLVll2dyt1SW1aVmdWTTBmTlI3R1laUDVPSVIzc1I3MFBvRFY0Y3NnY2tkcWZvb3JwY01takFHeGozRlVMSnhSemlGbm9NcGFNcnlydEF4MCtkS3oyZngxVVNhdU5DYTZuUkFRQmhoNVFmdllGS2hwdjhvcXR2VHEzOUM0RUgrekd5cFJHK251dFhDN1dGN1wvTk11V01Sc3NRK1hid3ZjV01TTFB4d1BleTR5OTdFWEc4OU5WTmNRNTJnVHBrb1RXYWZQQWRRRjFtSlVsQkxlYk56QWpwbkdMbFE0UHNqWks5SGNcLzgwZVlOK2J1Z2daWHBQZEc2bVo0NHgzbUwyVkcxM0gzRGJBTE1JYlIrSW1Vd3RSRkVmR2JUR25nSXJiS3pIQkZQXC91QkxUTFVvRituUVZ6UFNHWGJXZGRzQnZKc1wvcVE9PSIsIm1hYyI6ImIwYzA0M2UzMTJmMjEwZTJiMmE3ODZlNzdiNGZmOGQ4Mzc0ZWUwYWE2MzNiOWI4ZGRlOTY1YjYyM2Y1MTQ5YTIifQ==','2022-02-24 11:18:33','2022-02-24 11:18:47','USD'),('d15f72b0-9554-11ec-a5f2-47545ce231a3','user1','$2y$10$sFQSK.lO/mbuO38HQySz0.eIvfdjiCmLE6voLxX7qZ/IPEvCFX9K.',NULL,'$2y$10$lKl8scSqWvX8TpK5K7J1we95XaTCr1tXKMCbjPri6gDbikF7MtgTC',NULL,'2022-02-24 09:33:45',0,'5KGZL0',NULL,NULL,NULL,'eyJpdiI6IlBxODlqa0ZFRXNaakdJRlVoNjRvWnc9PSIsInZhbHVlIjoiM3JvYTZldlwvYlJ6cVRrWEUxUytKZ2c0cGtmMzQ0WVg3K3RYdm5uT2NvMGU0eG5wWWQ1eEN0XC9JOFRtWENCQVwvTzJvTG5yRXhSREluSWZ3eDFySjVieVgzWGhoRURzaXI4VTRBWkNcL1ZXekxNMFdOMDMrSGlmT3BwcWtXeG5JNk1pYTJXOFNXbG5Bak1HRGhpc3l2SWZTSG9BXC9NYnU5MGtMdmc4Q0hvVlpxR0hhaDNhMG1aV3U4b2hFZSt1K09HUGFWaFA2cUdqakxFUm5IMGpmcW5sR3lWSmNMVnpSbFpzc0dCWERzbEhVRktTaW9rV2xwNVpvN0ErU096V2gwUGt6RVN6eTVDNlc3MXNJTHFKeEdNbVFUYlNvamt1TUlqQTFSZEFMcG9UXC9DR01xaGgxWm1zQ1BrSm9XV2J1bDhTWHhrYmRuczNOVzBKb1Q5ZEhYUWYwd2JRPT0iLCJtYWMiOiI5M2QwYTgyMGFlNTk0ODUzNWM1YjhkOTQ4NjcwMDE4OTQxOTQyMmY1MTA0ZjVjNGMyZDM2NzZlMmI2MDVmNjM2In0=','eyJpdiI6IklDNEZqZGF1SzRsdmRQRjdvdEdcL2Z3PT0iLCJ2YWx1ZSI6IlhLU0E4YzR1MlgzYzduQzBpdFwvNlFVZnd0Z1pubGRJVDdpVnowcGtKYm9ZSktQeWk1VnU2SXphWGk4MklXSmZiUnRlWWpPVmdVK1g2NVwvS1RlR3dXcjJiSlprajZ4NWVteG1iRlJSMkFQUFJ5bXpKZlVma29tQUFzYWdUSlJWNGpja0EwVGFOWFNBRFhWZkhHWHI1MzJuMU91czNQcE5ZemsyWVorUTBNaVpyTkYwOTl6K2dXYytZMFRVTlwveG5MWk02SFVwajlBUVNpSGNnRDBJSmoySTdHa2hWZVRxcEU2RnQ0UElYS3o3UGJGd25KWlo1WUk1MUppZFZVNGltMkFIOEtxWWZjWTd3c3llQ21tanJaTUdNdWtoN1QxbUtiaERaaXJTOTBCaElaZGo4TkNcL2pDOUxGMVhGeHEyVFBUM3c4bEJVcEc4bXJxRWVTOXYrWHNTa1E9PSIsIm1hYyI6IjBkYjViNzA5NDcyOTk2NDI4NDc2NzgzZDBlY2M4YmYxNjlkNzE2ZWJhNjgyODc1MDUxNmYyNjk0YzBjNjU2MzEifQ==','2022-02-24 09:33:26','2022-02-24 09:33:45','USD'),('f727dcf0-951d-11ec-ae67-57aaaa0d01b3','buyer','$2y$10$YOfPPP0UZLhIGBkWTEq3OuHHnYvfJjyQkAQjOeN6J7Due0NP0pG/y',NULL,'$2y$10$P2wpzqGcRiOh4uku5y3r9e/01Ybasu1cYSZDBA9kTPyRh6KVqTrxG',NULL,NULL,0,'UUF7NZ',NULL,NULL,NULL,'eyJpdiI6IkhIUk9YcHdpZWtiNDR6UWxYWjZwWEE9PSIsInZhbHVlIjoiSUVDZkxPSlpVVlZkZkUrWE5QR3FwSDgxZzNrdXA3bFd3aDF3RGRLUGFLQWdGczV6UUE1dzM5OWVrZkdpY3RMVmFudXB6U1NocUN3cmlrTXV6OE9HS3BCWCsxOXREU1psQ2pXenc0QzNXaHArbTN0XC9LNExPemNWWUNNM2dIdEpuaGlmdktHaWRMODVMOUFha2hKSUg4cUQ0OElJT0lISGppdXZMa0RrM29DbGQxXC95ZTJqcXRZZTRCNHlXbFwvQmJhVTA4RjErcHB3Umo5dkVKQUdDSEliak5uNjc1SlJGSklZSzZpeEZ2TTdFb0JORjZlWEg5Q0l4NDJkYmlcL21DQmZDb3J0dzJvb3NpQlo4ZmMrdHFMbGZXeGlsWGdoVVZoeWNOaXZabWVMUmlIb0JLK0tzeWlDRWF6WlFMemhXTU1YN1RnXC9KT2hXWDZ3akh4XC93c0Q0K2hIa2xhcDZrNmNtR2hvbWZ2S1dVSGJRPSIsIm1hYyI6IjlmZDUyZTQ0NGUxYzhjODQ1NTMyMjU2NDkwYjVhYjE4ZjNiNjdiMjU4MDdlNWM1Nzg3NGQwMTBkNDA4MDNkZTYifQ==','eyJpdiI6InAzc1o3MzlVRjJqV3ZCbWxOZTlBUkE9PSIsInZhbHVlIjoiKzFNbDNzZitGdE0zNmxkamJtSWROVk1LNXczNElucU5FZVFHbE5SWVZkUUlGaGJzXC9zdjJNRTFDSTJ4dTVZc2M5RWVJTDlkMDN3bExjdm1CYUhaOE9EN1NISGlDM2ZYTWc2a2FJZ3o2b0FPc2VJVyswNytBSnlvRGh3U3NjYUFnSXNYWU1LS3B0NXppVWV0S2dRQ2hxZkhPSzhaR09TZEFQdnlVMEc0aDd1cXpicXhRdkxRclN6OEpkbUN3SmZIMkNpbWlXMlBtNlRqb3dkMzI5QkpoR2t5VlMyc1wvOTA5b2VRNXl5Ym50VGpaM1Bhd1FMVmozcG5hclpsV3ZmblZjcWFXNHVrQXhkOVwvS1FDU280VG50RGJTV1NHY1gwbjEwd05rMW1GZFo2NUJabjE2amJWQUJHajB6WGNUQVpOdGZIVWU1UjArYVROWlR0RVZvVDdkS2pRPT0iLCJtYWMiOiIwYjU1NDkzNDMyN2EyMDk1Yzc5ODU0NmZjMTEyYTQ4MTI5ZmVmYjAzYjc0MWJlNWJlYjc4MGM1ZjIzYzNlM2NhIn0=','2022-02-24 03:00:47','2022-02-24 03:00:47','USD'),('f96af970-951d-11ec-8efc-a1c1d5aa29ca','admin','$2y$10$aodAV/y/YkzPEERbi2S6iu1PrsoLnMLEE4pROvs6.qI70vQ.yLceO',NULL,'$2y$10$.6bhtRQKghkpo7HcsxROfez6fg9C/Ml3wT1RCze50tFUju6Lq0Zhe',NULL,NULL,0,'UUF7NZ',NULL,NULL,'test','eyJpdiI6IjFvZVArK1ZIZmJUcTdBa0pwUW1SNUE9PSIsInZhbHVlIjoiZjJQVGhEb2FuQkFqV3lcL2hXSlBXRWhFdEJ0VEJMTGdjbVRHTGpMbEJMWWVHdFcwWE0wNkMyeW1wRld2NEFlR1IwYkhrbVltNUlOQWJFdmlGblRjWVZhQlgzZlBYSmNHRTZzeTByWlUyRjBYN1VPV3NcL3B4TlwvMUhEQU5zOFJXeHJcL2lXWWhNQ1k3MjFvdHRSeEhJeVRMNjhFOGJ5UDk4WkFEQ2V5ZjNYMlpXVFRpc3JrMHJHOU01ZEFxc2R6YWhEeWFIZHpma2g3eGNmaDFBOXBpXC95blJ0M2xzSnVxQnlrUjlcL1ZLWWVSTzRZaHFzVjdoSVd4aHhIaVJkb1ZnOVhYRUQ3VUxOa3EzTTJabVdGbVwvcVJ2MWs0SFBGZm5rdlNwOVZvWHpqejBuQ1BaZlE3SlpnVThOZzY3b1FaSVlDUFF2bllhXC9leE9NSyt3aW9BMll5SVl6Unc9PSIsIm1hYyI6IjU5MTRlNjY1YjczYjA0Y2JmNDM5YzUwNzIxNmFmZWVkMzgzZjFmZWI3ZWYyZTY4NjEzY2FjMmU4YTRkZmFlYWYifQ==','eyJpdiI6IjBZUE1TVjA2OENcL0VlU3dIY1Jwb3pRPT0iLCJ2YWx1ZSI6IkxGZEVQRVRDemRCUER5MDl2Tk9MNkRnU2w4QVVzM3pXZzJMUUd2QjkwMWdpK3lQTWFLY2U4OUljcXJzQm0ybUdscjJoVmtrck9lWVZpTzkxaVpLbDA0Zkc0QXRSb0hzeXhnT25TeVVHVkRVQXlDUURDSHREdEoyZGNzZUpMc3RRUVozMmdXeldkeUQ4ZThFUUF0Umw1NURYOWVSaThoRnBXbWE1d1dyT0xlZEV2THZmRVpxd21TMzc2WmZjTnZOUkVnMmliUTVYdGRFWjZUSE8yb1U5RG1ROUhuazk4bm5ROUZuZ3V0XC9KblJES3NZT24yNmFXSjd5RWNnbzMwcHFoTndUOUtvdm9lTDBJNlhqTVNVRm1VWjJYKzB2RDNRWnM1TVczWnZLeExsRFNKcHg2bGxmYlhDVjNYTTMraytYMDdrWWo2VjhZdjI4ZDYrUEljaGRndHc9PSIsIm1hYyI6IjY1MGE2ZDVlMDRiOGM3ZTEyMGNmZGExYWNiOWQwNTc3Mzg5MTc2ODMzMzdlMTZhZDBkZDc0YTc5OGFiNDg2ZDIifQ==','2022-02-24 03:00:51','2022-02-24 03:00:51','USD'),('f9aea3e0-951d-11ec-b0ef-7952154df8eb','mckenna.satterfield','$2y$10$rgv49zZLw4K0xJZI5fE1EeNApCThI5ITRdFiDbn1lrGf9Vw6tWaTK',NULL,'$2y$10$5sPTo/0cLp/CeIFfNC4Dmu9PgBRuldv4xgROsSsdkbej15H7MOoVu',NULL,NULL,0,'OHNIND',NULL,NULL,'test','eyJpdiI6Imt5VzNZdVBzTzhzR1R1U1JEdDZhR0E9PSIsInZhbHVlIjoibzVWTWpha2JsOGlUVUFvV1Y0eWhTemxwRWJGYVU3MWZ0cjV4cjFSOVUraUxLVHJieHU1dkh6Q1wvdUNuRnYwQUJFSWN5d1UyMDdQZmVQWVh1Rnh3RVJoQXVHZit0aHhCWkZLblFaVTRJMXVNcTFvUm5MeTdoanFEXC9ieU5INjZTcktUcDNSRWpqS1lwMU1PUFZ0NE5QTjArWVVITkhLdUlvR0tYMUZ5U1pkR3dOOE16dFVYaVdzOFBWb0xYSUVLY01qUSs1Zms0TFgwVEgzeWo3VFwvMUFMdFNxSG44a01sRzllKzVJMFc1WTB3MmYrcDRPM3VwRDBueHVneXlrWXhWa2RrWmVESFRjYW5KWXEwVDdhMlkraDJhenI4R1FkQ29QSkFneDdiZEdJNWE3UmM4XC92aFZkZnRoUTdFTzBZZHBJWVprcFFLNFhUTEtpNlhYeHRETFVpdz09IiwibWFjIjoiNTVmNGFmODRlNGEzMmZjMzVlYTViZGY3ZTYyMmY3MjBkYThiZjJkMDg0OWU5MjhiMzFhMTc1YWY0MDFjMzU0OSJ9','eyJpdiI6IkpGY1B5ZUtWWXJ0cVJ2NGw5SGxjbWc9PSIsInZhbHVlIjoiaVgyOTJkV3R6V2NSME56V3ZaYXY2ck9RdE1RK2QzcnBYOFBFS3FVVzlEblpMbndXdGNcL1ZwSlZ6UThyd1A1b3RQd2FkXC9uY0FoaFJrM1hPanUxSGwxOFJEMndUV0wwWXNyZ2RTYTNJVW5RYnFDc3BOcjQrSm44azFNZ0NIaVFvNFBIS24yemFHMHV0bUFnMmhxQVBnSkt4QmQyZ21UVjYrcGNFXC9JeEF5bUdJSkdvUkZsVXNJOWVOcjlaVVY3XC9qbnBYWHhaNlRWZXdrb0tuenVBWDBwTTdQVUJld1hmTkNvN3JoRCtTVGVnejZFV0VKS0owMUM2alNpbDNURTVneGdpaXp3MjVcLzByb3ExQWI1YkZaTnlzNkNVR0Z1OGM4MkdiMVJaZTZWTlBkTXJNNCtiY1ZaQXlBMU1HV3FLemtDaVRmVk55b2FNNnEwdE9GdklGbmE1c2c9PSIsIm1hYyI6ImE5YWZlMjk5MzcxNTA3NTRmM2Q5MTU4YmM3OTYyYzBkNzAxYTdkMDI5MWUyYmI2OGYwOTE3NWU4NzRjMTkxOTcifQ==','2022-02-24 03:00:51','2022-02-24 03:00:51','USD'),('f9f57fe0-951d-11ec-a10c-0b92ee5c12cb','buckridge.cordelia','$2y$10$EKKGBBbcJGQ7b7m7C1jOTO9irt2uH.oHNx4pzCQ.pxlpKaidSbYVm',NULL,'$2y$10$iq/WuxMVIbp5hiPt6jsN8Ozcusliy43yzPNVwu.sBzqbpQuEoDNn6',NULL,NULL,0,'YOAJD9',NULL,NULL,'test','eyJpdiI6IkNOQnJ5dHA3bWJMNmJzdldnYXl1c3c9PSIsInZhbHVlIjoiZlBGWkNEY0xuS3JmYld2dWFQNHp5QkZrcjN2VGR2cm4zSmNjXC9vZnhISU9TTEdaNVBMUThDVVVJbUdqa2xONkhJa21vVW1zRitrWVpnYlZDeTBzZ1wvSWVUeVVyT1M2VWN2Q0htUmhyZWhFOGE2MUQ2RWt2TzIrbmltakpxK3J3SXd2ckZvZ3VtclwvQlFqTkxadE45Z2ZSTEtITHJTcnRFXC9VTkxwOXlNYmE3NmxNZVFTTmR6WFJoRCtVcjUzWWVsZDFwWEZxMXh4OUtTNVwvcTBPOHhcL1YydnZLSzNDelpBWndKazhWcjdweE84NmtMMm5RQWxhZzl6UE85dUdUK0RVaDhnWW83eHhlaW1hbVY5XC8zRmpmN0Q1ZVZHZVwvTFRsd3RmOTJ3WlhKSm56dmlZVUNvVk9BSjJYNjJHNGtQdzVyWkllSER2eFRjZitFNStxOFJva21sNkE9PSIsIm1hYyI6ImEwZDgwNTMyMjNlMDdjZjk0NGUyOTlmMDM2ZDA2YjA0NjcwNzU4NWU3ZDQ2NmE2MDMxMTQ3YTUyZTY2MDcwNjMifQ==','eyJpdiI6ImVjbmY2NEN1SHJQODhRczZtUDJuMVE9PSIsInZhbHVlIjoiSHF0cHdBMWxZdXU0ckdWdzlLYUdwQXlLaGN0NXIwcVRBd0Qrajl1MGorREI1NUd6b0poakRQSWxpYnM3VzEwVElHK3ZLTUZwWVFpWnFWWGl2UWFYV3YzSW9OZFR2TERkeXdcL1pzQlhDQkFGTjVjd3dwTkJkUzBkOVhJWEdsbFhZb2JpSEF2NERBSlhGWGNCUzBcL3lXNVQyeWVYNWxYc04renE3bG5xRjM3SWlWUHVXM0ZsVFphb0ZYc3Z3RUlrN0V6QjZ5MGlXajloTnlcL3duVVg5OEozTjFZZWc0K0JlWXQxUkJpakNFZWU1OWxGdlwvdUw5UCtYTE5LNGh3ek5MdGVFR1R5SjRUb2wra1lKUnh6eWU0SXJ5NUtaWEVhZ1wvODZrWEVmRGx4MEMxVTE2cm85OTZRTjdWUFhyQW56Q2F0UW5cL25xTkV4bngrMDdMQlB6S1FLeFwvUT09IiwibWFjIjoiNTkyNzBiNDRkNjQ3ZTcxMDZkY2YyMTBiMTgzMjMwYWEzMjk2MGUxNjMyZWE1ZjIzOGU1YmJlY2EwMDcwMjJkZSJ9','2022-02-24 03:00:52','2022-02-24 03:00:52','USD'),('fa262b80-951d-11ec-bfb8-1b3663e43f85','ulubowitz','$2y$10$/TjlXoXNkxJhYAk8xtSEXer44woSEyEQNmoIB/x47OgeJcJvNL3vq',NULL,'$2y$10$jOlmT8vobOIuWTh0y8kwgOvyHeVWqL7JoztdPbR2hMAHH6jNe2lDC',NULL,NULL,0,'341EP1',NULL,NULL,'test','eyJpdiI6IkZIZngwRTlHc2RybExWTUtVY09FNnc9PSIsInZhbHVlIjoiUFNmajVaXC9mMjMxSnZkd0ZkdG9jSU1vYmZlZks5SnhTbmozdjVVQnNqODdUbVwvNXRFK1FTSFwvelVMN2dWWVFVNVc4N3EySVwvc24rZTBnbzNSWnpreWNwSnNFTmdmdDU1RWtcL2oxR25WSjhWcTdTSVpobUozVFl0RTZqTEQxNTczV0lmT25QZ0hhVldmV2pqcjRaVFNHOE4rQ3dCTjdWWFBWVkJ6WWg1RHVEcHF4WkNjT2xmUmNHVUZrV1Fqa0JTeDhhTW9tQ0ZCaVpsRVViT3MzbG83MzlBXC9hXC84XC9aN2FmYTh2MW5hWjY4VTgxbzFqazRhSGQ4QVFEbm9cL2hYbmxaWHdUc3VjTUlPdnkwVkhrM09XSEk3RXdJOXJrSHlDbU13NUFQS0dqaisrdUhPZGg2cWxvRmNUWE1pbW85MnVuSHZoQVVGeFpHWGN1RndFV2NWbnpWa0ZnPT0iLCJtYWMiOiI4ZTc3OWZmZTY5NGE4NmVlOTIyYWQ3ZTk4YTFhODM0MDQ2YjQ5NWUzZWM4ZDdmZDlmOWU3MTIwMjgxMDRjMzIyIn0=','eyJpdiI6IjVWY0dmZ2lXWStZZjJUWUNnNVJDNkE9PSIsInZhbHVlIjoiNWtZclJNc3pPOHZKbDRmdG9iSmdnS20yRTY5SFAwZ2RXaVBBWEY3Q25cL0dic0J2aXYrOVkzRTJjb2hUZnVkaGtSdmFrVHN0aTBLdlNMZTFaWWhRUmtMOURxeDFhM3RQUGtHRXBrcDVNNDVBOGNmMlJCbnpOd2lvWFZCRkhSbXRRSzZEMVMwNUdoRWc3QUo3cGltamJyc1l3NXpiY0NtSHA1bmVLUElRUFRac1oxS3VaQWsza2h2Ylwvd0JsUW1UTUMrdjRSRm1kamZXdXdPVXhoZ2lTeUtYeStrNDNEMERjRmdxRXNWR05QYVMxTW9Fd05ucEczcXd6N24rRStCeXEyakkrMTRob2hscGFVcUZ1S29wZkVqVm5ZemJHOXBwMU9VY2Q5d1hGVE13YWgrUFVmU1c0MWRLUk4xZ3F2TFk3R1RJcnpvMGt4WXlxZTlidFRiXC9IUXB3PT0iLCJtYWMiOiIxYTIzY2ZlN2E4ZGJmZDRlNzFhYjY3NDNlODE0ZmUzNDQzYzNiZjM5YWI5NTg0N2IxYWIzN2IwODhjZDZmMzc0In0=','2022-02-24 03:00:52','2022-02-24 03:00:52','USD'),('fa650420-951d-11ec-a379-9745832a538a','zkassulke','$2y$10$umVSZ6H3X5SozKirxPNlde18hyS.rdEdM.1ng.8ldA3l8D8N5XRFu',NULL,'$2y$10$PJOC9PpF03/j/.X9ir.eNeLW0kb9bwYJRnaUDSNgKsSMlTuGghGM.',NULL,NULL,0,'XCH6CE',NULL,NULL,'test','eyJpdiI6IkZJRXZQdFRhS3pzZW5iV2Z0cFg5VGc9PSIsInZhbHVlIjoieUZSVmhTZGc3a1lOV3BXekVjV3RnYUlGRWZuNGdsbENoNFpEcVR2VDJaNEZiVzIyWTBlbXdlTCs1bEVMbFRuS0JuWnhRZjJUMmhIS3laNnhaWW5IWmFiQ21JaXhWbUR2TmdtdEZ4NG9pVHMxOGx5R0NPaEVIXC9xQWIzUnFNU0R4cklcL1BOWVwvSFwvR3dyOGRNXC93UTk0T1NlQTlwK1RVYnI2YUpGNzJTeEhSTXFURUJZMEVEazFcL3hKU1F1NTJiaWozd1oza3FcL3ZveVM3UzI2MlhicmszbTRMVUR6bnBYYWpUWXdSY2M5emNBOFR0eW9zUkFQSmRPT0RDMzhTbVlnK2ZLVmE5SGJqWHlnRld2MnBtMndMWkZrUENTc3lhSjVcL0dvYWxxNGVlNUtcL2c4RDNPSzNKVENWeHJSV3pIVWl6d2FydEdzUm1DUEdxZFY2OEh4WDRTQnJRPT0iLCJtYWMiOiJlNDVhMDBkYzYxM2E4YWQxY2FhMmI5ZjY5YmIwYjg1YmQ5YmUxMDJkYTk4MTA1YjZiNGY2YTVhYjU3Y2I1Mjk1In0=','eyJpdiI6IkN1dlV0ek9sK3g1Vk5UUGRSWDhQWHc9PSIsInZhbHVlIjoiV1QzS3JLXC8xbFVZSVRGeldONm9PZ1ZCRjJFekZlbUpkNTY1eEg3UDJhNXhsQXJ6anAzZWZHYjJhN2lhVUsyOE9yalVmcWZNaUh6T09nVFFZN2FPYWhpVUI1bmVSSzBGcVFkclQ3UkUzV3VaOWM1S0dIR09McmRXTndGMXNyQUFCZFRybkhKWVZlYXlcL3luYXNLMGxJSmxpYlVwWE5BXC9OWTJVaVJkVm10WjdOZEJMXC91aSt5aWZIemlWcXFUY2pxRWtyMnBOZHJ2R0xLRXNRcnpnV0NPc0pDNHB4UlBqdFBwNEYySlQySm50dDBKUWVrNExqOTFYWGpRWjFhbVdLem5maWVEV2s3ZnpNeVNcL2FqMkxBRVpPQThRM3Z6Y0VxMzNLdEFYOEM5bk16ZXdSK3lSdkpcL3JCaWEzTTN1Q2Y5bkN1MkFBMk1nZ1VHZmdrZ1hDbE1TdHBRPT0iLCJtYWMiOiIwYjVhZDkzYWFiOGQxYTNmZjJkMmI4ZTkxN2VmMzBhMTA5N2M4M2E1N2M0MzM5MDUyNWE5ZmVjODA1MTY0N2M1In0=','2022-02-24 03:00:52','2022-02-24 03:00:52','USD'),('fa9db210-951d-11ec-93f8-2f479f21a7b2','ahilpert','$2y$10$DHe.8ZCfG/V2m1x38qDN/.3VcE3rpLAp/x3uQIQecmZwERT52CkEG',NULL,'$2y$10$IsVMlNz8/h2xeQ4XjvZ5NecZApAA360dAI/h7K/MT3K/8WoJ9.tuW',NULL,NULL,0,'LL5CDN',NULL,NULL,'test','eyJpdiI6IkJ6cllTcllmdmpaTTRrREt2Q21TMFE9PSIsInZhbHVlIjoiRzdoRWR2YTR5ZlFOeTlrY00xZ3Q3akowVjJQRTNcL1ROVmx6KzVIR3crYTZBSENBN2J4ZE1pM1JuSnRlcThNUCtKQUhlS0RrTEhybnZkK29qTWhFU1kxVlcwQUZqS2pPRjRaRHNQU1l1WkxoUHhpRjE4ZUlVOFlIRUJSekVqdVVYQXBINGRrNGF2TjVONmNVSDlTOHJ5Z3liNTlRSWxIUTRhVEtha2VhaFwvV2VBNXBoZ08yc3RYU1BYem9aZkdPdGl2a05Kc1c2K3V1U25NVXZ6K0FQRXl2OGMycDRvRWdabVpLSlhBS3RZMnRkbVR5XC9ldnFSTHB2MUJFYVphRWdSY2h4cFwvNlIyNm45enVCN1JGeG9FUDNFNnBNa0E0dXFcL2w2cHRsQ3l5bE5Hd09HbjlBanBYdlpXdzl5bzZCdHl1aXppNTdNMG5jbGFUbnpqYldmdTRZc1E9PSIsIm1hYyI6ImVjZmJhZmYwOTMzMzE0ZGJmM2JkZTAyMWZkZDZhNThlNzE5YjcwMDM1NDZjNjMyMjM0ZTUxYjBmZWIzYjc5MzIifQ==','eyJpdiI6ImhDQTdDOXhxdjljd1FvNFVlS3p5WHc9PSIsInZhbHVlIjoibXM4eklBRGdRUUVWXC9BOFBIXC9zMTlhc09scjkyWEJIekplVDEzc3VrbFBKMVl5U0ZSSFwvcllmNjM2UU9WK2lhbmdQcmlmYVBtbkxqa2tpTHZKaElpYmRCNkszcVl6WUxaNlZWcEliY2dac3RwZlZZR3BjQ0pKVVNYNjQwQmk4bTR3TlwvdGpjc3piWkoxY2FsZWFERHkxZFZmWUhORGRVM1pSU2tKbnNPTXFPdjVMOHU0djJrMHIxbWJMc2JyUUZpMFY2ckRTRFUzYXdOS1FJeWNROFRJRmpBN1VWNnZcL1BaU1NyTGVKV0pQaUZoeW1rOWNHRFwvMEVUZ1NYSVF6NmVkQU1Hc054RkVXK3VZdTJmS0lEMUVtaTZrMGg5bkpHSEJGdVJQXC9IVGpKZjVaTmJDZ01JRHBvdlwvcGdtWGlaMWFqaitOajNZZGZ6MERvZzBLWE5cL2h1czJRPT0iLCJtYWMiOiJlNTFhN2VhZTM3OTA1MjNhNzExYjkxM2EzNTM0NjMyODMwMTVlZTYzOTExNTkyMjZkOWU5YTAwM2JjYTU0MzZlIn0=','2022-02-24 03:00:53','2022-02-24 03:00:53','USD'),('facf3670-951d-11ec-8204-67ac57c3a213','stamm.talon','$2y$10$rJj/PBFB4QfmgX/l0qF9M.vHREewJWwkyMPUIDI2RWC519pbRCvhO',NULL,'$2y$10$HK6DDowpP.xOgQbeEmJuyuUsIheeSFUYX657a0su9b2X5tSKy9wJK',NULL,NULL,0,'N0EPWU',NULL,NULL,'test','eyJpdiI6IkpqNExqWXJCQlJya0Z0cHpJMW5qT2c9PSIsInZhbHVlIjoiU3hIY2t2RmJSbHRNbVVBdVwvVzlad29UQU01ZVc1M3pPUys4QXFEYnJBSG45Z21WXC8xelIxS1FZQ2RBSmZMejB0SjR2K0NjcXJtb05QNFF2a0RwUmlVQVppa3RmTFhSQmtpQWhKcWtPMmdkblpqMnFPSkZOXC9LaFBpVjBhZUJjNkRtT2hHNlNtSk5DR0hWZWViYVV0RnU2RXlQM1NGekpRSjNqMmN1dlc5ZUFPdHkxQUVqclZlUnRCOTEwZkpERWRYN3EwXC9DR2hyWEJkRFFrUVZBR0xSOEpyOEEwT21PVzg5TnNLanA0cnFNZDNrbm51bTI0UURcL1ZrZVdTVnNGSENLWXl5aHBPU1poTEZJNVlKZDBhclJiaEZJb3BFQzhIbUtNQlp3RXQwcGZxNGNuOFhvU21SZG1WbWNaeDhkNVMwYzh2TGN6VmRwMWpaVHk4WkVjbHI3WVE9PSIsIm1hYyI6ImNjYThjMTc1NWMyMWRkMmFiYzM5NDA0MGQ4NjAwOGI5ZjEyMGEzODBiNzkyNmMzMWZlM2Q2ZjNlY2UxZjBmZWUifQ==','eyJpdiI6InlXWFwvQjNjWGNLVHZNXC9nSENkbFdkdz09IiwidmFsdWUiOiJRSW5QZldlNVwvaDRNaDRZUmdqZVBrU1c1WGkydmtEXC9sRExQeUVxQlVET09tNGpLVjNpN3k1QVwvcXhsMDFla3RTSzF5ek91WG92dTNldjJQRTJwcnhEbFBVY0lPaU9XYVExaCtMbCs4bEZFckRITmMyajZUN2ptR0ZNaTFOYzBWT1pNcmFNRzlpaVwvalRLTmR4dzd2d201OG54Q0MyKzlQME1SXC9OUk1aUjRiSmZHdWdNb3IyUHlzXC9laXhzMHJjYzFyaEhDc2REUjF3WWhGU2g5clwvNHczamNVR0FqeUFFMnFwcFd0NzFcLzJ1MnJ1WkhRVndFMUxCZ0RjYUNsSGZEM3VJRWVDcHFXREswR0NXZkNRSUF4MVUxVUVaZ0kxRG1iUlN3b1NcL2RiWkg0NXM0NXhhOFVaeWloVkVDSitETlRDTnJDZHZGYkl0NVwvZmNIRzBCQ3FyNkJRPT0iLCJtYWMiOiJiODVmYjI4OTMxZDQ3NzJlODdjMjVhMmQ5OWQ2YTBlZTlmYThmOTFlOWQwZDRmOWExMTkzZGYyNmM5Yzk0YmM3In0=','2022-02-24 03:00:53','2022-02-24 03:00:53','USD'),('fb0750a0-951d-11ec-9dc9-07e0be07b945','lavina.bahringer','$2y$10$wtvzYhyFlZcp85/4JM7Hp.EJvxwc.AUCT/0DOMlz2tFOuhIico3dW',NULL,'$2y$10$I95VuluqLyxd9C9mWZSuk.6CEpeUkTtSRAM1XyRiMWDPq6Cu7MLGC',NULL,NULL,0,'OXGA14',NULL,NULL,'test','eyJpdiI6IktjYVJPSlwvMktoM2lNK2NSdXJDMEtBPT0iLCJ2YWx1ZSI6Im1WbXFPT0lyZWI4MkdzU3dIWUQzMDlJZ2xQdkltTDZpMVZnd2lTRjRPYzdWd21YekFQTGs2eFh1NnRiQ0NJK29PZFwvVDhaTXNQb2luQmx2ME4zQytxUGRHU25leHJXcDRJZzY3eXZ6cHpnVWdrRkNOQklKcTB6ZEhyMktvVm0ybWRNNnpWTHg5SXdPUkNhdndoN3p0VUg4NVdQWkZVZmFcLzA4OHFSMFwvdEpBcUlsd2Y3U3NtTGo5eXhORzZlWXVmY2QwaE5tVm8rYTlCVmo4UkZGXC9BZVh6emxva0JMOXpZWU5jSGdWOHlzSlwvcGNIRVRLSzdaS3VjZUFMUWsydkRFbWlxaHNhYjZiZ0p2N3hrWDVYVVI1Z1B5alJzVGNuMmtGVGp6eGhnKzByY29ZMVA2Umc1S3dPUmpWTkY3TFZoakdvRjVWd1NoXC8xTVc4V05KTVFOamN2dz09IiwibWFjIjoiYjFmY2RmYTUxMTdkYTM5YTJmM2MxMTEyNDZmODYyNTVjZWI5MDhkODUwYTM4ZWZiOGJjZGE4NjBjMTJkNzhmMCJ9','eyJpdiI6IithOWZoU2piQlZjajcweFoxS012SGc9PSIsInZhbHVlIjoiMmpYbjc4WUVVcUdCcXBsaTlLTW1vMFRaNDBXTGtwVjJId0RUNlV5b1crY0tWdUtWN3dlMGhJTzBuXC9FTDNhbkE0U2kya0ZISndDUXQ4cWlZWGxuamRBZGlFYlRRbysxcUhHVjIwZ1FhMkR1SllNUHpvMEZRdndZN0M5UXVyUzIyYm9GTnJoMFVYMjhOVDlGak5sUGxpQVJNUStyaDlMSEdNM0pyeEttclVyYjBRWjVrZWV0RDM3Wm1aZ3ZpbEpDd2VVbHRNa3QrbjVtNzdvR2tZM0lPd1N4Z2RLOFUxcnN2VXdybHNKcjI4dlJteDh0QTVLeUNGbzkxaTMweXJFT09tVDlGbjZ6MVZzRXBWMVpucWhpZVlxK3dNOFFmYnhuMkp6VFIrR21hTFUyR25KRXMwWWlCNmMzRXF6R3drZXhHT29DSzF3T3AySURpcFRacUdQKytXZz09IiwibWFjIjoiYWRhNGQ2YTAxN2M5NzAxOTQyYzE0YjM0YzIyZTA5Mjk2NjcxMmJlZTQ5YmRlOTZkNTdlZDc0MThmMTg3YWJhMCJ9','2022-02-24 03:00:53','2022-02-24 03:00:53','USD'),('fb3885a0-951d-11ec-a91d-89673c7f2c79','joannie75','$2y$10$OKZ2G/R538OedCaCVg3hkuRejed9wGH40Neoia0FTmRA3S4BXs75m',NULL,'$2y$10$oT6R65r0Ecyhfs.qqYUlgudLaUk//eBgXsXbDfJ.FwRHek5ta/Kbm',NULL,NULL,0,'GHKIEH',NULL,NULL,'test','eyJpdiI6ImU2dzRCSm1JVE5GZ1wveWVUNlhJbERRPT0iLCJ2YWx1ZSI6ImVhWFhrakxlb0piNmM1dUZmUUs0S0RQNExRNUQ0K0xaa0Y5V3JzRktUaUc0V0hNOEhUNUxnb2RlSE9CdHhCaVhuRGNnd2gxZU5xTk40bnA4NHBZK2NhcEdrOGx3USt2NVJ5ZGRKMEYxK0NBWWo4OEQyeUhnejFZRmF4bFYrSnRPV1ZRS0prQnQzZFdyeFNsb0xJYjlGdlJmc3EycklMemZ6bmNpYTh6MFR6cWNYckk0VEJGYU1KOG0xd3ZabmI2Z21cLzR1ZzRrdm5XOG5wc0d3WGQwbFVwazVoXC9YdnNUZklMUG9uWHBSamE0QnBUZjFZNFQzZERCZFhDVkZnTzRmZzZWNnYxRlpDXC95azhmcU1mencwMkxXNTRSbGtyQmZYbEFKMnpYb2tRREZJQlkyeEl1XC9BUVNxVHVcLzBCVlZYcGxIMWsrQ1N5a2lFYmhYSFlGN0Q5STNRPT0iLCJtYWMiOiI4Y2NmOTY2M2IyMDRiYmQxNGFiNzgzMzViZDQyMjY5NTE0OWMyNWU2MDViYmM3MTJlYmFkZjRjMDYxMTFlNjAxIn0=','eyJpdiI6IlF0ek5mQllMSEN2UU9iSXZBZEpCRWc9PSIsInZhbHVlIjoiZEVjNytDaXB6K0kzVmhcL2lCRTdtN1M4V29cL1RpN2I3bzZzSjZsWlJscmduMzBHSUNMTkVBblQ4MUZkODBHSm50TEJkRE9ZNkk0NCtST3Zjb3pGVVhteG1HY21lZXFEcm1HZm1MSVhFZXl2ajdKNnkrM2s2VGRyV3g2NkkyK2NWQXYyY01udGJcL0RzU0J5b21CenkxdkU1Yzl3d0RybDU2NnI4RlZ4WWZkZ2dIU3ZoSHFVdTdYdW9naFFYSXlGSlh6akw0OTBaU3VoKzdrc0lFTlwvY05TeG9TYnhONlVCaXEwQTQ1clNlY1hlb29yQ0lGbXpJN3VjRWJvNmdaWTlVeWY1a1dhVWcwZmZKblwvZGErVjFvV0JaMDQwQmlTcjZaTXlcL3ZPSko4QWFvV2FyeUlxVGF2ZnlZQlRLZVhyWnZKOEE3M2JCNEFTSElIa0NVWWM0OXR1V2J3PT0iLCJtYWMiOiI3MWI2Mzg1ZWE2MGFjNTRiMGY3ZjVmNzNlZWJlY2JjNzA0OTZjZDMyN2Q5MzYxN2E4ODRlZjlhMjM0ZGIyZGMyIn0=','2022-02-24 03:00:54','2022-02-24 03:00:54','USD'),('fb6e3500-951d-11ec-885b-734e28047a82','portiz','$2y$10$X2DikMjPQOpqKtVMR68.D.Xu/u28P4ciiIX8TYV/pxxzwDHHZKaHi',NULL,'$2y$10$ZwW0L7lx8AOpFplWmL/M4OSwYzmHckKPUa.Cnj9mNQ3QrkfSXDYSK',NULL,NULL,0,'MRKFUO',NULL,NULL,'test','eyJpdiI6IkpmRW8yRVMxcHdDdjBhdExyM3RTbkE9PSIsInZhbHVlIjoieGFMQWo4KzdJXC9WZWE4TkNkeStiNUZpelJVYTJ3eEp5NUVNZWpiTEhyS2lub2E4ZFh6Sjl0K3pcL1NWN3lFWjJwNG1NMTJHZVBTVDhHYnFjZlg5WUlFNkFlK0lPclZCYm1xaDhFSjFIQkpmVXhKcFBKcjhEOEZcL25HK0RpSHlHczJuM0FWTTRQOFFIZmJnVVVLcmpqZGx4YWtkT3pLYVFXODUyMk5nN09IM1h2SThIZkliWlVGTjAwUWxYTjhSdHZSd3dlbVRxTWhDREZYaytEa0VvU25QWHdMSytyNUo5WFpJOXdMZUpzQ0JMdkV1cUh3T1JlVDlvMFpqZWI0TnJXQWdNQ1ZIN0lZRXF1cVN6d0YyZERvTzN6MUxDV2ZwOWxPZzZQa3p4V1k5Smx1THQzNW52TWZIc3pENFlzUTFHcVk5OVJKQTUybDVRRkZ6TFMyOUZUVmNBPT0iLCJtYWMiOiI1Y2E1Zjg3OWYwN2UxMmFjMGRiZjM4MzdjNWQwY2EyZWYwYmUwYjkyMzBhMzBmMjQ4MTNkZWFjODY3Y2ZhMjYzIn0=','eyJpdiI6Ik5ZMDFkZ25IXC9JWnFZQk5Bd1NGRytnPT0iLCJ2YWx1ZSI6ImxlZnRzNlZ1UWlhTHQ3U2hxRjJJd2wxUEtaMGhzdnpPWE1JZ29pN21xcGZEWlJZa3h0TEdwckJHRHpXS2Z0cVJ0SFNodzhDSmJxODB0XC9iS3hrZEpoVk5pRHYwSFk4NlI4ZFJubVRDWXpTaXdOQjhURng4MVpsNTQwNExOdytsNzFpcmh0dGNqWDdqS08xQ2VcL0xjVkQ3UTM2RDZTalRhQ1VQanhyQzJRMGsxa0NDMjdIUExxZ1wvZkJ6Rmt0NzRnWlVHSmx4QU5seUxJVllucFBmcmViU1NWVmx6TjV2aXh5eklLdUg3ZWg2TG5VMUU3SWJuSCtiNEh3Nkg4XC9lR3Q4aDhMOHJNMWxKQjhDUlcrcHBCUkROMitcL3dwa2hzcExsc0tuUnBQZzBvM0ZPK3F6b3EycVhxeVRXelprRDIyajN6a1FEV1E1Z3d3WUZpbGQzZnFTcTd3PT0iLCJtYWMiOiJjNWI4YTY5ZmQ3MTE2YzQ5YTkzYjM4ZmVmNDRiNzdlNWMzN2Y1Y2UwZDdhYWI4NGMzNWQ1Y2YwYjgwZDI4ZWUxIn0=','2022-02-24 03:00:54','2022-02-24 03:00:54','USD'),('fb9d6a70-951d-11ec-b076-99110e899e8f','onie.sauer','$2y$10$1CKT8gMDgQ7dK1XGF977Duk17Cprh1deR7X.3V2Sb2a8CzhKWDIs6',NULL,'$2y$10$Lr0gYhR3F83QUL5g5eCkd./qXk0WV/EguqwKduDCDMvhAhGtFZzqO',NULL,NULL,0,'JNYGSC',NULL,NULL,'test','eyJpdiI6ImFXbEVWTVQzUHByelZJVjFwbkZ6Y2c9PSIsInZhbHVlIjoiXC9EcUI0ck0wXC9CWjNsbkpIQk1LMXZtQlN4T2RlVkU3VkQ4QmphMlVkM3dFRHhWMFJrSTdlSWI4eVwvUHE0WlwvTk5QUU51RWd6S3RwMjdnN0tvTmxxWk1GcjVkXC9MZ01uT0g1aG1PYTVrXC9CYkJlN0FsREdPT0pYdWdoQU0rYWZITU5OV2dsWWppc2FVZGs3VWJYMlR3YVB1V0hqa29qdFwvd3ZvV0hLOEgxejg0MkJnV2JTTUNCeUZNRFE5bm5MejM4dVh5MGt5cklaYXBta2FTeWhzMFBcL1N4eVhjbFk1aVc1Q0MwVFBVZ1dpMnRuTWM4T0VFMkxzWDhmRGNDRkRQWDVYQjRaVFRSbERVdkdMclhXK2FMVk1CVjJkMGZGclllSElaY1QwRUxrRmU3WHR2bWlHK0tKXC80SzlkNFwvSDlrUUsydFBnR0ZrN1NxUDNwM1NDTHNjd2RiZz09IiwibWFjIjoiNWMxYjVmODEzNTViN2Q2OGNiYWI2YTc2MTRiMDE5YjlmYTBhNDJhMTQ3NDY3YzE3NWYyMDdhYjlmM2UzZjhiNSJ9','eyJpdiI6IkRMdlJpSUZsekF4NWFkNkw2XC9XNlFBPT0iLCJ2YWx1ZSI6Ik9ka3RqanFuUktOVlwvMHV4dFl4ZW0yS1FaVHBVcU9lMTB1T0FGMHBTaURVVjFVRlV3NVZ4cDV6UU0wNUQyaDg3RUZvWDh0aHZobkRrOHVJc2EwdjhPUzZlcUVFQnVaUjRDcWRLOFlrQVJmREJmK3daaVFUXC9ZT1hidTMzV3hGT0VsNXhpT09nbmg1UjFVRVZaWWc3MlB4dWtmS2VNUHA1QmRXeE1ZUWI4dWhwTVhkYlV6T1N1NnZWMWFhMWVWcFE1SndpYlZ2akRjckNiXC9GeFlqQ0dvcTNGV3NTcmZoWjhNS3l1MjVFTGdBZ2c0cDlyWFl4cEFZaDQwQTZ3dkNRNUhVcVhJNmtlMUJvWldZV0gyR01MVGNaa3lpNWJQZ1RIVkpXUUpvanlhMlk3NWRCcDAwXC9wQklObHNOWEdLWDZ4U1pZVEtkbUNvOHhpWE5QWnYzTFRkaXc9PSIsIm1hYyI6IjY1MTUxMzIyNjNiMjE4YjU4YTNiNDQ4MDA1NzNhNGI2ZTIwY2Q2MzhlZTk5YzhjNjk3ODg5MDZjZTRlMzMwYmIifQ==','2022-02-24 03:00:54','2022-02-24 03:00:54','USD'),('fbcd9450-951d-11ec-84b1-63d5757e4fb2','burnice.rohan','$2y$10$FJyG37Rgla0zrJPOgq3MY.veT./iUQV3Pf4YlK3msGgXKJv3tzgWm',NULL,'$2y$10$eRS7tYoE9JD/OepU2f1iAu..HtZ9SufYu4gNuLM.tUGX8RxIlNYyO',NULL,NULL,0,'GFVIOC',NULL,NULL,'test','eyJpdiI6Im5qejVNODJIbUdcL0FUT2tvNTZOQkZRPT0iLCJ2YWx1ZSI6ImlpcUhjSnNMbFZDVWw2bWt2MFd0VlZqYTdcL2dzK2lVOEY3a2RnU1F0N0RJdnArbWUrYTlvc2F1QnVYaURKdjdHU2x2T1RwclRRaUJIS0V3cGdPelNQVElxRmhJY3dORFwvaE1PUm1iSGR2cFZtQWJDdklXVmxtWWx2NVNrVU94bVQwa1lpN05LZWtGRXFpUm5reVdaVGhUR0hUTDM4Yk5DTTZ4VW8xb1E4dTdaU1NkQm1RSlRQeEE5NjRqZlV2dlFNMmJNT0xjUUFzVXd4TWUrakNrQnRmdGowZmVlblwvc0Mya3FJbWRMRGRWNlNHY2FUTzlTa2lYR0g3aFY4czNRQ2xuQnYwNW4rSk5zaGJHNEpMdE5CSjFNVHNwRlZpUHR2N01pQlV5bnQzRnNzM3NqWnR3eENXbTVuVk8zYU8wbTNpNGpcL1VkbGE3RENGRDUwZnJzcUp1UWc9PSIsIm1hYyI6ImM3ZTRlN2M3NzM3ZGI2ODI5NDBmMGU4MmE3ZGMyYjVkYzhmMmU5YTU1MzYwNjJhOTAxZDYwZGVmZmM3Yjk5OWYifQ==','eyJpdiI6IjBsXC9IUXlcL0lmMWY5MDNaWFJyXC9NWGc9PSIsInZhbHVlIjoiR0RPWTVnUEZJNzZrUW8rYVgwTHFaY0NrbDZBdFRLaGdBVUFkNlQ4VlZleHNDMWdsbEhYTG5KOE9jNUV6dGd0RGljUWpNRUtQY1VwRytac3d5N1hCekpqdTVjZk5cL3B3WERMN0Y0WWVmTmN1Z25KQXpQUFozM2J6UmVlOUpvN3NTSjZPVm10anZ3cjQ3d29DVm5PWFBVZ2pTMXN3VmxGUVl2VWFQdjlzZXhcLzRuRGpRS2FqZWR2SHM2QXh0OFFGSEZtaUpIUFpsV0phWFNLSjJTSFRzaENVNGUwSmluSTY0YmhHXC9FTXVZVlZRT20wcnJxTzhqYnU2eHZWbEVNRnpXcHNUMlRrMG0ybWQ3THVsK3NrXC9JUFhcL1wvamU0ZUtEVW9vTGJINVY2Q2hJVFNuTDRmVlFTZXZMaG5ZdXZncm9oMDFUR3VjOHdRUWc1ZGgzb1pYUnRYZ3BRPT0iLCJtYWMiOiJhNWQxN2VmNmIzNzBmMjVkMWVmM2YyYzJkYTc4OGRhN2Q1MTc1OGUzY2QwOTFkZjgxNjJkZjA1NmVmNmVjZWZhIn0=','2022-02-24 03:00:55','2022-02-24 03:00:55','USD'),('fc07a7a0-951d-11ec-af7b-6d64a9e1be1a','evert63','$2y$10$.QlyOMga3gfjZe11R3Rb7uDZWqlcmn27sCmimNZK2C2YPn2NiAt4O',NULL,'$2y$10$Qrfu0ssDJovqPUrCgUTltuDdZXixu.pm/RtOQb.c6WNdSnFo41EP2',NULL,NULL,0,'NES07I',NULL,NULL,'test','eyJpdiI6IjBHWDY1VVRMRWs3V1dGbmZwc2ZLUXc9PSIsInZhbHVlIjoiUEJuQnBoamNvcGpGK3JuU09oYmROaWNYVHBZRjNpOVJIb2F4bU5HYWh5NGdlSWJ2d2RwUWtQUlpiY2xIRjYyK2ppRzM0WCtmT01ieVh2MFlMSklyZFlBUVdcL3Fnbmlma1VyT1wvMExSRWlISndHWDBHUDlJT3ZZaE1JWFJCM2dtNkRGYVNsbjczXC9FY3Y4alVwUjUyRmFSa0Fka3NNWXczNk1HRjZcL0I0dDIrdllFa3hNcVJ6T3hJRzFoYkxTaGczUVNXS0o2SW5NTnBGaDZKQTNhY1dOc0c2WG51VzVNK1EzS0VnMWZNMCtpczU3ZCtwbldPK2g2OUFlblBcL1JZS3ZJXC9OOG9YNmFoTzJzZEpUSWhVZGhCXC9cL1pJZDR3VmhmWGJaaVorRXZ4U1MrWEF6ZFBBTE9yRlc4eXBPMHM5TDZDendiNU0yT1IyN0N3TEUrTWNCczRSVmc9PSIsIm1hYyI6ImRkMTZkMGM2NGYxNTg1ODJkNGM5Y2VmMGNmZjQwMDcxOWE1ZmIzYjhlOWViODI0NzM2YjNiZDY1MGY1NDNjZTEifQ==','eyJpdiI6IlhiMWVqb1RoRjMyb2R3SFlKVEJXNHc9PSIsInZhbHVlIjoid0dyQ1JMMjJoWHVNTENZT2hWTEhhQ2NXU2RpeXltYlZuYzc2ZjcwUzlvQnlYRjZqdk14MEQ0S2pjTkxkNkxZYjJIclBXaVVwb3pXRXRPSCs2WCtLRVlTQThINmtxaVpFTXdtVk9UbVdXT1FOcDh6K0hWZm5CS2MwaGVKNlhPUWlLRkpsRzhZUTBrV3BMYTdCUnZLV2loZWdYRWFMWDh6Rm95Uk40dDc0Z0dBaVFoa1Q2RkFIVXg3WkFyZXpRMlwvNHpmYTdyRnVITjlVVnhYTUJMR1NXdmt5T3FcL0d1ck9lOTlKUDd2bmlSR2JQa3VWb1NQRmVkbERzNnd3dGpZaE9kbGU5WDhBQ0pKZHFDMlFtZ09Jak5SbDBRVHNBSXFpMVdaU2QzUVV3V1wvQllld3o0MGVBMmdZOTlySUpYSE5XdndadzZ1SHJlYnplRWUxcG9ja3R5ZjV3PT0iLCJtYWMiOiIyY2ZjNTIxMDVmMWY5MDI1OWU1ZDE5ZjMyYzNmZTc0Y2NjZjY3OTUzNDFmZjBjN2Q4ZDRhMzAwNGM3ODkxOTY0In0=','2022-02-24 03:00:55','2022-02-24 03:00:55','USD'),('fc3a6920-951d-11ec-97fd-dd299ff024e8','dharvey','$2y$10$TXM5zMqRqBbBGG6bHp3jRuTS36L7EhfHsmZOqdShKfn5RtIaI3CWm',NULL,'$2y$10$T0QNGYzebCTvgx39Sgso2e/sBeQ3rbsJjECBOH08E5uI5EEgQUEhi',NULL,NULL,0,'RBUIZK',NULL,NULL,'test','eyJpdiI6Ik03VDBhSGFBMjZ0V09WXC9yWjJjbU9nPT0iLCJ2YWx1ZSI6Ik13MmlKOUw4b1U5akkyN05BQU1SQityVjlHSENVRHFicytHbk9xUmNcL2FkQXpxUFVkVVwvUlQrWDRzM0RPamdyMEc2ZldcL0NldHpUWFlRZjd3ZklWcVY1bUV1b1FnSldGWlVJRmVmTXVuVzNld1wvUVBJVGFQYldjODg0TGQ0a004VDdLcWt2U3dBWDNBMUJCQWFSVmtSV0hibjIyZFBrSHUxT29NNzlrU3pObUVoanFGakYzd243Y2dEVE13QTZZZ2hSVU9pMjhtNmNHMThmOVNhYWx1Um9hclYrM3Q2UUhLaGlTZTNcL0tDZkp0aFVRU1Z4V0ZJT1A0dnVsZk5UWUJGS0h4WGlGR3Y4aFl6a1U4ZEwzTCs2MFN3MFdDTTNTRGNwS3VhVDRhaVJyN0x2eUw0dHk4UlJlZm9sNGNtamRpZ01xTlJYUGJhQ2lMdGNWSmdcL2psMnJudz09IiwibWFjIjoiNjM0ZGE4NWY2MWMxMTYzNDY4ZDgxMTZmMjY3ZTYzMTJjZDQwMzkxMjczYjA5YmRhNTA2ZDYyMTQxOTNhYmU4NyJ9','eyJpdiI6Ik1FbHkrTkVXWEhocFFqNW1rRFwvK0R3PT0iLCJ2YWx1ZSI6InBCNEZhXC9zY3VXVURyenNKUUdGSmJZTm02VzhDQUZ6N1Z4aEp1SDUyR2lWb0I1RXdJYnBKXC9SMlNSSmZpNTFpUGdCQXhlMDByeGlHK1FZb1BqalB3QXZZMFk0eFBua2J6YkYxNlRpWkdvRDdkbjRIaEJGY3V1b25CaW9MV1wvMHlIUXRNditobWQ0aTEzOXlRK0R4RG1qRXlWcDh0Vkg4KzlSTW5ueU9kb1wvXC9YeWtxQ1lSdWpMOERFSEdza0l5NTM4UTBMRFdMMVEwMVowR2FXdFo5a055SkNEYmNObG13MmtZeUN4c1U1U3hiY290TWh2bSswQ2M0dHlIdVM5UHlHWVpWXC9QcHl4eWl4dUxMcDRZcmp1TmRIQnpzMVE2RDZvK3hhbEZqTVQ3K0NCQnVGcWtTV1FOcVwvWEtNWXdLdDRYUEFRS0tKQ1cxejVNWGl0U2tETGNxNVE9PSIsIm1hYyI6IjY2NzRmMjBjYzBlZmI1OGU1MDRkYWEwZDMxNmE0ZDU0YzMyMGFjYzg5YzRiZjBlNWY4MGViN2FkMTc2NDJlYjEifQ==','2022-02-24 03:00:55','2022-02-24 03:00:55','USD'),('fc6d9860-951d-11ec-9a64-b1c719645490','keara78','$2y$10$QMFa8RfZ0F5XU6En3ZBdKOF7W0IlyHF8lCg6lk6AwpkroaOsw5tMi',NULL,'$2y$10$eHDHty3w0SpVYxo9Au8yI.DtWCs3RCVs95N68eItTmXdt0uHsFUFG',NULL,NULL,0,'5ABKTE',NULL,NULL,'test','eyJpdiI6IlU0UmJPM0MyQ24zdHhwb2hlWVJMVVE9PSIsInZhbHVlIjoiNWhiekFQSDd3THFSb3lcL25HS3dKOVMrRTVsTVY4ekNWcFdONytwTUFOWmxRWFM2KzVuM1ZJSG5qY0V0dnJLME51QmZtNldSXC9jT1VDRUhIRHRydmVJREFnejhIQ3QrY1RqWHpadVk4cmJNczRNdkFmQmNhVWZXTE50eTJMSEFGU2ZmcnRmVFVpcUtcL1JYRWxhRUY4M3hNTFBwUFFiMFwvOHpcLysrdGFxXC80YXBUTkdlXC9rRFRET0pBNUJZMTh5aDdKajNiaXE3Z0pMOU40djI3NXFwYkZrTDdMYmMzb0RUZ000cStyYlwvcE1iQmtKaUZjVEdYOXVUS0FzTkNISGRjckpPY2dvY1lhSkc2V1BncGdxQkJjdEZEeGJqOXNTbGNrRzJ6akgwbnRMakxROTg3N0ZiVUhGVHRuZzNwTURZNnRWMGY1QVMxUUlPVlJhNVwvU204RUZvb2lBPT0iLCJtYWMiOiIyYTNjMDljNzRkMDJjMWQxNWZmNjQ0ZTFlNmU0NTNjMTc2NzVhOWQzZjMwYTg3ODY3ZTQzMWI5ZDZjMzUyNzUxIn0=','eyJpdiI6Imw1bUUyblFPN1lhWU1Id3UrdEZWUWc9PSIsInZhbHVlIjoiSjJkNkZaVUJCRmJTWjkrancxbHNLcVlYcmVtYyttSGp2YXlCTTdIQUZjYU13dkkyS25pTVBiWHRrOFBCR2VRb3FBeFRaUG90bzl4emR5TFQrUzB2cjlob0JKN01sSXlYbmVWZVhXd3dZWXNzeFVJWGdBcjNYeUI3RXBTd0YxczZDSGU3MHFrTHl1OEJUc3lcL05JTGltY05vNjVHWmJxeUJvVHpRWlhmdDZMRElPalwvZU95dDBycjVnK1QwMlwvMTZwb1E4R3R2bTdkc3hvVVlTd1ZFU2NcL2xmQkxmVllwSDIrRHgrQUsxR0k4VlMyUjVuS0I0Y2ZjMjBwcTVUXC9LaElMRlpyWGJ0b2pHXC9sVEdrYUQ4Q2F0U3hNZTFRazh6cTg2MUVEU1g4T1wvb0FDT1MzZHVhZmNBRllwUHRTeVlhSVwvaHVqUmJKNUQ2VWZqaGMzSTFBU0o2UVE9PSIsIm1hYyI6ImE5MTFlMjYxNTkzNDM3ZWM1YjI0ZTk5ODgzNmM5YTg3OWFjOTYxNWYzOTYzZGI5ZmI1Njc5ZjBiNWYyOTkwZWIifQ==','2022-02-24 03:00:56','2022-02-24 03:00:56','USD'),('fc9fdaa0-951d-11ec-aaec-9f0d5ff39e89','erika08','$2y$10$FL0SnZTINb7VW7m6CAOC.eThXaFJIldWONHszjyrqjzQewCnBygo.',NULL,'$2y$10$xJ9YZHIFbgcs5jAuv76ZhusMkpnG17d.fLRbJAffZy3x.rk372Id2',NULL,NULL,0,'6B4OIW',NULL,NULL,'test','eyJpdiI6Im1WbHNzbVZiK1BIM3dSNWtCcnBwY3c9PSIsInZhbHVlIjoiQjltTGJXZ3VSUWNnS3lEOXdmT3JubXhpekxxMk9TVTFwRWJ6c2JNNGVcLzk1SUZ5bzRpRitLTUJLYnNXaURlbjVNbXp4Z3k4NXZYMEFRMjRNb0FpT2p6MlVHVlVVdWh5THBYMWlVcGtxZWtlTjNOd0VKUThuOGxETWJhVXZPWmM4aU9WT0kxWGVsRU9HeUhtMjBtUmFKdFNoRUZQcFZ6VWw3ZkQrWnBZZk5uRjRsUkxpdlFxMTRnQTRPK3E0amFQSFBYQjZvSnZwQmlrdUhzOGRcL1BDNWJpdWFrajFJa2o3em1XbVcyUDU5WmhuN2RvY3hXd1lTUldMUVlVWnpLcE4yeHQ3dkxoVnN1QWlBdVJOWmVUcVR1NkRsNkNLOGJ0NUZ0cjRLZTg0dTdERHUxclpUbTdQMW0yNWJLNGloVG9PS3hmQXdKVW5LK2dWdjlqSWMzQkRoMnc9PSIsIm1hYyI6IjU3ODIzOWM2NjgwMWRmZjU2YTQ5YTNiYmFhZDNkY2QzNWNjZDcxM2EzNWRlNDE0ZmZlYjc3ZjVjYzQxNWE0ZjkifQ==','eyJpdiI6IkxDXC9XdGRIZVlITXNrMDNvM05RZitnPT0iLCJ2YWx1ZSI6IkRyN1N5RmxvQWNtYno4V1J3b0RSN3duVnhZaVwvV2dQVmlxeVlSR1Z1MGZMSXBPbjVuMUZBbVpCcGFSZFVqXC9JZFRxM1pic2szQUFJNkZ6M1ZlbEVmK2NDOHcrUlBraUxhaXVZWWV0eFNoSU1rXC9Fc1hrSURsVEs0bGRsZTZkd21mMEk1WDdNQ2E0V3VzQkp5Q0RCWFQ3RFRrcFVMNTRPd3NtYlRJSUVsSFI4THJqdWM4SFNBZzM2TUltZlFlMURPQmZMbnJcL3RmNFo0OXg4RHZzREZnZ2haWWp1bVZaSDVSajFXNGdBTTVwTUJQUU8wQjJPUTIxT0FYSURBQlFDRzNtdDJwOGl3cDFCeGo1VVpZWm1kZGZoSndSdU9oYWZNT1pSdUZnYWlDYkhrbG1lbVc4TFpVQnozaE5PaWdVUFZrK2JyRlBQQjdaeHpEQjVWM3J4ekRWWWc9PSIsIm1hYyI6IjJiYzcyMWQzOTAxZWE2MGJjZDI2Y2UwN2IzZDI2OTRmYzRmYzA0NmE1YzJjYzc1MzE3ZmEzZThjMGU1NWJhZjQifQ==','2022-02-24 03:00:56','2022-02-24 03:00:56','USD'),('fcd54360-951d-11ec-8e7b-e902930b2ba1','hhickle','$2y$10$dPjm7EDMY5k9ma0znFRNbuggghWDT8Vu1hEQJR3h7H/wnpM/Qo1/.',NULL,'$2y$10$D254Jvzt0LCoayO6u35E/OB.9TDXfO2bSrYCF7.lSkYdSsbPLNPbG',NULL,NULL,0,'LMN9NW',NULL,NULL,'test','eyJpdiI6InhQYlN6M0VhMkZicitCR2Jadm1Qb0E9PSIsInZhbHVlIjoibTc2eTBWWEdqNHZ2UGQ1cnNsNDVkM2I4N0I0VW1zSGtIZzRcLzZUXC9VWlZZSHRydWZoc2xYUGtlOFg4clM0NWx4Mk1xMWtzdWd5SFhaWlRIM2FhQ3VOSXBqbXJMckhsV3FxYXRmTUY0QnNmWFFISnRiS3RGRklLcllrcmkzRGVrRzVvWUNRYzF0XC9ZUkY1eDUyeWIrOUl3b2t2UklTTVkwbm50K0pEdWxTeWR5QW02ZEZzaDFId2lnb1ZqSjYxcFpmQmRcL0xZZlo5N0lVZkt2WTFcL0JhZStXTDZ0VTdQaytkTUJNSFJUSHpWeGE0bXRxelRrUmk5T2ZPXC92dzVXSGJ5N0N6K2R2OG9WSFFKaDE5NENkM0dWVXdVOWhLOUFzcjZmdVdZbEw5UDZjNXAwdXlQQmZkTHBkYmZxVjNrTEdselJGXC9URUxYSkNnV1pXMnd1NjIwQVNBQT09IiwibWFjIjoiOTJhOTZiOTA3OThkOGZhNmFlMDhjZWNlYWYxYzg5NzViODkxOWQxNjRiN2U3NjQyMzIyZjRkOWZlNDJiODM1NCJ9','eyJpdiI6InMrUVVTMzVkem1VM1I2czlyeXVlQ2c9PSIsInZhbHVlIjoiQ3N1U3FmWDdkajMyd0ZVZXAyY3ZKa3RyemluMHE3ZUdqK0VpVzZQWUhIWHVPZnRrRXlieW80OUdwK3BIRGVjbm50cHppVFduTEkwWGZoWXgzS21VWHB6M1FXM0JRTG9hNnRkazRcLzlcL3FyVTRUM1BtckdDWkFxNEYwTUw3S3I5YlwvXC9mR1JFWGZ3U3o3ckpMdFJGVU9sNGcwM2hxczIzRnM1amNXc1J2eHpSdVJRMEhBTGlEZktlQkdOYTNGS0o5MUpoU2pcL1E2NTRIVFl6OXlOTE1cL3pNVkdkYVNJXC84UHdzNDlsTkVvRDd3bmxyR3E2SmJxVnMxVGpCSWpJSmlTVWltU1wvWGJuTmU4b25KejlzY0RtdWswbU1mQVwveFY0WUpvTGFldlMzWFZqcmxkcGJ4KzFSTnBsTnNqaTNIMDZEbEREQjhqK01UXC9oazA1WmxaN0dqM3dwZz09IiwibWFjIjoiODgyOGFmNmZhN2Y2Zjk2ZmUxYTI0NzNmNmQwMjZmZmE5MmQ3MzJmMDU0Y2VmMGY3Y2RlMDc3MWYyZGY4ZDkyNyJ9','2022-02-24 03:00:57','2022-02-24 03:00:57','USD'),('fd0627c0-951d-11ec-b976-035be08d8a5c','eloisa80','$2y$10$4mH8tXNZyLk3O5WlAtl0duXzrWH2M1Wx6UpksOKKlZcW9aEVG1o1a',NULL,'$2y$10$131o.3r/d0daVlUS3wJiHeWrcpzSDRL7jYQULjZ8IyWVr.q5qP0eO',NULL,NULL,0,'XGDONF',NULL,NULL,'test','eyJpdiI6ImJcLzNpazVCTlJGckorYzM0ako5MGFRPT0iLCJ2YWx1ZSI6Ijc2YUlcL2NVK2luYjVDSnQ4NnJOXC9LMnpcL0FcL0xETVVEeTdHeHRRZXE4ejlzUjQydXhuUEU0enRxT21kaTNGczB6ckYrZVYyTmZUcTRqYnEyc3BGY0g0SkdITDB1KzlJOVlWNWdqZ3pMTzdwMlp1R29WQkVFVjNDMDJVM1c4a2MxTnVPNmdrTHBTN0VWTTV1dkoyQUQ2XC9TWmpROEVXNGQwRWxUbnR4UDBsNmlnS0F5QUxVUE5PQ2tZSnAzZktWUWtockxjTnlQYVd5VllJc2tWbENQdmFhTUxlbEV3dzdmSFlkMEd5cG9iTmU2XC96M0VUU2wwd0NTcThYTHhBdnFmWHBQWmVNblZ1c1N1SUtvWXFUODNOSU1HeXlLblcyclhDaG1DZllQUHR5d3NmMDVuQllQN3lqaFBqRDN3MjlManBUWnI4OTVYMytXMDBWbEVkbWtZbTJXQT09IiwibWFjIjoiYjE1YTk0NDY2ZjFmOWI0YWQ1NGZmNzljZGY2MTRiMDlkOGFlZTVhNjQxMzExYjRiMWViYTVhN2E5ZGM0NTEzZCJ9','eyJpdiI6ImlrRHp2aTljYUltdUM3YXNTM2FoN0E9PSIsInZhbHVlIjoiTnl0YVFnOUt6bUU0WGxjaWFaSGcrYk81OUtLVjErM0tnMGJkUXpxTjNxb1d2QzF1NU00ZmZmVEpDV1dDSUFRSVgwaVVxc0NyUzVKdUlVNXl4VUVUYTJUVkhoaGlwTUpUMXNpZ01SMlhmbU5ZeWlOVDFpM28rbUE2b3pUMmxQWU5HVHpkMU9mMERiXC9aWTJ4WlJKRHJuMjFhSFIwU2NiSGxaNGhnNkdCempDY1h3cWdQQlhcLzhzRXlCWlV6OW04S2h0V3c2NVVycGt6bE9WK2xsXC9ncklcL2J5MUpTSlFaY3A2d1NpTVRuMG0xbTkrSklOOWQrb0RhV2IwOENIRUx2MXd5b0xMWjZKREdqQkRqeUV5T3hnTGNsOXIxOFMrRXpcL0pnSVFKSm5kem1TT3pITUg5Y1hDUlNmN2h2TWhGUndKRFk2eks0RmZLTklZdEhudEN4cVNSUVE9PSIsIm1hYyI6ImIyMDA1MzA3NmM5OWJlYjE5MzcxYzdlNmNkNjExZmFhODM3NzdiN2YzOTVmYTZkNDVmZTIyYTA4MzIxYjg2NDIifQ==','2022-02-24 03:00:57','2022-02-24 03:00:57','USD'),('fd428c60-951d-11ec-9569-c552320e0dd0','bkilback','$2y$10$xXSOnHnOIvdj.FV/KxyXrOyivdMmkKHcaDqTUyLyFz6hioKT/n0oq',NULL,'$2y$10$FsKpTk9iOmgpu6foz255bOSeoYS6kfq5HmV9toraEebNywpNNYbSS',NULL,NULL,0,'WUZWFI',NULL,NULL,'test','eyJpdiI6Im1XRkJkMlJ6WVFmREtUNVwvSEtuUmJ3PT0iLCJ2YWx1ZSI6IkhETUxTZWkyaUsrUk5NZk9UMG9JN0g4RE96WXBZQm5kRVNUVkNEYXZua1l5TEtmZHBJY3lleFlUSVlaRFNwSXpBcEJ0bmNSTENXT3FOcnJUWGgreVF1bDVFOTkwK3JVMjNcLzNJUGFUM1B4OWF6WXBzekZha3dqVTUreUhLU1h1QU1JU2h2Sld3Zmd5VlllMGFqY09UUjFjZlRXYzM3N2k0amtmUGYrVGVkc09LT2llYVFVT0w0a0ZINHFCdDM0YWxRSE9tWjlCNm9KaVg3OFJIMm1vN093VFwvbFV4XC94OE9zYlViMHNUTExURUUxUWlhbngyeTBNZ0d6QmdNQnRrVnBnaVFvQUNwTUNZMGNKQ1d0dVhIYXNEN1wvYUREV2xOSU1uU1Y2UHNEeU9BTmdpT2N2OW9MV2lvRXI5a25EV3NkWnZSREVXS2hLcEdTdENpSXNJWVVwc2c9PSIsIm1hYyI6IjZiMzg1OGEzMjA2NmJlMzAxMDI4ZTJkMDQ3MDJjNGVhNmM1MDA1YmYyYzkyMTlhMTNjYWQ2N2ZhZjE1ZjA1MWQifQ==','eyJpdiI6ImQwcUxWV09HYXdxcGtuTGwzQlJKbnc9PSIsInZhbHVlIjoidjFtV2Vnb2E0STJ0N2o2R0YzMFN3M2trajlRQ01qb0xDZXpPdVN5MUNCWFdpa3BWQ3Rtd3BoVEZEOHRTSzd6ekVWSFNOMVwvQ3hqcTZEeWJCdGNvdDZMek11VFhtZ2w5c0tnKzFrQXFvbnlsdHJyaEdyNG40bGFQUE1UWTRETVRWMVJ3ME1lYnRBa3A4bExPM3RXdTFNMVordkVrZENScG9wT3JrNjV6WW5OdkxNRjFyYTVXK1ZZcWg1V1pjVTRPeXI0ZjNBbnY4SGc0NUZSaVIwWkxZUjM3a1dHVk1CTXRJQXJUT0FkT1ByTStuK2tDY3NqWk5lVjNxWlwvbjhHU1NMQVVsMW04eXdMajFKMXpzV1pPVVN6dFk4RTl5ZjN4eElEMTBMUXMwcnZNTmY2ajVmTDRsczVBTENIMzNcL3FCSDY0bzd6VTBGZkhCZ1VPT3ZzY1lmOWp3PT0iLCJtYWMiOiJjZGEwOTY1ZWVhNTQzMzk0OGNjOWFmNTk0YWNmMTMyZjc1M2JhY2UyMDZmNTE4ZTM0ZDc0NzUwMTNhOTg1MzhlIn0=','2022-02-24 03:00:57','2022-02-24 03:00:57','USD'),('fd73e6e0-951d-11ec-97c3-891688a16115','xskiles','$2y$10$lBVw1GpGaJbN94Vp5utVk.kESATwZkEdy9RB4MPG2YtzcJCuROM6y',NULL,'$2y$10$a1sHfMmci2KsCRej.ioPQe4ZOYK83cQzOgZLEnebwX/wnMJcU0tDm',NULL,NULL,0,'1AR7CO',NULL,NULL,'test','eyJpdiI6IkNYN0hTY0pGeW1jaHBQREdkWU11MkE9PSIsInZhbHVlIjoiZGhKVnh2STNWc3ZVeDR0M3NtRlY2TXNpeGhTYW03XC9MbU1PNWwwNFdOT282NXpORWZKODBZUW1UeDl3SkFoaDRKZEpKanhSUWM0bm5rQlMzXC85MVdrcHVvWXVGKzhPK2xVaHZSMnNoam1sa0JjUythQ1E5VWZxcFZCa2NSVEpOZm9VT01wYTcrTFFod28wR0RDbUZkXC9DT2ZVV3FmVmk4NVlvTHlzR1hOZXErd1k4cmc4aHdkQ3ZIMHdNejZUOVpaWU1jVVhTWVMzNDNTOU5aWU1LVXNyckNuOE1PYWdvTHBBelNqU3ozaStIZVpubWl5RFBFeW9TaGRWdHFkayt6SDBqVDRlRUkzK05WNUljQXpVXC9zazg1YWdNQ0x1TU9rUGM3MzYzK0NjTUxJY29QckU2QkhRRDZMdndkRzQ4Mm1nSTNaVWRLV2xxbEpqTWRqVHA5SDZoZz09IiwibWFjIjoiNGExYTc4Yjc2MjY3YTk4MGI4ZWQwODU4OWFjNGEyZGMwODFlOGZjZjk0N2U3ODU4OWVhNGI5YjgyNjQyNTI2YSJ9','eyJpdiI6Ik1ydGtPWG1vbHA1V0M2QkNwbGE0REE9PSIsInZhbHVlIjoiTTN3bWg4eXNqcGVZaXhvMUVyQWdtQ1ZIeklkZnk0TitZYTRwRFZHZVNXVEs4UmtSQnRJMDFlN0hRRmtQXC9Gd2tLSmdYZ3dLZDNkQndTd25LSDY5bTZqd0VqN0NrWnBIOWN1c2VySUs0OVlRVVRRYzJMN3d3SXlPSkg3Mlp3ZWg4eXBtdW8wU25abEtaWmhMbmhKNlJUbXJhNW1wSHNcL3RhR2FmYjVDbk1SV1E4cVJvbXB0RlpvMkU5QXd0YTRDUXNuZGR2c3J3R0xBajE1ZkhCU3dFMDQ2TCtVc3Q4K3RLZmlJczhyU3dSeU50a1JuYWpcL0lzQlRuK0ZTcGlENW04ZHRleWV0UTVIcVMwWmVmUjNwUFZ4VFNjK2JQQXQ2bUY5UkFHSzdVNUE0R3NETmdUWm01TkhsdGxUdzY0T3BqYnN2TitsazdWUEVNRDJLb2oyUkt6WlV3PT0iLCJtYWMiOiIzZjk0M2I0YTRhNTEyZGRkNjI4Y2VmZTc3MmI3N2Q3NWNmODIzNmY4Mjc2ODgyN2VlMDNmMjU2ZjFmOGVlNzA0In0=','2022-02-24 03:00:58','2022-02-24 03:00:58','USD'),('fe40d170-951d-11ec-9838-9b3fff34f3de','frances83','$2y$10$ybvU29VLYG3SsRh0P06jBe752SewfVs/XyL4LWyxkhnepc/5iNEdi',NULL,'$2y$10$Yu/ed4ciovwvIGw0lrNpg./UG921HSJn3K0/bJVUfvQCuuqTX.SzW',NULL,NULL,0,'MOHXZQ',NULL,NULL,'test','eyJpdiI6Ijg0b3RUUWwxN21GVkxTVUZtb3JPd2c9PSIsInZhbHVlIjoidW1KdkpMYm9BdjhNUVd0WnlYS29MRGVDVDNyTENWVExJY2VKMTBPTnZ4QWJjU0pVZXk2MkRLeHl2eXEwWVFDWHh6VlZCUXAzM3dhV0FMSGFwZk5NS3BmVUxVdTBvWVN1RjAralwvVEZQNlY5aTJzTVM4MG1XRnlvMzlsODV0YnJVMzVuT1wvTU9GaEMwYUV0UlpoR2JrY3R3dmFzdGx3MVpBc2lMb0d1Rm50c0grRWN2cDhabGRRMlg5Y29mUU92RXpMcW1Hbm1ZTnVhS2ZwZ1wvSHJkZk5hYUlGUjRNVGxYTjBEdnRscjVsdU11djhnYVRVYVhYcW5sdVFvV2puOHZpMU1lR0VVdUZuMGdPWllhb2VYZ2hUYjVlemg0bWxoUUlzQ24xKzZpdFRmYU1OamZrbHpxVlRqUW9YbFFHbkFLN2ZcL3VQOE8wRGJ3TWtiTnl4RWUxVnh5Zz09IiwibWFjIjoiM2JlNGM3OTc0ZmI0YzhlMGYwNzI0YTFmMzk1ZmY3ZTRkMDkxYTBjNTIxYTFjODE1ZjhjOTc1NjMxNTlmMDhiYiJ9','eyJpdiI6IjUydzZSdEdcL1JPMnJEWGQ1SmlkamRBPT0iLCJ2YWx1ZSI6ImZCK3dnY2lFeHhId0FNVDRaRjlxSVwvaWtLOXlcL1dERjJzYTBTc3l4Q3lnOE9zWWNzbnY3czIwZ0dBS09nTWhjU2hUaFlWTm80Wm9YT05PdFRZWFV6VUs1ejRpSlFqeXZTK2Z5RWtnZklLSnl2Z2ZNYXN4dzNFQjd4WHM2TWNtUFM1TE4yWFI0YXROSUlsanNJMm4xM2p4bHZVYmhtakNUK0FIeXg2amtXb0psNmFNamFRU0FIUUhhT0hwT01KVE9lT0k5NmRJUDNSc0QxWXpid1RcL2FGVGlKcUFLaDBDMTRvSkZ2akZIXC9xN05lYmJ4c2ljU2dTOTIzZ0tXYlJwQUtFV0JPdDJQdHo0RVNPazYwNXppV0dYT0FQdTZPXC9nNUFwTHdXYkRUNE8zNWJMRjJjU3pnUWNGSlRIZ1NsTEVvbDBOMGVYa1hsMnZiQStyRWhVVjJ4Y1ZnPT0iLCJtYWMiOiIzMTI4NzM2MzVmNGY4YmZjMjlmZTkzYWI5ZjA5NmExMDMxM2NiMDNlMTI5MWI3Mzc4NjY4YzI2MTg3ZDMxZWJkIn0=','2022-02-24 03:00:59','2022-02-24 03:00:59','USD'),('fe7d6770-951d-11ec-828d-b5a19d0fe540','aaron.lubowitz','$2y$10$BDQFCK7dT/2p1sXHQcaF0usXp5rJBIlKXJtw9fuqeefNNm9U4vROu',NULL,'$2y$10$8em72eM6SYSddpc3iDE/8u6vdwNhGM4WTE1WFFsvyj4.54y36.B6K',NULL,NULL,0,'F7DVSB',NULL,NULL,'test','eyJpdiI6Ill6ODFrMDhsZGhCUkFTQ2NHOVVEc1E9PSIsInZhbHVlIjoidmxkeEx1ZHJ1UnYxMTNLWXExVCtBeG9sR3V1ZFY4VnIwK1duZWE1WnpKM1RrZlwvVkdXMnkxSWhoRVwvMlwvdWE0WU1jOXlsSWVBYlFkQVAzS0FFelhRRFFPcUE0Tzl2YzB1K0c4R3ROaEt5UzhJdTZKNHViTmMySWh4bWVcLzN1bXBYbExhRmpZcmUyNmVjeDU1eHh2WGgydWdwclwvQk00R2lvbHIzYmRjbDMyMmcwQjc0clwvUitiZkJ3R3VcL0V0MFZ3YStRaE9CSTdyalwvWmRudW5uV0IySkpcLzl0Nkk0cXFyR3NSemk4bFpmaUFMcnptT1hQSlRZajk0a1pOalN3d29STlBsNGtzMFwvTG5sazBpUExmb2N5R21uR0k3Nkt5bXJQelRCNStYYXhOM1pTNlNpNjVoNmdoSEZFTmlcL1k2THRTcjI2eXBCanJVemdjSndPNkJmZHA3d3c9PSIsIm1hYyI6ImZhZTg5NDM3YTQ1Yzk0MjgwYzhmMjMxNWFiODA3MmE2Mjk0NTgxM2UzYTI5ODEwMzQ3ZGZmZDZjOTFhZGJiMWUifQ==','eyJpdiI6ImJJd0txNTA2S1V2S01nblNuU2VPYnc9PSIsInZhbHVlIjoiVVhoTjBOZ29aOU85Y0hXM2c2WVZkYkRlclFMTXd6K2VxRnZibUNYVUdaZXErd053aXIwUk93MlFiejhMUFdLVjltdTNlaVl1dVk2ZFRwaHZZY2doMzkxR3JnWjAyYmlDU3FxTmhrZVV3VEdQTW56cFVoWVNRVFFHODhJRDhSbkdjb01Hbk4wdUVWdFJNTW5Sa1Q2RUhFNjRNSTZtMHlGM0I4b0UxK2tGV0V6MmxaTTlwd29ZTjVNMTlvdXRTRFFRbVhyc085dU1zUEhqRlUydmVHaW9WMGE2WU5nR1h1OWFweTgrOSsraEpQU2Nzd2hMS0txbDRJRVVOZjFcL0M0QjN4SHJuUHRNc2pYNWxlajNnTERMNjFEaFc2U0Y0R25tenU0d0lWbU96bnoyZDdES1ZPdmc5T0JPTVZUbVp2YjU2SE1rWGM3WHUwS0RETmgrbHhLejJUUT09IiwibWFjIjoiN2UwNzI5YTMwZWJjYzlhNTc0MjhkYjk1ZGI4YWNiZTVhYWUxMjMwZThlODdlNWYyNGNmM2EyNWE3ZjUxMmYxZiJ9','2022-02-24 03:00:59','2022-02-24 03:00:59','USD'),('feadcd80-951d-11ec-8ccd-618f19a2779b','cole.jaida','$2y$10$2AC6hCFWuWSfoaFFLIQJ.eMF9PXh7gRERbGNx0CxiSU0H3zUzZjUm',NULL,'$2y$10$pjUiMwsg75luxAHAIawE6ONb06olLBTJqhCtGgLSIjOUR0u3fgPfO',NULL,NULL,0,'V25XAJ',NULL,NULL,'test','eyJpdiI6Ik9WdHJNNjVlNW1TYWxidHdGdzNLNnc9PSIsInZhbHVlIjoiV2RTdEZ6K3JDMW9sc1h1Z3FUQk5iK1RlQ2laM0V0Zjk4UnA4UEJZeGVoVDdCSEFyM2VteWRcL0ZzNjlNb2ZpQ3U4dllXTSt6aEZya20zb1djMnVXaXJoYUsrWlMrTEhjNTVFaFJySytBREpUS0pXc0FOdjhiaXY4MVRUN2dvb2tzdllYTTJVUFo2WHpBMlNia3gyR3E4cm04NEozZnlhOG5OZTg5K0FTV0p4VjhiVnM4eUxlRmdUeEpoYVdkdVwveWNsQXpRNXRZWVd4ZUZtYldmMllxMlVObHhUK01WYUdtTVV0SzA1QXppWldmSjliM3kraFZwRlB1K3BXWWErOFcrbGIzOU5XcXp4VXFMSm82MGFqMVF6XC9PSjE2dkdJWm10ZWlJckNGODVPWVoxVHdHQUlkREkwbTUxQWtzVTlrcmR5bWNic2c2UlJndlFIWWJEdUJYd1BZalA3TnZVa0VrZEVUZ1RibjJydWtNPSIsIm1hYyI6IjQ0OTNiMjhjYmI2ZGNmYTI3NThlNWZkMzI0M2FlNmU2OTNiZmM5ODJhMzUyNmEyOGRiZTQyMTg1Yjc5YjA5NjkifQ==','eyJpdiI6ImM2N1RsVWtUdUJodEpUekE5TGYzeHc9PSIsInZhbHVlIjoiZTFIU1JjNXBaQUM4NFR1aW1sN0Y0U1V4b1czSkprS1JqWHExbjZLRTZnUEdKcU8xbG1zcDZIZDRjcDFKRkpYVWFoMnFPbkpnQkRheFIzN0xrTzBMNEU2SFp4RGZwK2pwdkwrSitHWVAxQTA2bk1BalFiczZEOVRpb3BLTkZBeTkzRW1sbm9WWUZ3eE8wS1llVFVlK1ZlM0luWVU2SFZFbEszN2djR3BqbDR0end1QjNtQXpDbTA3ZGlScmtha3BaQTN2azlyS2MxY0hnWTlLM1FBdmVXdXZKTkRUS3NrbUwrXC9ZcTdSZzFJSG9pSVZ2T29ucDdoZmp6dWpSMnFkV2llaWhjZXhLWEtDNEVkekNwSGNxNVB0czJWVmdxWUk1bFJlUFc5VEhabGVCWVNESncyb3krWGhmRlo2UkxLNFwvaXp6Tnh6dHMwcllydmxRUHRvR09zTWc9PSIsIm1hYyI6IjcwZmJmNGFkM2E1NjEzNzQ3MTVlZmFkMWQzYzNiMzZmZjFiYjVjZjgwZDAzZjU0NDA5MDdlODNhZTM2MWVmNGIifQ==','2022-02-24 03:01:00','2022-02-24 03:01:00','USD'),('fedfd200-951d-11ec-8027-a901feee355c','blindgren','$2y$10$wOpRwNH2XROrd5wPtxJ10u0BXjAQWBkCKyqFmsYmpIEEJWCnNmfme',NULL,'$2y$10$ms.VLt4FGRMCKbabAiMxk.4soZC9anrjsmSyvGYbO93MO9STuZHKu',NULL,NULL,0,'AOM1NA',NULL,NULL,'test','eyJpdiI6IkFUNjdETndZVU53M3ZKWTJRRFhielE9PSIsInZhbHVlIjoiZVRpQTBSRU1QM294ekJoVElnRWNkeVZXYTg0bnU0TVNmdm9SQVRyUUQrdWpiWkFsRnNXcnpsYnc0NThzYUpsZFwvY1AyMFNOd0d5NUNWeThCWk9TMGxLWkNNbjNuN01FSDU2aTA1bFVcLzNoZmloUXFxVnRFMmhDUnJGa0xwUXBHZnU3XC9aV1Y0QWF0dDQzQ1JaZW4yVUk0c0VLXC9NNGxOM3g0MzBZUjRPdklMMk9leW1jTWFJVURIaGlmWmlqdWxJOEFHQ1Z0SWhkakFseXM0S1UzaWdVUHNKTVVnT1lEMU1MYlZkODk0ZThZXC9BSG5LQ1wvRnoyRDFDOER3bXRMd3pLQzhcL2k3cjhmaGloR2YwUU5zK1d2RGJzMnNmXC92N0t5ZnY0dUtFRXB6RG9GZm9reldtdktWVE40aEpqV1QxZFRoWEFURXc2ZjU0TkE4RUtTaTlKQVR0ZEtBYlU0SUhmNUg3ckZWSnN5eUxGOTg9IiwibWFjIjoiZDg5OGM0ZTJlMzBiMzkxNTlmYjE1NWI3NDFkYTgxMjAwYTEzMjI4OWM3NDQ0Y2EwYjJmZWRlY2Q1YTJlNGE2NSJ9','eyJpdiI6InlJQkJoeE5ZeVNCYzVWSEZ1T0U3R3c9PSIsInZhbHVlIjoiMFE0dnI5U1BuMkw1TXNQWDZ3YTZ3eUExR1wvYkNRY3B3YmcxWmUyS2doXC9ISThsTllxTG9Hblp4WUJKT1FIcThaelhmMjRZK1pZKzd5UkdxalRYb2tqXC9kbThvSDdMb2FBRkszaTVRNUhWWCtKMVg1c2ZGQjV6bE1NNmlOeGZONm95OFdpZStiOVRjYktwMnFOMHgxV2xCZE40WW9UdnNcLzluNXE0cXE0K0tCcUdcL0RGY0tRUlJqOEtDa2YwcG5GTXZcL3RBSWE0bVZzKzY0aWNTNkdyU2tHQmJxcDUxSjN4Ykdjbm1iN2NMNUZ0OGNCbHowaFd6cDJrN1JIUVlyTW55bDU0YlwveHlHcUo4YWxzbDF0QVdXWVJTUG9QOG1iZHZ5cTBpTFRWaDArMm1YNjdcL1ZGMmZMSHlQWjhJWnpHMlFwUVdcLzlIMGlyWVhiNTJZXC9oWmp2dXR2dz09IiwibWFjIjoiOTJmMDJlZmYzMGZiNDc0Y2E2Nzc5M2QwOTJhMjkyZDQ0Y2Q1YjNkNmZjMDRlNWI5NzdlODU4MTliNTU5NGFkYSJ9','2022-02-24 03:01:00','2022-02-24 03:01:00','USD'),('ff188100-951d-11ec-8ee6-c11ca8ca6331','ogreen','$2y$10$ozErafTX7SYwm3eJIbMJueoJ1x9tA5UWSD.5NeXdwLVbfhhneue.W',NULL,'$2y$10$e0YucUdbQc7FMYPlGizgZuQ0S44Z5BU9iakmFCwhV6Wso3vwXP/bC',NULL,NULL,0,'YVEDFR',NULL,NULL,'test','eyJpdiI6Im1SWlFYUno3MGU4cXJoMTBpbVpZaGc9PSIsInZhbHVlIjoiYVwvRDcyMjMzSEc2YUxpMXgrVDcrUFo5K0JwNEluUENLejR6bjRGRVYrUGNIeEJRNWNvN0loTkpvSGtWOXBXZEdhK1dCV2dlTVwvTzZyTUVuVE50eDJWSlFZRW05WTBWcGt3a2VYRjgyYVVrdnQ5b3N5bWF6WmpubHB0ck5TM3lobFBXeGpIaytpdmdlQjE2ZTNXU3NoMWhmcnhIc3BUMWlKd2k4ekxLbnFMT0ppWXBRN0xzM1M1UkhETVFWT091SklzS1JPTm9hU0JEZmJBdW1GRndXbzZIcStpem45ajFGSVVvT09cL1pBN1B0ZlRiMG9NUHRoUVpodG5ERkU0enlhYzllcjVmajBZaDNiKzhQXC94dkx2eVY4bXpja05TU2dZVTNBV0RQYUUxRUpuQzRxa1pXRU5cL2xOWmFsVHdNRHFlWWVaUmNuV2J1OUZ4bnJXMWx5UE03TEE9PSIsIm1hYyI6ImUzNTgyMDI0ZDQyMzU5N2MwMDgxOTZkZTBiODI1YmNiZDg0YzQyNWQzY2ZiOGY4NTgyNDk5OTdkNDY5NGQxOTYifQ==','eyJpdiI6InJaKzl4dXNGUTlJRnliK2V3WUI4Q0E9PSIsInZhbHVlIjoiTk1vN0JtaWVJeGNOS2ZCdkV6TTdSV2VwazNHaVA3XC92SXNHaDQwN1NtN2VNXC9uSDBsNVpBZHFLVVU2dzBxRXJLTU9HeWtkcnU0Ujh0RFhmYVlYVXJcL0l3NFk0bDYzaXZoeFpNdVYyRGV1aEJjcXlpSmJuMGZXZ3dhdUNvWXB3S05NY0I5VDNQcGswZjhXOWs4S2dJcFRkXC95ZGRWb3h5WWNWV29cL1gzS0oxTDJcL2NuWEVGS2tyaDVqTWVzdmxHN1JMTUcrNmVEcFwvTXdCVDZLWWk3cVI3VFN6WlVFNDFkYXBsaEhzQWdXeWwzdUZFNEJVMVJFV0YwNTFhdVwvbGx4UDFsNEpBODJBcVBIYTJ2QkVLRUowZzhNS1V5RFpqWm01ckVIekxoak1xMkxIeXFDY1F1K0xGblZNS3BpdWdmRmNVbERSdXM2UE5rTkZBejc5M3A0Sktzbnc9PSIsIm1hYyI6IjVlZDlmNzYwY2Y5OTliYzczYWIyYjEzNGM2NTlhMGUyZTYwZjg2MTczYTliZDcwNmU1ZTBlODdkOTIyOGZlOTMifQ==','2022-02-24 03:01:00','2022-02-24 03:01:00','USD'),('ff49e280-951d-11ec-b215-27ee174aed3a','luther28','$2y$10$MsRb8JezOj/VJyWu6KigVe3kbUrCrKPCRe.ilesQpJxDC5GdaCMmy',NULL,'$2y$10$nn8kJR96AOD.WGsiVQRZc.Lb.W45jrIJb4.MQdGcMIVTUiPwSzgNW',NULL,NULL,0,'WAJPU8',NULL,NULL,'test','eyJpdiI6IkRibzFCTUNMWk00MFRQU1dwVXRZSFE9PSIsInZhbHVlIjoiTUxZZHFaZlwvXC8zVHpWZHptbTRjZGQ5OEVoWENmaUNZUkJPRmx0Z2xWczRkV1NJYnV3OTJqTTNXTE8zRE9hTnhESGlvZ1wvNjdualk1Y0hhRTlqemxzYXBKZzBwM1FPcWlMRWdsVnJmdmpVdGxpT0lZbGV5TFJXWHFvdDFKUkFmZXdMZjRRZzVTdTN1QUQxdG1uUksrdlNcL1drVStRVDNoMWpFZUVVQjBBdXJETzVSSGlaU3lOUGNYSGtMRFprbkFVY1NZQ3hwMkUxRDM4YTB1WVhZK20wbmNUQWk3QmxwMUViQ1h4R2U4MjB1OXBhXC9PeUZGQVwvelVSdlU0M2JKSzNJQlo3Nm9pUkIweVl6ZVJBa3dDQWFna01WRFNzdDRoQ1NHZHY1Zm9zd2s0bXI4RmpWWUVKXC9yS0FuaGN4RlVsWU5ndk1ibEF2RW9GbkZCZHNrdkpYVWUzQT09IiwibWFjIjoiNWY4OGUwOGFhMzUzZDU3OTAzMjQ0ZTEzODA0Y2JiMDA4YjYwNmVmMjU5OThjYWQzMTE0Y2VmNTdhNDZkYmE0OSJ9','eyJpdiI6IjRGb082M2F0Rk5TajF0ajBySWtwaVE9PSIsInZhbHVlIjoiVHl3aFwveGpyUVJBcGpDV25BT0VkN3NzVTJuWW85RXNqOXgwdnBja2xcL05zdGJWcXVOaUU1U2d1VnFGczZxUDE0citrRFRBZFgrYkRmeXZNXC9EUWFpZWNPS2thVnFRcDRyVXdRMGlkT2N6bDNMN0phT0lDSk8xaDVXakhoQ2tjTHFQZDJYeFFGekZBejB2dk9OQmM1TWhYZ2xiSlhvTDU5TlVsXC9obHFGbGI1cVNUNW5TZkFIbW9PUUMwcStsRVpIRDFweml4eCtnWktWczFOT2MxMHpRMFF2bjZxaE9wK3hwU1o1VUs2M0NEOTRKWXVUSUVLV3l6ZHdGb2s2bVN5RFE4MmZNZmJzZk9JRElkbldOb3o0V0VaSXlyYUhWRTlzXC80K1F1U0dWcXUwS1wvcUlSZ24zQ2RCQnAwbnNOUVhXYjlzUXlWanh1ZzVcL2NreDk3VjNVcFNHZz09IiwibWFjIjoiY2EwMzZhYTQ0YTk5NzY1NjBlNDQ3NWNkM2NmODU2ODhiOGVjMDFlM2Y2MTExNDBmMTlkZjBiZjM3ZmE5MTBlNCJ9','2022-02-24 03:01:01','2022-02-24 03:01:01','USD'),('ff7ef220-951d-11ec-9d1a-ddfbd28845aa','crist.marjolaine','$2y$10$6MX.BBwcDsjiSotZJU8dauGSqkMB6zgxyOb8/2mUehybC.w1l/SnK',NULL,'$2y$10$hdq/XqnIO0ZXgyWxJKmT4elV.i157XQHQvQQndy9JoeshHVF3t3qS',NULL,NULL,0,'T4PA2G',NULL,NULL,'test','eyJpdiI6InlkZlVMNTVZS0EzVGNPNW5sd1llZEE9PSIsInZhbHVlIjoiU3lvSnBnMUhjbHRRK0ZMVWl5RjdCeU1LNm5yMHBIcGo1d3kxSlFHYWkrSk1QUHFPeFFoMEpVNGlQOU1KcjQxdW1DMnZvV3B0VWpqR3JPSzU5OTNsdjB6RHFXR0o4UUI1a3h3OHh5VWxxR1VPYUdtZXNCRWltaDJnRlc0R3BZbDZIemhMWUJ2SkpBK005YTQzN2VENlwvMDRoczBCRGVpR1p6XC9tOXZTUVI1ZDZiMnNnUlVVRHNxV1JTZ1pab2xMTmRWNkdGajl6UlVRMitEeWFEOGRkVUdWdVoraGliNGYyK2pKczd0cnlyQ2hwNUM4VXNLRnRRK25ZMG9uNmQ1Mkl5aVNWTGZWUVZPTXY1ajZOeVwvQmthQkRNRGNsNUZNNWlEcitISVlNOWhsTkFOR3pJWUJhckhhZjNoT0VVbnU0Zm84NXVYVWJFblNrVUx6eG1ONmprY0FBPT0iLCJtYWMiOiJlMDg0ZWIyY2VhY2Q3NTNiODY0NDRjNTQ1ZDU4MmJlZDNmODgyZDNhYWIxYjhmZjNkZDBjNDYxZjFjODI5ODRlIn0=','eyJpdiI6IndDXC9GSFdUMURuanBiUTJpem9wdmt3PT0iLCJ2YWx1ZSI6IkR2bitDcExMSllZQnhCeDlOTHNVenZOckhiWkFyamV4aDJ3XC9SODE1S2dVT1ZiaGtjcXZQbkVORVd0MXoyeCt1OXpFNXE1YVRYUVZETmh4eWNFamRVazdBblwvT1wvZWNIWE03aVJCNlwvazVuRDlueVIyN1lDeU5VSXpTVVM5ZkFrMmJYSHZYMERManNlUTZxN2xVcUR6V2dEQ241RFdlYUpGaEN4RVwvdGtNR29xTnBYNmhhakc5ekxMQlFKaG9ueEFrZStBNjlEZ2xaak81Z01ZazNFd2hXUnBicnRaV2p1aUNCd1RGbE5UbSswMVB4eWlPTDhUVUJiNVQzMWYrbjV4dXBxUXFPR0phVU9kdW5kYlRNWjV6RFZoMXpPdVcyRys0NG5HTGpZY25Bb0wrUWFDVTZKTDlQUGVYVlJyOGF6NDFRUmM1RzY2YWpDZXJxRnVtMWZwSGZBPT0iLCJtYWMiOiJmYWI4YzBjZTM5N2NkZDc5NzE2ZTgzYTc4NGYyY2I5NTQ5OGIxMGEzYzEyZjk5MTZkMjY3NWVmNjA4ZTUyYTZlIn0=','2022-02-24 03:01:01','2022-02-24 03:01:01','USD'),('ffbde310-951d-11ec-bc4e-03de44f77fd8','wtorphy','$2y$10$h4KyWFLzsZ40QhBK/8naIudRCOB.d0PLaN5LPZYqq6auoZ0Q8pqGi',NULL,'$2y$10$NuCJG9D/AOZGDBK5hBE5PevDnTTKh3EPBkbWAYQc2c2hSaDWhgaC6',NULL,NULL,0,'3MVIXF',NULL,NULL,'test','eyJpdiI6IlBYb25WWGMyU3FXeWZLUmpuaHVlWlE9PSIsInZhbHVlIjoicEtKcUVGUzhsUStISzFVUW1XTW91TmVaREwwaHhOTFJQU2NTS1l3ajFzdVljWlB6cmxEMHVQOWwrbkRWV2JLaDZcL3Jtb0lERUVkaGQ4U0hManE4K0VzQmVzcjE0UWlQWkR3akRjazFKYUx5WmlTVWpGN0ZwU2dReFByZWhhU2lmSmpPZk9HaU5Bbmx6bUtJU2ZtMlpPTE1HanRsS3pCUHlZcmRJT3laWGc2QXRLdHhXNUlyZ29mNHFRVTl3Y0JSSFVaMHRUZTl4OXJ3YWVyb2dPd2U3WnNvTkJwXC9uZFFDUDhUcFdtQmUyc2RMaVdrb3FRTklrZXR5QXJTYmNBUzl2Z2Z4c210bkxOZDJFMDhBU3pCMURNTEhMOVBVUG1cL2dmQXVYWnY3bEZmVXBRTDV4Z0xlTzlTV3Irb3YwWUczR0JmSGg1WXQxZVNjNWtWamFWUXREMEVnPT0iLCJtYWMiOiJjOTNiOWZjZWEzZDBkYTJhNGI1MzQyYTZkODNhNmNhNTYzYWIwODMwNjkwNWJkMmE1NDhjOTNiNzQzMTRmN2ViIn0=','eyJpdiI6Imxmd1wvdkwxWU1WZmF6R1d3VXlBdHB3PT0iLCJ2YWx1ZSI6InE3dk91QWM5MGhEWUVhVURiMGJwOGVQRTAyVlNqenkrTEhNNk5tcUlKTUdQaURqYVwvOXVaK3lNdUYzQ3FXQ1IzUkgyQXNxTnJnbVh2cXl4UlY4cDFBN1ZUM2RzUWYyNWZNV0JHWThKTE9UZDJDMEZvTXVkSHdxQ1lWY1pLN3VcL3FUanBIWEFCczlCT2Q3SVB3WnI2ekFiMXE1RWJSYXNGc3pqZnArbVVycllWUWJmZm9pVmdsWXczK3hOd2FUcUUzOG9YWlwvUDhMRUdZTlRmRXI3bGUxMkZEc3dNcjMwYWRmSFFIeTBwTjhiRmlGaTBtNTZCQ2pBOUtaRG5VcCtlM3NLa2pjMHE1Q3h6Q0doMHdqWkoxRUxpS3dWb1BVN3VIYlc4dytPU0dTK3h4Y3NtUEJPTkpWXC9wM2M1K0cyUmFlQStzUFwvQm5PODNvXC8xNHVjQnIyZUczUT09IiwibWFjIjoiYzVlNjkxN2NmM2JmYjk1ZjI3ZGY1NDc5ODMzYmEwNWY5ZTkzOTgwYmE0MjAzYjc4Y2FjMTYwOWZiZjIxOTUxOSJ9','2022-02-24 03:01:01','2022-02-24 03:01:01','USD'),('fff1dcf0-951d-11ec-967e-7dcae9474867','fausto76','$2y$10$p.A0A6Zp59Zc5FuBKIgKcuSiMPrhmCeJx97B5zX7km4hINy0y7tia',NULL,'$2y$10$tGCtbCkA9nNM1Bs5UtL90uyl4E1.KnYeHB/dwvWU1FizhwhQ.eI5q',NULL,NULL,0,'2EELNB',NULL,NULL,'test','eyJpdiI6IjJpWFpzN2V6bWVBVE5ySTNrajBYN2c9PSIsInZhbHVlIjoiWnVDc0k4SVBiZjBTS0VXVng1ZGNuaVF6djdWRVwvQWc3ODNqRWFpK3VyRWhqcjZ3ZkdtTkNYVERyS1lQdkxFbmFNWEliaHdvd3RITERjWEFQZm9QOUhDTWtLdFBTRDQyNjh2RXdOOWhCc2VnMEJMVWlGK3RrXC9kZEd4Z3pZeER5XC9INGhzQm5yOWk5dEdHZFJCYVdkdHg5NlpEdEpacEhaY0ZCMHArNW1BaEROYVk1YXlXNGVDbDZEdWxLSDlRMk1MU1JjdGRVU3c1MVdjbnE5OXptcDZoMytmZk9sVVJoMXZSbmlyc0NieXNNTWFibGlybEFkYmkwTjZQVEkyaXJNbzNFZ01xWXhFTURwRkVPNkw4NCtRdFwvZHVPTHJSUzlHMlBUR1ZEckNUM1RvZmhGZUtmelQ4c1ZWZHc5XC9WU2RzV0dnVmhmNjRPZlBrQlM2YVkzNUoweEE9PSIsIm1hYyI6IjEzZjBhYzRmZGZlZTE5N2FmMzhlNmZhNWIxOTdmZjE1OTFmMGM3OWMwNDQzOTlhNzgyNTlhM2U2NThhYWIyNzcifQ==','eyJpdiI6InVQRmhsa0tOSzdUYjV6dUM4QkdIUGc9PSIsInZhbHVlIjoiZzN1K1lvaVFrMjcrOFwvaUk1cFRId1RMZ2pyRG1DTW1UZVFnOWNKMTFJaW84bGVWZnRxaHg2OXFqalREd0JBWm9mOVVJeWY5Y2NROUh3NHowVm9lUFZzelJUZlVNcElrdUVXc2JlQnRPN2x6NmZPdGQ1WVlGZ3J5M2dndG5HXC9sR0cweG5qN3V3SW00Z0hFbG05dkhKTW5ObFArOGJ6aHVxcThSQjNqSmM3a0RMVXJTOHFHNk9zekFjM0VVbFpIY1NFUTZ0bUYxSHkrdUg4RW53aXFhdktSczFTWlVRTDF5RjdUN1dmbzF0SmFRRXNPMkRZS09NZUhtVEhPM0hsR3B6ZDZXaGVqMWp5K1RMU2JQV1wvM24xeTg5RWpVWEZrZlhweHYzZ2twZlZoM3dvZWdtSE1DUUdYMjN5VEVlYktLaWhaZUUrb0g1ejhnWTc1MjhmeVpkcFlnPT0iLCJtYWMiOiJjZmIwMWUzZGQ5NjEwN2U0YzhmZDYwMGYzNzdjY2Y4MmNlNzNjNjZjYWE5NTBiNzQ3ZTQ3ZTVlNGE4NzQ1YTVkIn0=','2022-02-24 03:01:02','2022-02-24 03:01:02','USD');
/*!40000 ALTER TABLE `users` ENABLE KEYS */;
UNLOCK TABLES;

--
-- Table structure for table `vendor_purchases`
--

DROP TABLE IF EXISTS `vendor_purchases`;
/*!40101 SET @saved_cs_client     = @@character_set_client */;
/*!40101 SET character_set_client = utf8 */;
CREATE TABLE `vendor_purchases` (
  `id` char(36) COLLATE utf8mb4_unicode_ci NOT NULL,
  `user_id` char(36) COLLATE utf8mb4_unicode_ci NOT NULL,
  `address` text COLLATE utf8mb4_unicode_ci NOT NULL,
  `coin` varchar(10) COLLATE utf8mb4_unicode_ci NOT NULL,
  `amount` decimal(24,12) NOT NULL DEFAULT 0.000000000000,
  `created_at` timestamp NULL DEFAULT NULL,
  `updated_at` timestamp NULL DEFAULT NULL,
  PRIMARY KEY (`id`),
  KEY `vendor_purchases_user_id_foreign` (`user_id`),
  CONSTRAINT `vendor_purchases_user_id_foreign` FOREIGN KEY (`user_id`) REFERENCES `users` (`id`) ON DELETE CASCADE
) ENGINE=InnoDB DEFAULT CHARSET=utf8mb4 COLLATE=utf8mb4_unicode_ci;
/*!40101 SET character_set_client = @saved_cs_client */;

--
-- Dumping data for table `vendor_purchases`
--

LOCK TABLES `vendor_purchases` WRITE;
/*!40000 ALTER TABLE `vendor_purchases` DISABLE KEYS */;
INSERT INTO `vendor_purchases` VALUES ('16d64b20-9562-11ec-9ed3-978182f18029','15314470-9562-11ec-b445-df95261e50a8','','usd',0.000000000000,'2022-02-24 11:08:26','2022-02-24 11:08:26'),('81b048d0-9563-11ec-ae33-e9cb48c94d40','80842030-9563-11ec-9b92-2d547317deac','','usd',0.000000000000,'2022-02-24 11:18:35','2022-02-24 11:18:35'),('d3456e90-9554-11ec-b422-ddf1d418d3dc','d15f72b0-9554-11ec-a5f2-47545ce231a3','','usd',0.000000000000,'2022-02-24 09:33:29','2022-02-24 09:33:29');
/*!40000 ALTER TABLE `vendor_purchases` ENABLE KEYS */;
UNLOCK TABLES;

--
-- Table structure for table `vendors`
--

DROP TABLE IF EXISTS `vendors`;
/*!40101 SET @saved_cs_client     = @@character_set_client */;
/*!40101 SET character_set_client = utf8 */;
CREATE TABLE `vendors` (
  `id` char(36) COLLATE utf8mb4_unicode_ci NOT NULL,
  `vendor_level` int(10) unsigned NOT NULL,
  `experience` int(11) NOT NULL DEFAULT 0,
  `about` text COLLATE utf8mb4_unicode_ci DEFAULT NULL,
  `profilebg` text COLLATE utf8mb4_unicode_ci DEFAULT NULL,
  `trusted` tinyint(1) NOT NULL DEFAULT 0,
  `created_at` timestamp NULL DEFAULT NULL,
  `updated_at` timestamp NULL DEFAULT NULL,
  `can_use_fe` tinyint(1) NOT NULL DEFAULT 0,
  PRIMARY KEY (`id`),
  CONSTRAINT `vendors_id_foreign` FOREIGN KEY (`id`) REFERENCES `users` (`id`) ON DELETE CASCADE
) ENGINE=InnoDB DEFAULT CHARSET=utf8mb4 COLLATE=utf8mb4_unicode_ci;
/*!40101 SET character_set_client = @saved_cs_client */;

--
-- Dumping data for table `vendors`
--

LOCK TABLES `vendors` WRITE;
/*!40000 ALTER TABLE `vendors` DISABLE KEYS */;
INSERT INTO `vendors` VALUES ('00911430-951e-11ec-a33f-43f98e320ebf',0,0,'',NULL,0,'2022-02-24 03:01:03','2022-02-24 03:01:03',0),('01bb5e80-951e-11ec-8efb-8f178534e71b',0,0,'',NULL,0,'2022-02-24 03:01:05','2022-02-24 03:01:05',0),('02c3fbb0-951e-11ec-affb-4992cf58cfc0',0,0,'',NULL,0,'2022-02-24 03:01:07','2022-02-24 03:01:07',0),('03c53f20-951e-11ec-8b6b-99a4dbb457ee',0,0,'',NULL,0,'2022-02-24 03:01:08','2022-02-24 03:01:08',0),('42a1bcc0-951e-11ec-97fa-ef289d061829',0,0,'',NULL,0,'2022-02-24 03:02:54','2022-02-24 03:02:54',0),('44437420-951e-11ec-bcc3-a52816ddd4c3',0,0,'',NULL,0,'2022-02-24 03:02:57','2022-02-24 03:02:57',0),('45e72aa0-951e-11ec-b3cc-9be1bb6debc6',0,0,'',NULL,0,'2022-02-24 03:02:59','2022-02-24 03:02:59',0),('4785e0d0-951e-11ec-81b5-8fb04fa7ba3e',0,0,'',NULL,0,'2022-02-24 03:03:02','2022-02-24 03:03:02',0),('48899f40-951e-11ec-928c-bd81155bcadb',0,0,'',NULL,0,'2022-02-24 03:03:04','2022-02-24 03:03:04',0),('49a32230-951e-11ec-ac78-ad43e3499b02',0,0,'',NULL,0,'2022-02-24 03:03:07','2022-02-24 03:03:07',0),('4b478110-951e-11ec-b143-3926d8bcf78e',0,0,'',NULL,0,'2022-02-24 03:03:08','2022-02-24 03:03:08',0),('4cf4a490-951e-11ec-964b-ff11567f12e6',0,0,'',NULL,0,'2022-02-24 03:03:11','2022-02-24 03:03:11',0),('4dff0fe0-951e-11ec-aeaf-394377d63aee',0,0,'',NULL,0,'2022-02-24 03:03:13','2022-02-24 03:03:13',0),('4efaa190-951e-11ec-93a2-af79d7132f64',0,0,'',NULL,0,'2022-02-24 03:03:14','2022-02-24 03:03:14',0),('f96af970-951d-11ec-8efc-a1c1d5aa29ca',0,0,'',NULL,0,'2022-02-24 03:00:51','2022-02-24 03:00:51',0),('f9aea3e0-951d-11ec-b0ef-7952154df8eb',0,0,'',NULL,0,'2022-02-24 03:00:52','2022-02-24 03:00:52',0),('facf3670-951d-11ec-8204-67ac57c3a213',0,0,'',NULL,0,'2022-02-24 03:00:53','2022-02-24 03:00:53',0),('fbcd9450-951d-11ec-84b1-63d5757e4fb2',0,0,'',NULL,0,'2022-02-24 03:00:55','2022-02-24 03:00:55',0),('fcd54360-951d-11ec-8e7b-e902930b2ba1',0,0,'',NULL,0,'2022-02-24 03:00:57','2022-02-24 03:00:57',0),('fe7d6770-951d-11ec-828d-b5a19d0fe540',0,0,'',NULL,0,'2022-02-24 03:00:59','2022-02-24 03:00:59',0),('ff7ef220-951d-11ec-9d1a-ddfbd28845aa',0,0,'',NULL,0,'2022-02-24 03:01:01','2022-02-24 03:01:01',0);
/*!40000 ALTER TABLE `vendors` ENABLE KEYS */;
UNLOCK TABLES;

--
-- Table structure for table `wishlists`
--

DROP TABLE IF EXISTS `wishlists`;
/*!40101 SET @saved_cs_client     = @@character_set_client */;
/*!40101 SET character_set_client = utf8 */;
CREATE TABLE `wishlists` (
  `user_id` char(36) COLLATE utf8mb4_unicode_ci NOT NULL,
  `product_id` char(36) COLLATE utf8mb4_unicode_ci NOT NULL,
  `created_at` timestamp NULL DEFAULT NULL,
  `updated_at` timestamp NULL DEFAULT NULL,
  PRIMARY KEY (`user_id`,`product_id`)
) ENGINE=InnoDB DEFAULT CHARSET=utf8mb4 COLLATE=utf8mb4_unicode_ci;
/*!40101 SET character_set_client = @saved_cs_client */;

--
-- Dumping data for table `wishlists`
--

LOCK TABLES `wishlists` WRITE;
/*!40000 ALTER TABLE `wishlists` DISABLE KEYS */;
/*!40000 ALTER TABLE `wishlists` ENABLE KEYS */;
UNLOCK TABLES;
/*!40103 SET TIME_ZONE=@OLD_TIME_ZONE */;

/*!40101 SET SQL_MODE=@OLD_SQL_MODE */;
/*!40014 SET FOREIGN_KEY_CHECKS=@OLD_FOREIGN_KEY_CHECKS */;
/*!40014 SET UNIQUE_CHECKS=@OLD_UNIQUE_CHECKS */;
/*!40101 SET CHARACTER_SET_CLIENT=@OLD_CHARACTER_SET_CLIENT */;
/*!40101 SET CHARACTER_SET_RESULTS=@OLD_CHARACTER_SET_RESULTS */;
/*!40101 SET COLLATION_CONNECTION=@OLD_COLLATION_CONNECTION */;
/*!40111 SET SQL_NOTES=@OLD_SQL_NOTES */;

-- Dump completed on 2022-02-24 12:30:34
